severity,issue_id,normalized_row_id,source_id,response_type,source_table,source_row,message,expected,observed
blocker,variance_missing,EXTRACTION_RATES-2,dde85c3e-6c0d-4057-9a5a-116138865992,rate,data/extraction/EXTRACTION_RATES.csv,2,Extracted row lacks variance or raw-count information.,,
blocker,time_or_duration_missing,EXTRACTION_RATES-2,dde85c3e-6c0d-4057-9a5a-116138865992,rate,data/extraction/EXTRACTION_RATES.csv,2,"Extracted row has no timepoint, interval, or duration.",,
blocker,source_provenance_missing,EXTRACTION_RATES-2,dde85c3e-6c0d-4057-9a5a-116138865992,rate,data/extraction/EXTRACTION_RATES.csv,2,Exact figure/table label is missing.,,
blocker,page_missing,EXTRACTION_RATES-2,dde85c3e-6c0d-4057-9a5a-116138865992,rate,data/extraction/EXTRACTION_RATES.csv,2,PDF page is missing.,,
blocker,qa_status_not_ready,EXTRACTION_RATES-2,dde85c3e-6c0d-4057-9a5a-116138865992,rate,data/extraction/EXTRACTION_RATES.csv,2,Extracted row has not passed independent QC.,analysis_ready | qc_passed | ready_for_analysis,needs_source_provenance_review
blocker,time_or_duration_missing,EXTRACTION_RATES-3,09f69156-3ca0-4bf2-98e2-fe2b25612587,rate,data/extraction/EXTRACTION_RATES.csv,3,"Extracted row has no timepoint, interval, or duration.",,
blocker,source_provenance_missing,EXTRACTION_RATES-3,09f69156-3ca0-4bf2-98e2-fe2b25612587,rate,data/extraction/EXTRACTION_RATES.csv,3,Exact figure/table label is missing.,,
blocker,page_missing,EXTRACTION_RATES-3,09f69156-3ca0-4bf2-98e2-fe2b25612587,rate,data/extraction/EXTRACTION_RATES.csv,3,PDF page is missing.,,
blocker,qa_status_not_ready,EXTRACTION_RATES-3,09f69156-3ca0-4bf2-98e2-fe2b25612587,rate,data/extraction/EXTRACTION_RATES.csv,3,Extracted row has not passed independent QC.,analysis_ready | qc_passed | ready_for_analysis,needs_source_provenance_review
blocker,time_or_duration_missing,EXTRACTION_RATES-4,84a7b2a4-6982-4dce-a39a-2d4f07d0176b,rate,data/extraction/EXTRACTION_RATES.csv,4,"Extracted row has no timepoint, interval, or duration.",,
blocker,source_provenance_missing,EXTRACTION_RATES-4,84a7b2a4-6982-4dce-a39a-2d4f07d0176b,rate,data/extraction/EXTRACTION_RATES.csv,4,Exact figure/table label is missing.,,
blocker,page_missing,EXTRACTION_RATES-4,84a7b2a4-6982-4dce-a39a-2d4f07d0176b,rate,data/extraction/EXTRACTION_RATES.csv,4,PDF page is missing.,,
blocker,qa_status_not_ready,EXTRACTION_RATES-4,84a7b2a4-6982-4dce-a39a-2d4f07d0176b,rate,data/extraction/EXTRACTION_RATES.csv,4,Extracted row has not passed independent QC.,analysis_ready | qc_passed | ready_for_analysis,needs_source_provenance_review
blocker,time_or_duration_missing,EXTRACTION_RATES-5,1d9e4e6d-fe25-4609-b0ac-78fdb306c80b,rate,data/extraction/EXTRACTION_RATES.csv,5,"Extracted row has no timepoint, interval, or duration.",,
blocker,source_provenance_missing,EXTRACTION_RATES-5,1d9e4e6d-fe25-4609-b0ac-78fdb306c80b,rate,data/extraction/EXTRACTION_RATES.csv,5,Exact figure/table label is missing.,,
blocker,page_missing,EXTRACTION_RATES-5,1d9e4e6d-fe25-4609-b0ac-78fdb306c80b,rate,data/extraction/EXTRACTION_RATES.csv,5,PDF page is missing.,,
blocker,qa_status_not_ready,EXTRACTION_RATES-5,1d9e4e6d-fe25-4609-b0ac-78fdb306c80b,rate,data/extraction/EXTRACTION_RATES.csv,5,Extracted row has not passed independent QC.,analysis_ready | qc_passed | ready_for_analysis,needs_source_provenance_review
blocker,time_or_duration_missing,EXTRACTION_RATES-6,b269f689-c2c5-48a1-8ecb-f284c3ed7edc,rate,data/extraction/EXTRACTION_RATES.csv,6,"Extracted row has no timepoint, interval, or duration.",,
blocker,source_provenance_missing,EXTRACTION_RATES-6,b269f689-c2c5-48a1-8ecb-f284c3ed7edc,rate,data/extraction/EXTRACTION_RATES.csv,6,Exact figure/table label is missing.,,
blocker,page_missing,EXTRACTION_RATES-6,b269f689-c2c5-48a1-8ecb-f284c3ed7edc,rate,data/extraction/EXTRACTION_RATES.csv,6,PDF page is missing.,,
blocker,qa_status_not_ready,EXTRACTION_RATES-6,b269f689-c2c5-48a1-8ecb-f284c3ed7edc,rate,data/extraction/EXTRACTION_RATES.csv,6,Extracted row has not passed independent QC.,analysis_ready | qc_passed | ready_for_analysis,needs_source_provenance_review
blocker,time_or_duration_missing,EXTRACTION_RATES-7,65ccf3b6-92c0-416b-93ba-1cfd827b1ba1,rate,data/extraction/EXTRACTION_RATES.csv,7,"Extracted row has no timepoint, interval, or duration.",,
blocker,source_provenance_missing,EXTRACTION_RATES-7,65ccf3b6-92c0-416b-93ba-1cfd827b1ba1,rate,data/extraction/EXTRACTION_RATES.csv,7,Exact figure/table label is missing.,,
blocker,page_missing,EXTRACTION_RATES-7,65ccf3b6-92c0-416b-93ba-1cfd827b1ba1,rate,data/extraction/EXTRACTION_RATES.csv,7,PDF page is missing.,,
blocker,qa_status_not_ready,EXTRACTION_RATES-7,65ccf3b6-92c0-416b-93ba-1cfd827b1ba1,rate,data/extraction/EXTRACTION_RATES.csv,7,Extracted row has not passed independent QC.,analysis_ready | qc_passed | ready_for_analysis,needs_source_provenance_review
blocker,time_or_duration_missing,EXTRACTION_RATES-8,b9536b7f-eb24-428a-8a9f-9750a74faa1f,rate,data/extraction/EXTRACTION_RATES.csv,8,"Extracted row has no timepoint, interval, or duration.",,
blocker,source_provenance_missing,EXTRACTION_RATES-8,b9536b7f-eb24-428a-8a9f-9750a74faa1f,rate,data/extraction/EXTRACTION_RATES.csv,8,Exact figure/table label is missing.,,
blocker,page_missing,EXTRACTION_RATES-8,b9536b7f-eb24-428a-8a9f-9750a74faa1f,rate,data/extraction/EXTRACTION_RATES.csv,8,PDF page is missing.,,
blocker,qa_status_not_ready,EXTRACTION_RATES-8,b9536b7f-eb24-428a-8a9f-9750a74faa1f,rate,data/extraction/EXTRACTION_RATES.csv,8,Extracted row has not passed independent QC.,analysis_ready | qc_passed | ready_for_analysis,needs_source_provenance_review
blocker,source_provenance_missing,EXTRACTION_FITNESS-2,2b8676ad-34ad-450c-8649-095d5be68458,reproduction,data/extraction/EXTRACTION_FITNESS.csv,2,Exact figure/table label is missing.,,
blocker,page_missing,EXTRACTION_FITNESS-2,2b8676ad-34ad-450c-8649-095d5be68458,reproduction,data/extraction/EXTRACTION_FITNESS.csv,2,PDF page is missing.,,
blocker,qa_status_not_ready,EXTRACTION_FITNESS-2,2b8676ad-34ad-450c-8649-095d5be68458,reproduction,data/extraction/EXTRACTION_FITNESS.csv,2,Extracted row has not passed independent QC.,analysis_ready | qc_passed | ready_for_analysis,needs_source_provenance_review
blocker,source_provenance_missing,EXTRACTION_FITNESS-3,2b8676ad-34ad-450c-8649-095d5be68458,reproduction,data/extraction/EXTRACTION_FITNESS.csv,3,Exact figure/table label is missing.,,
blocker,page_missing,EXTRACTION_FITNESS-3,2b8676ad-34ad-450c-8649-095d5be68458,reproduction,data/extraction/EXTRACTION_FITNESS.csv,3,PDF page is missing.,,
blocker,qa_status_not_ready,EXTRACTION_FITNESS-3,2b8676ad-34ad-450c-8649-095d5be68458,reproduction,data/extraction/EXTRACTION_FITNESS.csv,3,Extracted row has not passed independent QC.,analysis_ready | qc_passed | ready_for_analysis,needs_source_provenance_review
blocker,source_provenance_missing,EXTRACTION_FITNESS-4,a3b88246-eb7f-49ed-a997-67c6d36e9413,reproduction,data/extraction/EXTRACTION_FITNESS.csv,4,Exact figure/table label is missing.,,
blocker,page_missing,EXTRACTION_FITNESS-4,a3b88246-eb7f-49ed-a997-67c6d36e9413,reproduction,data/extraction/EXTRACTION_FITNESS.csv,4,PDF page is missing.,,
blocker,qa_status_not_ready,EXTRACTION_FITNESS-4,a3b88246-eb7f-49ed-a997-67c6d36e9413,reproduction,data/extraction/EXTRACTION_FITNESS.csv,4,Extracted row has not passed independent QC.,analysis_ready | qc_passed | ready_for_analysis,needs_source_provenance_review
blocker,source_provenance_missing,EXTRACTION_FITNESS-5,2e76dce4-6cb4-46c0-b8c4-a1cc91b1578c,reproduction,data/extraction/EXTRACTION_FITNESS.csv,5,Exact figure/table label is missing.,,
blocker,page_missing,EXTRACTION_FITNESS-5,2e76dce4-6cb4-46c0-b8c4-a1cc91b1578c,reproduction,data/extraction/EXTRACTION_FITNESS.csv,5,PDF page is missing.,,
blocker,qa_status_not_ready,EXTRACTION_FITNESS-5,2e76dce4-6cb4-46c0-b8c4-a1cc91b1578c,reproduction,data/extraction/EXTRACTION_FITNESS.csv,5,Extracted row has not passed independent QC.,analysis_ready | qc_passed | ready_for_analysis,needs_source_provenance_review
blocker,source_provenance_missing,EXTRACTION_FITNESS-6,2e76dce4-6cb4-46c0-b8c4-a1cc91b1578c,reproduction,data/extraction/EXTRACTION_FITNESS.csv,6,Exact figure/table label is missing.,,
blocker,page_missing,EXTRACTION_FITNESS-6,2e76dce4-6cb4-46c0-b8c4-a1cc91b1578c,reproduction,data/extraction/EXTRACTION_FITNESS.csv,6,PDF page is missing.,,
blocker,qa_status_not_ready,EXTRACTION_FITNESS-6,2e76dce4-6cb4-46c0-b8c4-a1cc91b1578c,reproduction,data/extraction/EXTRACTION_FITNESS.csv,6,Extracted row has not passed independent QC.,analysis_ready | qc_passed | ready_for_analysis,needs_source_provenance_review
blocker,source_provenance_missing,EXTRACTION_FITNESS-7,6dffe94d-a664-4a6c-8daf-f25ecfa5b50d,reproduction,data/extraction/EXTRACTION_FITNESS.csv,7,Exact figure/table label is missing.,,
blocker,page_missing,EXTRACTION_FITNESS-7,6dffe94d-a664-4a6c-8daf-f25ecfa5b50d,reproduction,data/extraction/EXTRACTION_FITNESS.csv,7,PDF page is missing.,,
blocker,qa_status_not_ready,EXTRACTION_FITNESS-7,6dffe94d-a664-4a6c-8daf-f25ecfa5b50d,reproduction,data/extraction/EXTRACTION_FITNESS.csv,7,Extracted row has not passed independent QC.,analysis_ready | qc_passed | ready_for_analysis,needs_source_provenance_review
blocker,source_provenance_missing,EXTRACTION_FITNESS-8,635d9cb2-270b-4bcc-b676-c84b81b0620b,reproduction,data/extraction/EXTRACTION_FITNESS.csv,8,Exact figure/table label is missing.,,
blocker,page_missing,EXTRACTION_FITNESS-8,635d9cb2-270b-4bcc-b676-c84b81b0620b,reproduction,data/extraction/EXTRACTION_FITNESS.csv,8,PDF page is missing.,,
blocker,qa_status_not_ready,EXTRACTION_FITNESS-8,635d9cb2-270b-4bcc-b676-c84b81b0620b,reproduction,data/extraction/EXTRACTION_FITNESS.csv,8,Extracted row has not passed independent QC.,analysis_ready | qc_passed | ready_for_analysis,needs_source_provenance_review
blocker,source_provenance_missing,EXTRACTION_FITNESS-9,e1fe67b6-7beb-43ff-bb09-b0b2262e6d05,reproduction,data/extraction/EXTRACTION_FITNESS.csv,9,Exact figure/table label is missing.,,
blocker,page_missing,EXTRACTION_FITNESS-9,e1fe67b6-7beb-43ff-bb09-b0b2262e6d05,reproduction,data/extraction/EXTRACTION_FITNESS.csv,9,PDF page is missing.,,
blocker,qa_status_not_ready,EXTRACTION_FITNESS-9,e1fe67b6-7beb-43ff-bb09-b0b2262e6d05,reproduction,data/extraction/EXTRACTION_FITNESS.csv,9,Extracted row has not passed independent QC.,analysis_ready | qc_passed | ready_for_analysis,needs_source_provenance_review
blocker,source_provenance_missing,EXTRACTION_FITNESS-10,fe532d7a-f878-4a85-962a-7de43d06a80c,reproduction,data/extraction/EXTRACTION_FITNESS.csv,10,Exact figure/table label is missing.,,
blocker,page_missing,EXTRACTION_FITNESS-10,fe532d7a-f878-4a85-962a-7de43d06a80c,reproduction,data/extraction/EXTRACTION_FITNESS.csv,10,PDF page is missing.,,
blocker,qa_status_not_ready,EXTRACTION_FITNESS-10,fe532d7a-f878-4a85-962a-7de43d06a80c,reproduction,data/extraction/EXTRACTION_FITNESS.csv,10,Extracted row has not passed independent QC.,analysis_ready | qc_passed | ready_for_analysis,needs_source_provenance_review
blocker,time_or_duration_missing,EXTRACTION_FITNESS-11,26babed0-9e6c-4621-9dca-9253eb39b9fb,growth,data/extraction/EXTRACTION_FITNESS.csv,11,"Extracted row has no timepoint, interval, or duration.",,
blocker,source_provenance_missing,EXTRACTION_FITNESS-11,26babed0-9e6c-4621-9dca-9253eb39b9fb,growth,data/extraction/EXTRACTION_FITNESS.csv,11,Exact figure/table label is missing.,,
blocker,page_missing,EXTRACTION_FITNESS-11,26babed0-9e6c-4621-9dca-9253eb39b9fb,growth,data/extraction/EXTRACTION_FITNESS.csv,11,PDF page is missing.,,
blocker,qa_status_not_ready,EXTRACTION_FITNESS-11,26babed0-9e6c-4621-9dca-9253eb39b9fb,growth,data/extraction/EXTRACTION_FITNESS.csv,11,Extracted row has not passed independent QC.,analysis_ready | qc_passed | ready_for_analysis,needs_source_provenance_review
blocker,time_or_duration_missing,EXTRACTION_FITNESS-12,26babed0-9e6c-4621-9dca-9253eb39b9fb,growth,data/extraction/EXTRACTION_FITNESS.csv,12,"Extracted row has no timepoint, interval, or duration.",,
blocker,source_provenance_missing,EXTRACTION_FITNESS-12,26babed0-9e6c-4621-9dca-9253eb39b9fb,growth,data/extraction/EXTRACTION_FITNESS.csv,12,Exact figure/table label is missing.,,
blocker,page_missing,EXTRACTION_FITNESS-12,26babed0-9e6c-4621-9dca-9253eb39b9fb,growth,data/extraction/EXTRACTION_FITNESS.csv,12,PDF page is missing.,,
blocker,qa_status_not_ready,EXTRACTION_FITNESS-12,26babed0-9e6c-4621-9dca-9253eb39b9fb,growth,data/extraction/EXTRACTION_FITNESS.csv,12,Extracted row has not passed independent QC.,analysis_ready | qc_passed | ready_for_analysis,needs_source_provenance_review
blocker,time_or_duration_missing,EXTRACTION_FITNESS-13,b0949a7c-520e-4a37-af04-25979598ec2d,growth,data/extraction/EXTRACTION_FITNESS.csv,13,"Extracted row has no timepoint, interval, or duration.",,
blocker,source_provenance_missing,EXTRACTION_FITNESS-13,b0949a7c-520e-4a37-af04-25979598ec2d,growth,data/extraction/EXTRACTION_FITNESS.csv,13,Exact figure/table label is missing.,,
blocker,page_missing,EXTRACTION_FITNESS-13,b0949a7c-520e-4a37-af04-25979598ec2d,growth,data/extraction/EXTRACTION_FITNESS.csv,13,PDF page is missing.,,
blocker,qa_status_not_ready,EXTRACTION_FITNESS-13,b0949a7c-520e-4a37-af04-25979598ec2d,growth,data/extraction/EXTRACTION_FITNESS.csv,13,Extracted row has not passed independent QC.,analysis_ready | qc_passed | ready_for_analysis,needs_source_provenance_review
blocker,time_or_duration_missing,EXTRACTION_FITNESS-14,b0949a7c-520e-4a37-af04-25979598ec2d,growth,data/extraction/EXTRACTION_FITNESS.csv,14,"Extracted row has no timepoint, interval, or duration.",,
blocker,source_provenance_missing,EXTRACTION_FITNESS-14,b0949a7c-520e-4a37-af04-25979598ec2d,growth,data/extraction/EXTRACTION_FITNESS.csv,14,Exact figure/table label is missing.,,
blocker,page_missing,EXTRACTION_FITNESS-14,b0949a7c-520e-4a37-af04-25979598ec2d,growth,data/extraction/EXTRACTION_FITNESS.csv,14,PDF page is missing.,,
blocker,qa_status_not_ready,EXTRACTION_FITNESS-14,b0949a7c-520e-4a37-af04-25979598ec2d,growth,data/extraction/EXTRACTION_FITNESS.csv,14,Extracted row has not passed independent QC.,analysis_ready | qc_passed | ready_for_analysis,needs_source_provenance_review
blocker,time_or_duration_missing,EXTRACTION_FITNESS-15,2e3b055f-28df-4def-97aa-660ac537a95f,growth,data/extraction/EXTRACTION_FITNESS.csv,15,"Extracted row has no timepoint, interval, or duration.",,
blocker,source_provenance_missing,EXTRACTION_FITNESS-15,2e3b055f-28df-4def-97aa-660ac537a95f,growth,data/extraction/EXTRACTION_FITNESS.csv,15,Exact figure/table label is missing.,,
blocker,page_missing,EXTRACTION_FITNESS-15,2e3b055f-28df-4def-97aa-660ac537a95f,growth,data/extraction/EXTRACTION_FITNESS.csv,15,PDF page is missing.,,
blocker,qa_status_not_ready,EXTRACTION_FITNESS-15,2e3b055f-28df-4def-97aa-660ac537a95f,growth,data/extraction/EXTRACTION_FITNESS.csv,15,Extracted row has not passed independent QC.,analysis_ready | qc_passed | ready_for_analysis,needs_source_provenance_review
blocker,time_or_duration_missing,EXTRACTION_FITNESS-16,c84ce087-58f5-4e19-a373-34f57299f6d0,growth,data/extraction/EXTRACTION_FITNESS.csv,16,"Extracted row has no timepoint, interval, or duration.",,
blocker,source_provenance_missing,EXTRACTION_FITNESS-16,c84ce087-58f5-4e19-a373-34f57299f6d0,growth,data/extraction/EXTRACTION_FITNESS.csv,16,Exact figure/table label is missing.,,
blocker,page_missing,EXTRACTION_FITNESS-16,c84ce087-58f5-4e19-a373-34f57299f6d0,growth,data/extraction/EXTRACTION_FITNESS.csv,16,PDF page is missing.,,
blocker,qa_status_not_ready,EXTRACTION_FITNESS-16,c84ce087-58f5-4e19-a373-34f57299f6d0,growth,data/extraction/EXTRACTION_FITNESS.csv,16,Extracted row has not passed independent QC.,analysis_ready | qc_passed | ready_for_analysis,needs_source_provenance_review
blocker,time_or_duration_missing,EXTRACTION_FITNESS-17,d110a8f5-278e-4ba7-a502-32eb61aed5cb,growth,data/extraction/EXTRACTION_FITNESS.csv,17,"Extracted row has no timepoint, interval, or duration.",,
blocker,source_provenance_missing,EXTRACTION_FITNESS-17,d110a8f5-278e-4ba7-a502-32eb61aed5cb,growth,data/extraction/EXTRACTION_FITNESS.csv,17,Exact figure/table label is missing.,,
blocker,page_missing,EXTRACTION_FITNESS-17,d110a8f5-278e-4ba7-a502-32eb61aed5cb,growth,data/extraction/EXTRACTION_FITNESS.csv,17,PDF page is missing.,,
blocker,qa_status_not_ready,EXTRACTION_FITNESS-17,d110a8f5-278e-4ba7-a502-32eb61aed5cb,growth,data/extraction/EXTRACTION_FITNESS.csv,17,Extracted row has not passed independent QC.,analysis_ready | qc_passed | ready_for_analysis,needs_source_provenance_review
blocker,sample_size_missing,EXTRACTION_SURVIVAL-2,6dffe94d-a664-4a6c-8daf-f25ecfa5b50d,survival,data/extraction/EXTRACTION_SURVIVAL.csv,2,Extracted row has no sample size.,,
blocker,source_provenance_missing,EXTRACTION_SURVIVAL-2,6dffe94d-a664-4a6c-8daf-f25ecfa5b50d,survival,data/extraction/EXTRACTION_SURVIVAL.csv,2,Exact figure/table label is missing.,,
blocker,page_missing,EXTRACTION_SURVIVAL-2,6dffe94d-a664-4a6c-8daf-f25ecfa5b50d,survival,data/extraction/EXTRACTION_SURVIVAL.csv,2,PDF page is missing.,,
blocker,qa_status_not_ready,EXTRACTION_SURVIVAL-2,6dffe94d-a664-4a6c-8daf-f25ecfa5b50d,survival,data/extraction/EXTRACTION_SURVIVAL.csv,2,Extracted row has not passed independent QC.,analysis_ready | qc_passed | ready_for_analysis,needs_source_provenance_review
blocker,sample_size_missing,EXTRACTION_SURVIVAL-3,6dffe94d-a664-4a6c-8daf-f25ecfa5b50d,survival,data/extraction/EXTRACTION_SURVIVAL.csv,3,Extracted row has no sample size.,,
blocker,source_provenance_missing,EXTRACTION_SURVIVAL-3,6dffe94d-a664-4a6c-8daf-f25ecfa5b50d,survival,data/extraction/EXTRACTION_SURVIVAL.csv,3,Exact figure/table label is missing.,,
blocker,page_missing,EXTRACTION_SURVIVAL-3,6dffe94d-a664-4a6c-8daf-f25ecfa5b50d,survival,data/extraction/EXTRACTION_SURVIVAL.csv,3,PDF page is missing.,,
blocker,qa_status_not_ready,EXTRACTION_SURVIVAL-3,6dffe94d-a664-4a6c-8daf-f25ecfa5b50d,survival,data/extraction/EXTRACTION_SURVIVAL.csv,3,Extracted row has not passed independent QC.,analysis_ready | qc_passed | ready_for_analysis,needs_source_provenance_review
blocker,sample_size_missing,EXTRACTION_SURVIVAL-4,002a60bc-55c8-4fdb-860a-1169fc99b2a8,survival,data/extraction/EXTRACTION_SURVIVAL.csv,4,Extracted row has no sample size.,,
blocker,source_provenance_missing,EXTRACTION_SURVIVAL-4,002a60bc-55c8-4fdb-860a-1169fc99b2a8,survival,data/extraction/EXTRACTION_SURVIVAL.csv,4,Exact figure/table label is missing.,,
blocker,page_missing,EXTRACTION_SURVIVAL-4,002a60bc-55c8-4fdb-860a-1169fc99b2a8,survival,data/extraction/EXTRACTION_SURVIVAL.csv,4,PDF page is missing.,,
blocker,qa_status_not_ready,EXTRACTION_SURVIVAL-4,002a60bc-55c8-4fdb-860a-1169fc99b2a8,survival,data/extraction/EXTRACTION_SURVIVAL.csv,4,Extracted row has not passed independent QC.,analysis_ready | qc_passed | ready_for_analysis,needs_source_provenance_review
blocker,sample_size_missing,EXTRACTION_SURVIVAL-5,002a60bc-55c8-4fdb-860a-1169fc99b2a8,survival,data/extraction/EXTRACTION_SURVIVAL.csv,5,Extracted row has no sample size.,,
blocker,source_provenance_missing,EXTRACTION_SURVIVAL-5,002a60bc-55c8-4fdb-860a-1169fc99b2a8,survival,data/extraction/EXTRACTION_SURVIVAL.csv,5,Exact figure/table label is missing.,,
blocker,page_missing,EXTRACTION_SURVIVAL-5,002a60bc-55c8-4fdb-860a-1169fc99b2a8,survival,data/extraction/EXTRACTION_SURVIVAL.csv,5,PDF page is missing.,,
blocker,qa_status_not_ready,EXTRACTION_SURVIVAL-5,002a60bc-55c8-4fdb-860a-1169fc99b2a8,survival,data/extraction/EXTRACTION_SURVIVAL.csv,5,Extracted row has not passed independent QC.,analysis_ready | qc_passed | ready_for_analysis,needs_source_provenance_review
blocker,sample_size_missing,EXTRACTION_SURVIVAL-6,e1fe67b6-7beb-43ff-bb09-b0b2262e6d05,survival,data/extraction/EXTRACTION_SURVIVAL.csv,6,Extracted row has no sample size.,,
blocker,source_provenance_missing,EXTRACTION_SURVIVAL-6,e1fe67b6-7beb-43ff-bb09-b0b2262e6d05,survival,data/extraction/EXTRACTION_SURVIVAL.csv,6,Exact figure/table label is missing.,,
blocker,page_missing,EXTRACTION_SURVIVAL-6,e1fe67b6-7beb-43ff-bb09-b0b2262e6d05,survival,data/extraction/EXTRACTION_SURVIVAL.csv,6,PDF page is missing.,,
blocker,qa_status_not_ready,EXTRACTION_SURVIVAL-6,e1fe67b6-7beb-43ff-bb09-b0b2262e6d05,survival,data/extraction/EXTRACTION_SURVIVAL.csv,6,Extracted row has not passed independent QC.,analysis_ready | qc_passed | ready_for_analysis,needs_source_provenance_review
blocker,sample_size_missing,EXTRACTION_SURVIVAL-7,12e9e864-5ff1-42c4-a63d-19b5d62a7464,survival,data/extraction/EXTRACTION_SURVIVAL.csv,7,Extracted row has no sample size.,,
blocker,source_provenance_missing,EXTRACTION_SURVIVAL-7,12e9e864-5ff1-42c4-a63d-19b5d62a7464,survival,data/extraction/EXTRACTION_SURVIVAL.csv,7,Exact figure/table label is missing.,,
blocker,page_missing,EXTRACTION_SURVIVAL-7,12e9e864-5ff1-42c4-a63d-19b5d62a7464,survival,data/extraction/EXTRACTION_SURVIVAL.csv,7,PDF page is missing.,,
blocker,qa_status_not_ready,EXTRACTION_SURVIVAL-7,12e9e864-5ff1-42c4-a63d-19b5d62a7464,survival,data/extraction/EXTRACTION_SURVIVAL.csv,7,Extracted row has not passed independent QC.,analysis_ready | qc_passed | ready_for_analysis,needs_source_provenance_review
blocker,qa_status_not_ready,RATE_EXTRACTED_OBSERVATIONS-2,c9a7e412-6f2f-4baf-9cde-29e23e6aeeb0,rate,data/extraction/rate/RATE_EXTRACTED_OBSERVATIONS.csv,2,Extracted row has not passed independent QC.,analysis_ready | qc_passed | ready_for_analysis,extracted_needs_independent_qc
blocker,figure_crop_missing,RATE_EXTRACTED_OBSERVATIONS-2,c9a7e412-6f2f-4baf-9cde-29e23e6aeeb0,rate,data/extraction/rate/RATE_EXTRACTED_OBSERVATIONS.csv,2,Figure-derived row has no matching crop-manifest row.,,
blocker,figure_final_clip_missing,RATE_EXTRACTED_OBSERVATIONS-2,c9a7e412-6f2f-4baf-9cde-29e23e6aeeb0,rate,data/extraction/rate/RATE_EXTRACTED_OBSERVATIONS.csv,2,Figure-derived row has no concrete final clip file.,existing final_clip_path without placeholders,blank
blocker,figure_digitized_data_missing,RATE_EXTRACTED_OBSERVATIONS-2,c9a7e412-6f2f-4baf-9cde-29e23e6aeeb0,rate,data/extraction/rate/RATE_EXTRACTED_OBSERVATIONS.csv,2,Figure-derived row has no concrete digitized data CSV.,existing digitized_data_path without placeholders,blank
blocker,variance_missing,RATE_EXTRACTED_OBSERVATIONS-3,12939915-cb9c-4190-9682-7477eb8d2698,rate,data/extraction/rate/RATE_EXTRACTED_OBSERVATIONS.csv,3,Extracted row lacks variance or raw-count information.,,
blocker,qa_status_not_ready,RATE_EXTRACTED_OBSERVATIONS-3,12939915-cb9c-4190-9682-7477eb8d2698,rate,data/extraction/rate/RATE_EXTRACTED_OBSERVATIONS.csv,3,Extracted row has not passed independent QC.,analysis_ready | qc_passed | ready_for_analysis,extracted_needs_independent_qc
blocker,figure_crop_missing,RATE_EXTRACTED_OBSERVATIONS-3,12939915-cb9c-4190-9682-7477eb8d2698,rate,data/extraction/rate/RATE_EXTRACTED_OBSERVATIONS.csv,3,Figure-derived row has no matching crop-manifest row.,,
blocker,figure_final_clip_missing,RATE_EXTRACTED_OBSERVATIONS-3,12939915-cb9c-4190-9682-7477eb8d2698,rate,data/extraction/rate/RATE_EXTRACTED_OBSERVATIONS.csv,3,Figure-derived row has no concrete final clip file.,existing final_clip_path without placeholders,blank
blocker,figure_digitized_data_missing,RATE_EXTRACTED_OBSERVATIONS-3,12939915-cb9c-4190-9682-7477eb8d2698,rate,data/extraction/rate/RATE_EXTRACTED_OBSERVATIONS.csv,3,Figure-derived row has no concrete digitized data CSV.,existing digitized_data_path without placeholders,blank
blocker,variance_missing,RATE_EXTRACTED_OBSERVATIONS-4,12939915-cb9c-4190-9682-7477eb8d2698,rate,data/extraction/rate/RATE_EXTRACTED_OBSERVATIONS.csv,4,Extracted row lacks variance or raw-count information.,,
blocker,qa_status_not_ready,RATE_EXTRACTED_OBSERVATIONS-4,12939915-cb9c-4190-9682-7477eb8d2698,rate,data/extraction/rate/RATE_EXTRACTED_OBSERVATIONS.csv,4,Extracted row has not passed independent QC.,analysis_ready | qc_passed | ready_for_analysis,extracted_needs_independent_qc
blocker,figure_crop_missing,RATE_EXTRACTED_OBSERVATIONS-4,12939915-cb9c-4190-9682-7477eb8d2698,rate,data/extraction/rate/RATE_EXTRACTED_OBSERVATIONS.csv,4,Figure-derived row has no matching crop-manifest row.,,
blocker,figure_final_clip_missing,RATE_EXTRACTED_OBSERVATIONS-4,12939915-cb9c-4190-9682-7477eb8d2698,rate,data/extraction/rate/RATE_EXTRACTED_OBSERVATIONS.csv,4,Figure-derived row has no concrete final clip file.,existing final_clip_path without placeholders,blank
blocker,figure_digitized_data_missing,RATE_EXTRACTED_OBSERVATIONS-4,12939915-cb9c-4190-9682-7477eb8d2698,rate,data/extraction/rate/RATE_EXTRACTED_OBSERVATIONS.csv,4,Figure-derived row has no concrete digitized data CSV.,existing digitized_data_path without placeholders,blank
blocker,variance_missing,RATE_EXTRACTED_OBSERVATIONS-5,12939915-cb9c-4190-9682-7477eb8d2698,rate,data/extraction/rate/RATE_EXTRACTED_OBSERVATIONS.csv,5,Extracted row lacks variance or raw-count information.,,
blocker,qa_status_not_ready,RATE_EXTRACTED_OBSERVATIONS-5,12939915-cb9c-4190-9682-7477eb8d2698,rate,data/extraction/rate/RATE_EXTRACTED_OBSERVATIONS.csv,5,Extracted row has not passed independent QC.,analysis_ready | qc_passed | ready_for_analysis,extracted_needs_independent_qc
blocker,figure_crop_missing,RATE_EXTRACTED_OBSERVATIONS-5,12939915-cb9c-4190-9682-7477eb8d2698,rate,data/extraction/rate/RATE_EXTRACTED_OBSERVATIONS.csv,5,Figure-derived row has no matching crop-manifest row.,,
blocker,figure_final_clip_missing,RATE_EXTRACTED_OBSERVATIONS-5,12939915-cb9c-4190-9682-7477eb8d2698,rate,data/extraction/rate/RATE_EXTRACTED_OBSERVATIONS.csv,5,Figure-derived row has no concrete final clip file.,existing final_clip_path without placeholders,blank
blocker,figure_digitized_data_missing,RATE_EXTRACTED_OBSERVATIONS-5,12939915-cb9c-4190-9682-7477eb8d2698,rate,data/extraction/rate/RATE_EXTRACTED_OBSERVATIONS.csv,5,Figure-derived row has no concrete digitized data CSV.,existing digitized_data_path without placeholders,blank
blocker,variance_missing,RATE_EXTRACTED_OBSERVATIONS-6,12939915-cb9c-4190-9682-7477eb8d2698,rate,data/extraction/rate/RATE_EXTRACTED_OBSERVATIONS.csv,6,Extracted row lacks variance or raw-count information.,,
blocker,qa_status_not_ready,RATE_EXTRACTED_OBSERVATIONS-6,12939915-cb9c-4190-9682-7477eb8d2698,rate,data/extraction/rate/RATE_EXTRACTED_OBSERVATIONS.csv,6,Extracted row has not passed independent QC.,analysis_ready | qc_passed | ready_for_analysis,extracted_needs_independent_qc
blocker,figure_crop_missing,RATE_EXTRACTED_OBSERVATIONS-6,12939915-cb9c-4190-9682-7477eb8d2698,rate,data/extraction/rate/RATE_EXTRACTED_OBSERVATIONS.csv,6,Figure-derived row has no matching crop-manifest row.,,
blocker,figure_final_clip_missing,RATE_EXTRACTED_OBSERVATIONS-6,12939915-cb9c-4190-9682-7477eb8d2698,rate,data/extraction/rate/RATE_EXTRACTED_OBSERVATIONS.csv,6,Figure-derived row has no concrete final clip file.,existing final_clip_path without placeholders,blank
blocker,figure_digitized_data_missing,RATE_EXTRACTED_OBSERVATIONS-6,12939915-cb9c-4190-9682-7477eb8d2698,rate,data/extraction/rate/RATE_EXTRACTED_OBSERVATIONS.csv,6,Figure-derived row has no concrete digitized data CSV.,existing digitized_data_path without placeholders,blank
blocker,qa_status_not_ready,RATE_EXTRACTED_OBSERVATIONS-7,4d1dfa9c-9c0b-438d-bf33-ec928b7d6696,rate,data/extraction/rate/RATE_EXTRACTED_OBSERVATIONS.csv,7,Extracted row has not passed independent QC.,analysis_ready | qc_passed | ready_for_analysis,extracted_needs_independent_qc
blocker,figure_crop_missing,RATE_EXTRACTED_OBSERVATIONS-7,4d1dfa9c-9c0b-438d-bf33-ec928b7d6696,rate,data/extraction/rate/RATE_EXTRACTED_OBSERVATIONS.csv,7,Figure-derived row has no matching crop-manifest row.,,
blocker,figure_final_clip_missing,RATE_EXTRACTED_OBSERVATIONS-7,4d1dfa9c-9c0b-438d-bf33-ec928b7d6696,rate,data/extraction/rate/RATE_EXTRACTED_OBSERVATIONS.csv,7,Figure-derived row has no concrete final clip file.,existing final_clip_path without placeholders,blank
blocker,figure_digitized_data_missing,RATE_EXTRACTED_OBSERVATIONS-7,4d1dfa9c-9c0b-438d-bf33-ec928b7d6696,rate,data/extraction/rate/RATE_EXTRACTED_OBSERVATIONS.csv,7,Figure-derived row has no concrete digitized data CSV.,existing digitized_data_path without placeholders,blank
blocker,variance_missing,RATE_EXTRACTED_OBSERVATIONS-8,4d1dfa9c-9c0b-438d-bf33-ec928b7d6696,rate,data/extraction/rate/RATE_EXTRACTED_OBSERVATIONS.csv,8,Extracted row lacks variance or raw-count information.,,
blocker,qa_status_not_ready,RATE_EXTRACTED_OBSERVATIONS-8,4d1dfa9c-9c0b-438d-bf33-ec928b7d6696,rate,data/extraction/rate/RATE_EXTRACTED_OBSERVATIONS.csv,8,Extracted row has not passed independent QC.,analysis_ready | qc_passed | ready_for_analysis,extracted_needs_independent_qc
blocker,figure_crop_missing,RATE_EXTRACTED_OBSERVATIONS-8,4d1dfa9c-9c0b-438d-bf33-ec928b7d6696,rate,data/extraction/rate/RATE_EXTRACTED_OBSERVATIONS.csv,8,Figure-derived row has no matching crop-manifest row.,,
blocker,figure_final_clip_missing,RATE_EXTRACTED_OBSERVATIONS-8,4d1dfa9c-9c0b-438d-bf33-ec928b7d6696,rate,data/extraction/rate/RATE_EXTRACTED_OBSERVATIONS.csv,8,Figure-derived row has no concrete final clip file.,existing final_clip_path without placeholders,blank
blocker,figure_digitized_data_missing,RATE_EXTRACTED_OBSERVATIONS-8,4d1dfa9c-9c0b-438d-bf33-ec928b7d6696,rate,data/extraction/rate/RATE_EXTRACTED_OBSERVATIONS.csv,8,Figure-derived row has no concrete digitized data CSV.,existing digitized_data_path without placeholders,blank
blocker,qa_status_not_ready,RATE_EXTRACTED_OBSERVATIONS-9,4d1dfa9c-9c0b-438d-bf33-ec928b7d6696,rate,data/extraction/rate/RATE_EXTRACTED_OBSERVATIONS.csv,9,Extracted row has not passed independent QC.,analysis_ready | qc_passed | ready_for_analysis,extracted_needs_independent_qc
blocker,figure_crop_missing,RATE_EXTRACTED_OBSERVATIONS-9,4d1dfa9c-9c0b-438d-bf33-ec928b7d6696,rate,data/extraction/rate/RATE_EXTRACTED_OBSERVATIONS.csv,9,Figure-derived row has no matching crop-manifest row.,,
blocker,figure_final_clip_missing,RATE_EXTRACTED_OBSERVATIONS-9,4d1dfa9c-9c0b-438d-bf33-ec928b7d6696,rate,data/extraction/rate/RATE_EXTRACTED_OBSERVATIONS.csv,9,Figure-derived row has no concrete final clip file.,existing final_clip_path without placeholders,blank
blocker,figure_digitized_data_missing,RATE_EXTRACTED_OBSERVATIONS-9,4d1dfa9c-9c0b-438d-bf33-ec928b7d6696,rate,data/extraction/rate/RATE_EXTRACTED_OBSERVATIONS.csv,9,Figure-derived row has no concrete digitized data CSV.,existing digitized_data_path without placeholders,blank
blocker,variance_missing,RATE_EXTRACTED_OBSERVATIONS-10,4d1dfa9c-9c0b-438d-bf33-ec928b7d6696,rate,data/extraction/rate/RATE_EXTRACTED_OBSERVATIONS.csv,10,Extracted row lacks variance or raw-count information.,,
blocker,qa_status_not_ready,RATE_EXTRACTED_OBSERVATIONS-10,4d1dfa9c-9c0b-438d-bf33-ec928b7d6696,rate,data/extraction/rate/RATE_EXTRACTED_OBSERVATIONS.csv,10,Extracted row has not passed independent QC.,analysis_ready | qc_passed | ready_for_analysis,extracted_needs_independent_qc
blocker,figure_crop_missing,RATE_EXTRACTED_OBSERVATIONS-10,4d1dfa9c-9c0b-438d-bf33-ec928b7d6696,rate,data/extraction/rate/RATE_EXTRACTED_OBSERVATIONS.csv,10,Figure-derived row has no matching crop-manifest row.,,
blocker,figure_final_clip_missing,RATE_EXTRACTED_OBSERVATIONS-10,4d1dfa9c-9c0b-438d-bf33-ec928b7d6696,rate,data/extraction/rate/RATE_EXTRACTED_OBSERVATIONS.csv,10,Figure-derived row has no concrete final clip file.,existing final_clip_path without placeholders,blank
blocker,figure_digitized_data_missing,RATE_EXTRACTED_OBSERVATIONS-10,4d1dfa9c-9c0b-438d-bf33-ec928b7d6696,rate,data/extraction/rate/RATE_EXTRACTED_OBSERVATIONS.csv,10,Figure-derived row has no concrete digitized data CSV.,existing digitized_data_path without placeholders,blank
blocker,qa_status_not_ready,RATE_EXTRACTED_OBSERVATIONS-11,b0949a7c-520e-4a37-af04-25979598ec2d,rate,data/extraction/rate/RATE_EXTRACTED_OBSERVATIONS.csv,11,Extracted row has not passed independent QC.,analysis_ready | qc_passed | ready_for_analysis,coarse_extraction_needs_qc
blocker,figure_crop_missing,RATE_EXTRACTED_OBSERVATIONS-11,b0949a7c-520e-4a37-af04-25979598ec2d,rate,data/extraction/rate/RATE_EXTRACTED_OBSERVATIONS.csv,11,Figure-derived row has no matching crop-manifest row.,,
blocker,figure_final_clip_missing,RATE_EXTRACTED_OBSERVATIONS-11,b0949a7c-520e-4a37-af04-25979598ec2d,rate,data/extraction/rate/RATE_EXTRACTED_OBSERVATIONS.csv,11,Figure-derived row has no concrete final clip file.,existing final_clip_path without placeholders,blank
blocker,figure_digitized_data_missing,RATE_EXTRACTED_OBSERVATIONS-11,b0949a7c-520e-4a37-af04-25979598ec2d,rate,data/extraction/rate/RATE_EXTRACTED_OBSERVATIONS.csv,11,Figure-derived row has no concrete digitized data CSV.,existing digitized_data_path without placeholders,blank
blocker,qa_status_not_ready,RATE_EXTRACTED_OBSERVATIONS-12,2e3b055f-28df-4def-97aa-660ac537a95f,rate,data/extraction/rate/RATE_EXTRACTED_OBSERVATIONS.csv,12,Extracted row has not passed independent QC.,analysis_ready | qc_passed | ready_for_analysis,extracted_needs_independent_qc
blocker,figure_crop_missing,RATE_EXTRACTED_OBSERVATIONS-12,2e3b055f-28df-4def-97aa-660ac537a95f,rate,data/extraction/rate/RATE_EXTRACTED_OBSERVATIONS.csv,12,Figure-derived row has no matching crop-manifest row.,,
blocker,figure_final_clip_missing,RATE_EXTRACTED_OBSERVATIONS-12,2e3b055f-28df-4def-97aa-660ac537a95f,rate,data/extraction/rate/RATE_EXTRACTED_OBSERVATIONS.csv,12,Figure-derived row has no concrete final clip file.,existing final_clip_path without placeholders,blank
blocker,figure_digitized_data_missing,RATE_EXTRACTED_OBSERVATIONS-12,2e3b055f-28df-4def-97aa-660ac537a95f,rate,data/extraction/rate/RATE_EXTRACTED_OBSERVATIONS.csv,12,Figure-derived row has no concrete digitized data CSV.,existing digitized_data_path without placeholders,blank
blocker,qa_status_not_ready,RATE_EXTRACTED_OBSERVATIONS-13,2e3b055f-28df-4def-97aa-660ac537a95f,rate,data/extraction/rate/RATE_EXTRACTED_OBSERVATIONS.csv,13,Extracted row has not passed independent QC.,analysis_ready | qc_passed | ready_for_analysis,extracted_needs_independent_qc
blocker,figure_crop_missing,RATE_EXTRACTED_OBSERVATIONS-13,2e3b055f-28df-4def-97aa-660ac537a95f,rate,data/extraction/rate/RATE_EXTRACTED_OBSERVATIONS.csv,13,Figure-derived row has no matching crop-manifest row.,,
blocker,figure_final_clip_missing,RATE_EXTRACTED_OBSERVATIONS-13,2e3b055f-28df-4def-97aa-660ac537a95f,rate,data/extraction/rate/RATE_EXTRACTED_OBSERVATIONS.csv,13,Figure-derived row has no concrete final clip file.,existing final_clip_path without placeholders,blank
blocker,figure_digitized_data_missing,RATE_EXTRACTED_OBSERVATIONS-13,2e3b055f-28df-4def-97aa-660ac537a95f,rate,data/extraction/rate/RATE_EXTRACTED_OBSERVATIONS.csv,13,Figure-derived row has no concrete digitized data CSV.,existing digitized_data_path without placeholders,blank
blocker,variance_missing,RATE_EXTRACTED_OBSERVATIONS-14,2e3b055f-28df-4def-97aa-660ac537a95f,rate,data/extraction/rate/RATE_EXTRACTED_OBSERVATIONS.csv,14,Extracted row lacks variance or raw-count information.,,
blocker,qa_status_not_ready,RATE_EXTRACTED_OBSERVATIONS-14,2e3b055f-28df-4def-97aa-660ac537a95f,rate,data/extraction/rate/RATE_EXTRACTED_OBSERVATIONS.csv,14,Extracted row has not passed independent QC.,analysis_ready | qc_passed | ready_for_analysis,extracted_needs_independent_qc
blocker,figure_crop_missing,RATE_EXTRACTED_OBSERVATIONS-14,2e3b055f-28df-4def-97aa-660ac537a95f,rate,data/extraction/rate/RATE_EXTRACTED_OBSERVATIONS.csv,14,Figure-derived row has no matching crop-manifest row.,,
blocker,figure_final_clip_missing,RATE_EXTRACTED_OBSERVATIONS-14,2e3b055f-28df-4def-97aa-660ac537a95f,rate,data/extraction/rate/RATE_EXTRACTED_OBSERVATIONS.csv,14,Figure-derived row has no concrete final clip file.,existing final_clip_path without placeholders,blank
blocker,figure_digitized_data_missing,RATE_EXTRACTED_OBSERVATIONS-14,2e3b055f-28df-4def-97aa-660ac537a95f,rate,data/extraction/rate/RATE_EXTRACTED_OBSERVATIONS.csv,14,Figure-derived row has no concrete digitized data CSV.,existing digitized_data_path without placeholders,blank
blocker,variance_missing,RATE_EXTRACTED_OBSERVATIONS-15,2e3b055f-28df-4def-97aa-660ac537a95f,rate,data/extraction/rate/RATE_EXTRACTED_OBSERVATIONS.csv,15,Extracted row lacks variance or raw-count information.,,
blocker,qa_status_not_ready,RATE_EXTRACTED_OBSERVATIONS-15,2e3b055f-28df-4def-97aa-660ac537a95f,rate,data/extraction/rate/RATE_EXTRACTED_OBSERVATIONS.csv,15,Extracted row has not passed independent QC.,analysis_ready | qc_passed | ready_for_analysis,extracted_needs_independent_qc
blocker,figure_crop_missing,RATE_EXTRACTED_OBSERVATIONS-15,2e3b055f-28df-4def-97aa-660ac537a95f,rate,data/extraction/rate/RATE_EXTRACTED_OBSERVATIONS.csv,15,Figure-derived row has no matching crop-manifest row.,,
blocker,figure_final_clip_missing,RATE_EXTRACTED_OBSERVATIONS-15,2e3b055f-28df-4def-97aa-660ac537a95f,rate,data/extraction/rate/RATE_EXTRACTED_OBSERVATIONS.csv,15,Figure-derived row has no concrete final clip file.,existing final_clip_path without placeholders,blank
blocker,figure_digitized_data_missing,RATE_EXTRACTED_OBSERVATIONS-15,2e3b055f-28df-4def-97aa-660ac537a95f,rate,data/extraction/rate/RATE_EXTRACTED_OBSERVATIONS.csv,15,Figure-derived row has no concrete digitized data CSV.,existing digitized_data_path without placeholders,blank
blocker,qa_status_not_ready,RATE_EXTRACTED_OBSERVATIONS-16,348d7203-b68d-472c-89da-e3e6704b2f50,rate,data/extraction/rate/RATE_EXTRACTED_OBSERVATIONS.csv,16,Extracted row has not passed independent QC.,analysis_ready | qc_passed | ready_for_analysis,extracted_needs_independent_qc
blocker,qa_status_not_ready,RATE_EXTRACTED_OBSERVATIONS-17,348d7203-b68d-472c-89da-e3e6704b2f50,rate,data/extraction/rate/RATE_EXTRACTED_OBSERVATIONS.csv,17,Extracted row has not passed independent QC.,analysis_ready | qc_passed | ready_for_analysis,extracted_needs_independent_qc
blocker,qa_status_not_ready,RATE_EXTRACTED_OBSERVATIONS-18,348d7203-b68d-472c-89da-e3e6704b2f50,rate,data/extraction/rate/RATE_EXTRACTED_OBSERVATIONS.csv,18,Extracted row has not passed independent QC.,analysis_ready | qc_passed | ready_for_analysis,extracted_needs_independent_qc
blocker,sample_size_missing,RATE_EXTRACTED_OBSERVATIONS-19,a1e7fabd-36e1-4556-804c-e6f1a9c17581,rate,data/extraction/rate/RATE_EXTRACTED_OBSERVATIONS.csv,19,Extracted row has no sample size.,,
blocker,qa_status_not_ready,RATE_EXTRACTED_OBSERVATIONS-19,a1e7fabd-36e1-4556-804c-e6f1a9c17581,rate,data/extraction/rate/RATE_EXTRACTED_OBSERVATIONS.csv,19,Extracted row has not passed independent QC.,analysis_ready | qc_passed | ready_for_analysis,extracted_needs_independent_qc
blocker,figure_crop_missing,RATE_EXTRACTED_OBSERVATIONS-19,a1e7fabd-36e1-4556-804c-e6f1a9c17581,rate,data/extraction/rate/RATE_EXTRACTED_OBSERVATIONS.csv,19,Figure-derived row has no matching crop-manifest row.,,
blocker,figure_final_clip_missing,RATE_EXTRACTED_OBSERVATIONS-19,a1e7fabd-36e1-4556-804c-e6f1a9c17581,rate,data/extraction/rate/RATE_EXTRACTED_OBSERVATIONS.csv,19,Figure-derived row has no concrete final clip file.,existing final_clip_path without placeholders,blank
blocker,figure_digitized_data_missing,RATE_EXTRACTED_OBSERVATIONS-19,a1e7fabd-36e1-4556-804c-e6f1a9c17581,rate,data/extraction/rate/RATE_EXTRACTED_OBSERVATIONS.csv,19,Figure-derived row has no concrete digitized data CSV.,existing digitized_data_path without placeholders,blank
blocker,sample_size_missing,RATE_EXTRACTED_OBSERVATIONS-20,a1e7fabd-36e1-4556-804c-e6f1a9c17581,rate,data/extraction/rate/RATE_EXTRACTED_OBSERVATIONS.csv,20,Extracted row has no sample size.,,
blocker,qa_status_not_ready,RATE_EXTRACTED_OBSERVATIONS-20,a1e7fabd-36e1-4556-804c-e6f1a9c17581,rate,data/extraction/rate/RATE_EXTRACTED_OBSERVATIONS.csv,20,Extracted row has not passed independent QC.,analysis_ready | qc_passed | ready_for_analysis,extracted_needs_independent_qc
blocker,figure_crop_missing,RATE_EXTRACTED_OBSERVATIONS-20,a1e7fabd-36e1-4556-804c-e6f1a9c17581,rate,data/extraction/rate/RATE_EXTRACTED_OBSERVATIONS.csv,20,Figure-derived row has no matching crop-manifest row.,,
blocker,figure_final_clip_missing,RATE_EXTRACTED_OBSERVATIONS-20,a1e7fabd-36e1-4556-804c-e6f1a9c17581,rate,data/extraction/rate/RATE_EXTRACTED_OBSERVATIONS.csv,20,Figure-derived row has no concrete final clip file.,existing final_clip_path without placeholders,blank
blocker,figure_digitized_data_missing,RATE_EXTRACTED_OBSERVATIONS-20,a1e7fabd-36e1-4556-804c-e6f1a9c17581,rate,data/extraction/rate/RATE_EXTRACTED_OBSERVATIONS.csv,20,Figure-derived row has no concrete digitized data CSV.,existing digitized_data_path without placeholders,blank
blocker,sample_size_missing,RATE_EXTRACTED_OBSERVATIONS-21,a1e7fabd-36e1-4556-804c-e6f1a9c17581,rate,data/extraction/rate/RATE_EXTRACTED_OBSERVATIONS.csv,21,Extracted row has no sample size.,,
blocker,qa_status_not_ready,RATE_EXTRACTED_OBSERVATIONS-21,a1e7fabd-36e1-4556-804c-e6f1a9c17581,rate,data/extraction/rate/RATE_EXTRACTED_OBSERVATIONS.csv,21,Extracted row has not passed independent QC.,analysis_ready | qc_passed | ready_for_analysis,extracted_needs_independent_qc
blocker,figure_crop_missing,RATE_EXTRACTED_OBSERVATIONS-21,a1e7fabd-36e1-4556-804c-e6f1a9c17581,rate,data/extraction/rate/RATE_EXTRACTED_OBSERVATIONS.csv,21,Figure-derived row has no matching crop-manifest row.,,
blocker,figure_final_clip_missing,RATE_EXTRACTED_OBSERVATIONS-21,a1e7fabd-36e1-4556-804c-e6f1a9c17581,rate,data/extraction/rate/RATE_EXTRACTED_OBSERVATIONS.csv,21,Figure-derived row has no concrete final clip file.,existing final_clip_path without placeholders,blank
blocker,figure_digitized_data_missing,RATE_EXTRACTED_OBSERVATIONS-21,a1e7fabd-36e1-4556-804c-e6f1a9c17581,rate,data/extraction/rate/RATE_EXTRACTED_OBSERVATIONS.csv,21,Figure-derived row has no concrete digitized data CSV.,existing digitized_data_path without placeholders,blank
blocker,sample_size_missing,RATE_EXTRACTED_OBSERVATIONS-22,a1e7fabd-36e1-4556-804c-e6f1a9c17581,rate,data/extraction/rate/RATE_EXTRACTED_OBSERVATIONS.csv,22,Extracted row has no sample size.,,
blocker,qa_status_not_ready,RATE_EXTRACTED_OBSERVATIONS-22,a1e7fabd-36e1-4556-804c-e6f1a9c17581,rate,data/extraction/rate/RATE_EXTRACTED_OBSERVATIONS.csv,22,Extracted row has not passed independent QC.,analysis_ready | qc_passed | ready_for_analysis,extracted_needs_independent_qc
blocker,figure_crop_missing,RATE_EXTRACTED_OBSERVATIONS-22,a1e7fabd-36e1-4556-804c-e6f1a9c17581,rate,data/extraction/rate/RATE_EXTRACTED_OBSERVATIONS.csv,22,Figure-derived row has no matching crop-manifest row.,,
blocker,figure_final_clip_missing,RATE_EXTRACTED_OBSERVATIONS-22,a1e7fabd-36e1-4556-804c-e6f1a9c17581,rate,data/extraction/rate/RATE_EXTRACTED_OBSERVATIONS.csv,22,Figure-derived row has no concrete final clip file.,existing final_clip_path without placeholders,blank
blocker,figure_digitized_data_missing,RATE_EXTRACTED_OBSERVATIONS-22,a1e7fabd-36e1-4556-804c-e6f1a9c17581,rate,data/extraction/rate/RATE_EXTRACTED_OBSERVATIONS.csv,22,Figure-derived row has no concrete digitized data CSV.,existing digitized_data_path without placeholders,blank
blocker,sample_size_missing,RATE_EXTRACTED_OBSERVATIONS-23,a1e7fabd-36e1-4556-804c-e6f1a9c17581,rate,data/extraction/rate/RATE_EXTRACTED_OBSERVATIONS.csv,23,Extracted row has no sample size.,,
blocker,qa_status_not_ready,RATE_EXTRACTED_OBSERVATIONS-23,a1e7fabd-36e1-4556-804c-e6f1a9c17581,rate,data/extraction/rate/RATE_EXTRACTED_OBSERVATIONS.csv,23,Extracted row has not passed independent QC.,analysis_ready | qc_passed | ready_for_analysis,extracted_needs_independent_qc
blocker,figure_crop_missing,RATE_EXTRACTED_OBSERVATIONS-23,a1e7fabd-36e1-4556-804c-e6f1a9c17581,rate,data/extraction/rate/RATE_EXTRACTED_OBSERVATIONS.csv,23,Figure-derived row has no matching crop-manifest row.,,
blocker,figure_final_clip_missing,RATE_EXTRACTED_OBSERVATIONS-23,a1e7fabd-36e1-4556-804c-e6f1a9c17581,rate,data/extraction/rate/RATE_EXTRACTED_OBSERVATIONS.csv,23,Figure-derived row has no concrete final clip file.,existing final_clip_path without placeholders,blank
blocker,figure_digitized_data_missing,RATE_EXTRACTED_OBSERVATIONS-23,a1e7fabd-36e1-4556-804c-e6f1a9c17581,rate,data/extraction/rate/RATE_EXTRACTED_OBSERVATIONS.csv,23,Figure-derived row has no concrete digitized data CSV.,existing digitized_data_path without placeholders,blank
blocker,sample_size_missing,RATE_EXTRACTED_OBSERVATIONS-24,a1e7fabd-36e1-4556-804c-e6f1a9c17581,rate,data/extraction/rate/RATE_EXTRACTED_OBSERVATIONS.csv,24,Extracted row has no sample size.,,
blocker,qa_status_not_ready,RATE_EXTRACTED_OBSERVATIONS-24,a1e7fabd-36e1-4556-804c-e6f1a9c17581,rate,data/extraction/rate/RATE_EXTRACTED_OBSERVATIONS.csv,24,Extracted row has not passed independent QC.,analysis_ready | qc_passed | ready_for_analysis,extracted_needs_independent_qc
blocker,figure_crop_missing,RATE_EXTRACTED_OBSERVATIONS-24,a1e7fabd-36e1-4556-804c-e6f1a9c17581,rate,data/extraction/rate/RATE_EXTRACTED_OBSERVATIONS.csv,24,Figure-derived row has no matching crop-manifest row.,,
blocker,figure_final_clip_missing,RATE_EXTRACTED_OBSERVATIONS-24,a1e7fabd-36e1-4556-804c-e6f1a9c17581,rate,data/extraction/rate/RATE_EXTRACTED_OBSERVATIONS.csv,24,Figure-derived row has no concrete final clip file.,existing final_clip_path without placeholders,blank
blocker,figure_digitized_data_missing,RATE_EXTRACTED_OBSERVATIONS-24,a1e7fabd-36e1-4556-804c-e6f1a9c17581,rate,data/extraction/rate/RATE_EXTRACTED_OBSERVATIONS.csv,24,Figure-derived row has no concrete digitized data CSV.,existing digitized_data_path without placeholders,blank
blocker,qa_status_not_ready,RATE_EXTRACTED_OBSERVATIONS-25,3a3fb59c-a303-49f1-aa80-21ffe7d182cf,rate,data/extraction/rate/RATE_EXTRACTED_OBSERVATIONS.csv,25,Extracted row has not passed independent QC.,analysis_ready | qc_passed | ready_for_analysis,extracted_needs_independent_qc
blocker,qa_status_not_ready,RATE_EXTRACTED_OBSERVATIONS-26,3a3fb59c-a303-49f1-aa80-21ffe7d182cf,rate,data/extraction/rate/RATE_EXTRACTED_OBSERVATIONS.csv,26,Extracted row has not passed independent QC.,analysis_ready | qc_passed | ready_for_analysis,extracted_needs_independent_qc
blocker,qa_status_not_ready,RATE_EXTRACTED_OBSERVATIONS-27,3a3fb59c-a303-49f1-aa80-21ffe7d182cf,rate,data/extraction/rate/RATE_EXTRACTED_OBSERVATIONS.csv,27,Extracted row has not passed independent QC.,analysis_ready | qc_passed | ready_for_analysis,extracted_needs_independent_qc
blocker,qa_status_not_ready,RATE_EXTRACTED_OBSERVATIONS-28,3a3fb59c-a303-49f1-aa80-21ffe7d182cf,rate,data/extraction/rate/RATE_EXTRACTED_OBSERVATIONS.csv,28,Extracted row has not passed independent QC.,analysis_ready | qc_passed | ready_for_analysis,extracted_needs_independent_qc
blocker,qa_status_not_ready,RATE_EXTRACTED_OBSERVATIONS-29,3a3fb59c-a303-49f1-aa80-21ffe7d182cf,rate,data/extraction/rate/RATE_EXTRACTED_OBSERVATIONS.csv,29,Extracted row has not passed independent QC.,analysis_ready | qc_passed | ready_for_analysis,extracted_needs_independent_qc
blocker,sample_size_missing,RATE_EXTRACTED_OBSERVATIONS-30,6a14a9e9-da4e-425f-bf9d-59fa573487e1,rate,data/extraction/rate/RATE_EXTRACTED_OBSERVATIONS.csv,30,Extracted row has no sample size.,,
blocker,qa_status_not_ready,RATE_EXTRACTED_OBSERVATIONS-30,6a14a9e9-da4e-425f-bf9d-59fa573487e1,rate,data/extraction/rate/RATE_EXTRACTED_OBSERVATIONS.csv,30,Extracted row has not passed independent QC.,analysis_ready | qc_passed | ready_for_analysis,extracted_needs_independent_qc
blocker,sample_size_missing,RATE_EXTRACTED_OBSERVATIONS-31,6a14a9e9-da4e-425f-bf9d-59fa573487e1,rate,data/extraction/rate/RATE_EXTRACTED_OBSERVATIONS.csv,31,Extracted row has no sample size.,,
blocker,qa_status_not_ready,RATE_EXTRACTED_OBSERVATIONS-31,6a14a9e9-da4e-425f-bf9d-59fa573487e1,rate,data/extraction/rate/RATE_EXTRACTED_OBSERVATIONS.csv,31,Extracted row has not passed independent QC.,analysis_ready | qc_passed | ready_for_analysis,extracted_needs_independent_qc
blocker,sample_size_missing,RATE_EXTRACTED_OBSERVATIONS-32,6a14a9e9-da4e-425f-bf9d-59fa573487e1,rate,data/extraction/rate/RATE_EXTRACTED_OBSERVATIONS.csv,32,Extracted row has no sample size.,,
blocker,qa_status_not_ready,RATE_EXTRACTED_OBSERVATIONS-32,6a14a9e9-da4e-425f-bf9d-59fa573487e1,rate,data/extraction/rate/RATE_EXTRACTED_OBSERVATIONS.csv,32,Extracted row has not passed independent QC.,analysis_ready | qc_passed | ready_for_analysis,extracted_needs_independent_qc
blocker,sample_size_missing,RATE_EXTRACTED_OBSERVATIONS-33,6a14a9e9-da4e-425f-bf9d-59fa573487e1,rate,data/extraction/rate/RATE_EXTRACTED_OBSERVATIONS.csv,33,Extracted row has no sample size.,,
blocker,qa_status_not_ready,RATE_EXTRACTED_OBSERVATIONS-33,6a14a9e9-da4e-425f-bf9d-59fa573487e1,rate,data/extraction/rate/RATE_EXTRACTED_OBSERVATIONS.csv,33,Extracted row has not passed independent QC.,analysis_ready | qc_passed | ready_for_analysis,extracted_needs_independent_qc
blocker,sample_size_missing,RATE_EXTRACTED_OBSERVATIONS-34,6a14a9e9-da4e-425f-bf9d-59fa573487e1,rate,data/extraction/rate/RATE_EXTRACTED_OBSERVATIONS.csv,34,Extracted row has no sample size.,,
blocker,qa_status_not_ready,RATE_EXTRACTED_OBSERVATIONS-34,6a14a9e9-da4e-425f-bf9d-59fa573487e1,rate,data/extraction/rate/RATE_EXTRACTED_OBSERVATIONS.csv,34,Extracted row has not passed independent QC.,analysis_ready | qc_passed | ready_for_analysis,extracted_needs_independent_qc
blocker,sample_size_missing,RATE_EXTRACTED_OBSERVATIONS-35,6a14a9e9-da4e-425f-bf9d-59fa573487e1,rate,data/extraction/rate/RATE_EXTRACTED_OBSERVATIONS.csv,35,Extracted row has no sample size.,,
blocker,qa_status_not_ready,RATE_EXTRACTED_OBSERVATIONS-35,6a14a9e9-da4e-425f-bf9d-59fa573487e1,rate,data/extraction/rate/RATE_EXTRACTED_OBSERVATIONS.csv,35,Extracted row has not passed independent QC.,analysis_ready | qc_passed | ready_for_analysis,extracted_needs_independent_qc
blocker,sample_size_missing,RATE_EXTRACTED_OBSERVATIONS-36,6a14a9e9-da4e-425f-bf9d-59fa573487e1,rate,data/extraction/rate/RATE_EXTRACTED_OBSERVATIONS.csv,36,Extracted row has no sample size.,,
blocker,qa_status_not_ready,RATE_EXTRACTED_OBSERVATIONS-36,6a14a9e9-da4e-425f-bf9d-59fa573487e1,rate,data/extraction/rate/RATE_EXTRACTED_OBSERVATIONS.csv,36,Extracted row has not passed independent QC.,analysis_ready | qc_passed | ready_for_analysis,extracted_needs_independent_qc
blocker,sample_size_missing,RATE_EXTRACTED_OBSERVATIONS-37,6a14a9e9-da4e-425f-bf9d-59fa573487e1,rate,data/extraction/rate/RATE_EXTRACTED_OBSERVATIONS.csv,37,Extracted row has no sample size.,,
blocker,qa_status_not_ready,RATE_EXTRACTED_OBSERVATIONS-37,6a14a9e9-da4e-425f-bf9d-59fa573487e1,rate,data/extraction/rate/RATE_EXTRACTED_OBSERVATIONS.csv,37,Extracted row has not passed independent QC.,analysis_ready | qc_passed | ready_for_analysis,extracted_needs_independent_qc
blocker,sample_size_missing,RATE_EXTRACTED_OBSERVATIONS-38,6a14a9e9-da4e-425f-bf9d-59fa573487e1,rate,data/extraction/rate/RATE_EXTRACTED_OBSERVATIONS.csv,38,Extracted row has no sample size.,,
blocker,qa_status_not_ready,RATE_EXTRACTED_OBSERVATIONS-38,6a14a9e9-da4e-425f-bf9d-59fa573487e1,rate,data/extraction/rate/RATE_EXTRACTED_OBSERVATIONS.csv,38,Extracted row has not passed independent QC.,analysis_ready | qc_passed | ready_for_analysis,extracted_needs_independent_qc
blocker,sample_size_missing,RATE_EXTRACTED_OBSERVATIONS-39,6a14a9e9-da4e-425f-bf9d-59fa573487e1,rate,data/extraction/rate/RATE_EXTRACTED_OBSERVATIONS.csv,39,Extracted row has no sample size.,,
blocker,qa_status_not_ready,RATE_EXTRACTED_OBSERVATIONS-39,6a14a9e9-da4e-425f-bf9d-59fa573487e1,rate,data/extraction/rate/RATE_EXTRACTED_OBSERVATIONS.csv,39,Extracted row has not passed independent QC.,analysis_ready | qc_passed | ready_for_analysis,extracted_needs_independent_qc
blocker,sample_size_missing,RATE_EXTRACTED_OBSERVATIONS-40,6a14a9e9-da4e-425f-bf9d-59fa573487e1,rate,data/extraction/rate/RATE_EXTRACTED_OBSERVATIONS.csv,40,Extracted row has no sample size.,,
blocker,qa_status_not_ready,RATE_EXTRACTED_OBSERVATIONS-40,6a14a9e9-da4e-425f-bf9d-59fa573487e1,rate,data/extraction/rate/RATE_EXTRACTED_OBSERVATIONS.csv,40,Extracted row has not passed independent QC.,analysis_ready | qc_passed | ready_for_analysis,extracted_needs_independent_qc
blocker,sample_size_missing,RATE_EXTRACTED_OBSERVATIONS-41,6a14a9e9-da4e-425f-bf9d-59fa573487e1,rate,data/extraction/rate/RATE_EXTRACTED_OBSERVATIONS.csv,41,Extracted row has no sample size.,,
blocker,qa_status_not_ready,RATE_EXTRACTED_OBSERVATIONS-41,6a14a9e9-da4e-425f-bf9d-59fa573487e1,rate,data/extraction/rate/RATE_EXTRACTED_OBSERVATIONS.csv,41,Extracted row has not passed independent QC.,analysis_ready | qc_passed | ready_for_analysis,extracted_needs_independent_qc
blocker,sample_size_missing,RATE_EXTRACTED_OBSERVATIONS-42,6a14a9e9-da4e-425f-bf9d-59fa573487e1,rate,data/extraction/rate/RATE_EXTRACTED_OBSERVATIONS.csv,42,Extracted row has no sample size.,,
blocker,qa_status_not_ready,RATE_EXTRACTED_OBSERVATIONS-42,6a14a9e9-da4e-425f-bf9d-59fa573487e1,rate,data/extraction/rate/RATE_EXTRACTED_OBSERVATIONS.csv,42,Extracted row has not passed independent QC.,analysis_ready | qc_passed | ready_for_analysis,extracted_needs_independent_qc
blocker,sample_size_missing,RATE_EXTRACTED_OBSERVATIONS-43,6a14a9e9-da4e-425f-bf9d-59fa573487e1,rate,data/extraction/rate/RATE_EXTRACTED_OBSERVATIONS.csv,43,Extracted row has no sample size.,,
blocker,qa_status_not_ready,RATE_EXTRACTED_OBSERVATIONS-43,6a14a9e9-da4e-425f-bf9d-59fa573487e1,rate,data/extraction/rate/RATE_EXTRACTED_OBSERVATIONS.csv,43,Extracted row has not passed independent QC.,analysis_ready | qc_passed | ready_for_analysis,extracted_needs_independent_qc
blocker,sample_size_missing,RATE_EXTRACTED_OBSERVATIONS-44,6a14a9e9-da4e-425f-bf9d-59fa573487e1,rate,data/extraction/rate/RATE_EXTRACTED_OBSERVATIONS.csv,44,Extracted row has no sample size.,,
blocker,qa_status_not_ready,RATE_EXTRACTED_OBSERVATIONS-44,6a14a9e9-da4e-425f-bf9d-59fa573487e1,rate,data/extraction/rate/RATE_EXTRACTED_OBSERVATIONS.csv,44,Extracted row has not passed independent QC.,analysis_ready | qc_passed | ready_for_analysis,extracted_needs_independent_qc
blocker,sample_size_missing,RATE_EXTRACTED_OBSERVATIONS-45,6a14a9e9-da4e-425f-bf9d-59fa573487e1,rate,data/extraction/rate/RATE_EXTRACTED_OBSERVATIONS.csv,45,Extracted row has no sample size.,,
blocker,qa_status_not_ready,RATE_EXTRACTED_OBSERVATIONS-45,6a14a9e9-da4e-425f-bf9d-59fa573487e1,rate,data/extraction/rate/RATE_EXTRACTED_OBSERVATIONS.csv,45,Extracted row has not passed independent QC.,analysis_ready | qc_passed | ready_for_analysis,extracted_needs_independent_qc
blocker,sample_size_missing,RATE_EXTRACTED_OBSERVATIONS-46,6a14a9e9-da4e-425f-bf9d-59fa573487e1,rate,data/extraction/rate/RATE_EXTRACTED_OBSERVATIONS.csv,46,Extracted row has no sample size.,,
blocker,qa_status_not_ready,RATE_EXTRACTED_OBSERVATIONS-46,6a14a9e9-da4e-425f-bf9d-59fa573487e1,rate,data/extraction/rate/RATE_EXTRACTED_OBSERVATIONS.csv,46,Extracted row has not passed independent QC.,analysis_ready | qc_passed | ready_for_analysis,extracted_needs_independent_qc
blocker,sample_size_missing,RATE_EXTRACTED_OBSERVATIONS-47,6a14a9e9-da4e-425f-bf9d-59fa573487e1,rate,data/extraction/rate/RATE_EXTRACTED_OBSERVATIONS.csv,47,Extracted row has no sample size.,,
blocker,qa_status_not_ready,RATE_EXTRACTED_OBSERVATIONS-47,6a14a9e9-da4e-425f-bf9d-59fa573487e1,rate,data/extraction/rate/RATE_EXTRACTED_OBSERVATIONS.csv,47,Extracted row has not passed independent QC.,analysis_ready | qc_passed | ready_for_analysis,extracted_needs_independent_qc
blocker,sample_size_missing,RATE_EXTRACTED_OBSERVATIONS-48,6a14a9e9-da4e-425f-bf9d-59fa573487e1,rate,data/extraction/rate/RATE_EXTRACTED_OBSERVATIONS.csv,48,Extracted row has no sample size.,,
blocker,qa_status_not_ready,RATE_EXTRACTED_OBSERVATIONS-48,6a14a9e9-da4e-425f-bf9d-59fa573487e1,rate,data/extraction/rate/RATE_EXTRACTED_OBSERVATIONS.csv,48,Extracted row has not passed independent QC.,analysis_ready | qc_passed | ready_for_analysis,extracted_needs_independent_qc
blocker,sample_size_missing,RATE_EXTRACTED_OBSERVATIONS-49,6a14a9e9-da4e-425f-bf9d-59fa573487e1,rate,data/extraction/rate/RATE_EXTRACTED_OBSERVATIONS.csv,49,Extracted row has no sample size.,,
blocker,qa_status_not_ready,RATE_EXTRACTED_OBSERVATIONS-49,6a14a9e9-da4e-425f-bf9d-59fa573487e1,rate,data/extraction/rate/RATE_EXTRACTED_OBSERVATIONS.csv,49,Extracted row has not passed independent QC.,analysis_ready | qc_passed | ready_for_analysis,extracted_needs_independent_qc
blocker,qa_status_not_ready,RATE_EXTRACTED_OBSERVATIONS-50,3764e810-0eb0-4d34-baca-2c5136c95bc8,rate,data/extraction/rate/RATE_EXTRACTED_OBSERVATIONS.csv,50,Extracted row has not passed independent QC.,analysis_ready | qc_passed | ready_for_analysis,extracted_needs_independent_qc
blocker,figure_crop_missing,RATE_EXTRACTED_OBSERVATIONS-50,3764e810-0eb0-4d34-baca-2c5136c95bc8,rate,data/extraction/rate/RATE_EXTRACTED_OBSERVATIONS.csv,50,Figure-derived row has no matching crop-manifest row.,,
blocker,figure_final_clip_missing,RATE_EXTRACTED_OBSERVATIONS-50,3764e810-0eb0-4d34-baca-2c5136c95bc8,rate,data/extraction/rate/RATE_EXTRACTED_OBSERVATIONS.csv,50,Figure-derived row has no concrete final clip file.,existing final_clip_path without placeholders,blank
blocker,figure_digitized_data_missing,RATE_EXTRACTED_OBSERVATIONS-50,3764e810-0eb0-4d34-baca-2c5136c95bc8,rate,data/extraction/rate/RATE_EXTRACTED_OBSERVATIONS.csv,50,Figure-derived row has no concrete digitized data CSV.,existing digitized_data_path without placeholders,blank
blocker,qa_status_not_ready,RATE_EXTRACTED_OBSERVATIONS-51,3764e810-0eb0-4d34-baca-2c5136c95bc8,rate,data/extraction/rate/RATE_EXTRACTED_OBSERVATIONS.csv,51,Extracted row has not passed independent QC.,analysis_ready | qc_passed | ready_for_analysis,extracted_needs_independent_qc
blocker,figure_crop_missing,RATE_EXTRACTED_OBSERVATIONS-51,3764e810-0eb0-4d34-baca-2c5136c95bc8,rate,data/extraction/rate/RATE_EXTRACTED_OBSERVATIONS.csv,51,Figure-derived row has no matching crop-manifest row.,,
blocker,figure_final_clip_missing,RATE_EXTRACTED_OBSERVATIONS-51,3764e810-0eb0-4d34-baca-2c5136c95bc8,rate,data/extraction/rate/RATE_EXTRACTED_OBSERVATIONS.csv,51,Figure-derived row has no concrete final clip file.,existing final_clip_path without placeholders,blank
blocker,figure_digitized_data_missing,RATE_EXTRACTED_OBSERVATIONS-51,3764e810-0eb0-4d34-baca-2c5136c95bc8,rate,data/extraction/rate/RATE_EXTRACTED_OBSERVATIONS.csv,51,Figure-derived row has no concrete digitized data CSV.,existing digitized_data_path without placeholders,blank
blocker,qa_status_not_ready,RATE_EXTRACTED_OBSERVATIONS-52,3764e810-0eb0-4d34-baca-2c5136c95bc8,rate,data/extraction/rate/RATE_EXTRACTED_OBSERVATIONS.csv,52,Extracted row has not passed independent QC.,analysis_ready | qc_passed | ready_for_analysis,extracted_needs_independent_qc
blocker,figure_crop_missing,RATE_EXTRACTED_OBSERVATIONS-52,3764e810-0eb0-4d34-baca-2c5136c95bc8,rate,data/extraction/rate/RATE_EXTRACTED_OBSERVATIONS.csv,52,Figure-derived row has no matching crop-manifest row.,,
blocker,figure_final_clip_missing,RATE_EXTRACTED_OBSERVATIONS-52,3764e810-0eb0-4d34-baca-2c5136c95bc8,rate,data/extraction/rate/RATE_EXTRACTED_OBSERVATIONS.csv,52,Figure-derived row has no concrete final clip file.,existing final_clip_path without placeholders,blank
blocker,figure_digitized_data_missing,RATE_EXTRACTED_OBSERVATIONS-52,3764e810-0eb0-4d34-baca-2c5136c95bc8,rate,data/extraction/rate/RATE_EXTRACTED_OBSERVATIONS.csv,52,Figure-derived row has no concrete digitized data CSV.,existing digitized_data_path without placeholders,blank
blocker,variance_missing,RATE_EXTRACTED_OBSERVATIONS-53,6b96575e-9bf7-46f2-a12e-73b565f46629,rate,data/extraction/rate/RATE_EXTRACTED_OBSERVATIONS.csv,53,Extracted row lacks variance or raw-count information.,,
blocker,qa_status_not_ready,RATE_EXTRACTED_OBSERVATIONS-53,6b96575e-9bf7-46f2-a12e-73b565f46629,rate,data/extraction/rate/RATE_EXTRACTED_OBSERVATIONS.csv,53,Extracted row has not passed independent QC.,analysis_ready | qc_passed | ready_for_analysis,extracted_needs_independent_qc
blocker,figure_crop_missing,RATE_EXTRACTED_OBSERVATIONS-53,6b96575e-9bf7-46f2-a12e-73b565f46629,rate,data/extraction/rate/RATE_EXTRACTED_OBSERVATIONS.csv,53,Figure-derived row has no matching crop-manifest row.,,
blocker,figure_final_clip_missing,RATE_EXTRACTED_OBSERVATIONS-53,6b96575e-9bf7-46f2-a12e-73b565f46629,rate,data/extraction/rate/RATE_EXTRACTED_OBSERVATIONS.csv,53,Figure-derived row has no concrete final clip file.,existing final_clip_path without placeholders,blank
blocker,figure_digitized_data_missing,RATE_EXTRACTED_OBSERVATIONS-53,6b96575e-9bf7-46f2-a12e-73b565f46629,rate,data/extraction/rate/RATE_EXTRACTED_OBSERVATIONS.csv,53,Figure-derived row has no concrete digitized data CSV.,existing digitized_data_path without placeholders,blank
blocker,variance_missing,RATE_EXTRACTED_OBSERVATIONS-54,6b96575e-9bf7-46f2-a12e-73b565f46629,rate,data/extraction/rate/RATE_EXTRACTED_OBSERVATIONS.csv,54,Extracted row lacks variance or raw-count information.,,
blocker,qa_status_not_ready,RATE_EXTRACTED_OBSERVATIONS-54,6b96575e-9bf7-46f2-a12e-73b565f46629,rate,data/extraction/rate/RATE_EXTRACTED_OBSERVATIONS.csv,54,Extracted row has not passed independent QC.,analysis_ready | qc_passed | ready_for_analysis,extracted_needs_independent_qc
blocker,figure_crop_missing,RATE_EXTRACTED_OBSERVATIONS-54,6b96575e-9bf7-46f2-a12e-73b565f46629,rate,data/extraction/rate/RATE_EXTRACTED_OBSERVATIONS.csv,54,Figure-derived row has no matching crop-manifest row.,,
blocker,figure_final_clip_missing,RATE_EXTRACTED_OBSERVATIONS-54,6b96575e-9bf7-46f2-a12e-73b565f46629,rate,data/extraction/rate/RATE_EXTRACTED_OBSERVATIONS.csv,54,Figure-derived row has no concrete final clip file.,existing final_clip_path without placeholders,blank
blocker,figure_digitized_data_missing,RATE_EXTRACTED_OBSERVATIONS-54,6b96575e-9bf7-46f2-a12e-73b565f46629,rate,data/extraction/rate/RATE_EXTRACTED_OBSERVATIONS.csv,54,Figure-derived row has no concrete digitized data CSV.,existing digitized_data_path without placeholders,blank
blocker,sample_size_missing,RATE_EXTRACTED_OBSERVATIONS-55,6b96575e-9bf7-46f2-a12e-73b565f46629,rate,data/extraction/rate/RATE_EXTRACTED_OBSERVATIONS.csv,55,Extracted row has no sample size.,,
blocker,qa_status_not_ready,RATE_EXTRACTED_OBSERVATIONS-55,6b96575e-9bf7-46f2-a12e-73b565f46629,rate,data/extraction/rate/RATE_EXTRACTED_OBSERVATIONS.csv,55,Extracted row has not passed independent QC.,analysis_ready | qc_passed | ready_for_analysis,extracted_needs_independent_qc
blocker,sample_size_missing,RATE_EXTRACTED_OBSERVATIONS-56,6b96575e-9bf7-46f2-a12e-73b565f46629,rate,data/extraction/rate/RATE_EXTRACTED_OBSERVATIONS.csv,56,Extracted row has no sample size.,,
blocker,qa_status_not_ready,RATE_EXTRACTED_OBSERVATIONS-56,6b96575e-9bf7-46f2-a12e-73b565f46629,rate,data/extraction/rate/RATE_EXTRACTED_OBSERVATIONS.csv,56,Extracted row has not passed independent QC.,analysis_ready | qc_passed | ready_for_analysis,extracted_needs_independent_qc
blocker,sample_size_missing,RATE_EXTRACTED_OBSERVATIONS-57,6b96575e-9bf7-46f2-a12e-73b565f46629,rate,data/extraction/rate/RATE_EXTRACTED_OBSERVATIONS.csv,57,Extracted row has no sample size.,,
blocker,qa_status_not_ready,RATE_EXTRACTED_OBSERVATIONS-57,6b96575e-9bf7-46f2-a12e-73b565f46629,rate,data/extraction/rate/RATE_EXTRACTED_OBSERVATIONS.csv,57,Extracted row has not passed independent QC.,analysis_ready | qc_passed | ready_for_analysis,extracted_needs_independent_qc
blocker,qa_status_not_ready,RATE_EXTRACTED_OBSERVATIONS-58,6b96575e-9bf7-46f2-a12e-73b565f46629,rate,data/extraction/rate/RATE_EXTRACTED_OBSERVATIONS.csv,58,Extracted row has not passed independent QC.,analysis_ready | qc_passed | ready_for_analysis,extracted_needs_independent_qc
blocker,qa_status_not_ready,RATE_EXTRACTED_OBSERVATIONS-59,6b96575e-9bf7-46f2-a12e-73b565f46629,rate,data/extraction/rate/RATE_EXTRACTED_OBSERVATIONS.csv,59,Extracted row has not passed independent QC.,analysis_ready | qc_passed | ready_for_analysis,extracted_needs_independent_qc
blocker,variance_missing,RATE_EXTRACTED_OBSERVATIONS-60,6b96575e-9bf7-46f2-a12e-73b565f46629,rate,data/extraction/rate/RATE_EXTRACTED_OBSERVATIONS.csv,60,Extracted row lacks variance or raw-count information.,,
blocker,qa_status_not_ready,RATE_EXTRACTED_OBSERVATIONS-60,6b96575e-9bf7-46f2-a12e-73b565f46629,rate,data/extraction/rate/RATE_EXTRACTED_OBSERVATIONS.csv,60,Extracted row has not passed independent QC.,analysis_ready | qc_passed | ready_for_analysis,extracted_needs_independent_qc
blocker,figure_crop_missing,RATE_EXTRACTED_OBSERVATIONS-60,6b96575e-9bf7-46f2-a12e-73b565f46629,rate,data/extraction/rate/RATE_EXTRACTED_OBSERVATIONS.csv,60,Figure-derived row has no matching crop-manifest row.,,
blocker,figure_final_clip_missing,RATE_EXTRACTED_OBSERVATIONS-60,6b96575e-9bf7-46f2-a12e-73b565f46629,rate,data/extraction/rate/RATE_EXTRACTED_OBSERVATIONS.csv,60,Figure-derived row has no concrete final clip file.,existing final_clip_path without placeholders,blank
blocker,figure_digitized_data_missing,RATE_EXTRACTED_OBSERVATIONS-60,6b96575e-9bf7-46f2-a12e-73b565f46629,rate,data/extraction/rate/RATE_EXTRACTED_OBSERVATIONS.csv,60,Figure-derived row has no concrete digitized data CSV.,existing digitized_data_path without placeholders,blank
blocker,variance_missing,RATE_EXTRACTED_OBSERVATIONS-61,6b96575e-9bf7-46f2-a12e-73b565f46629,rate,data/extraction/rate/RATE_EXTRACTED_OBSERVATIONS.csv,61,Extracted row lacks variance or raw-count information.,,
blocker,qa_status_not_ready,RATE_EXTRACTED_OBSERVATIONS-61,6b96575e-9bf7-46f2-a12e-73b565f46629,rate,data/extraction/rate/RATE_EXTRACTED_OBSERVATIONS.csv,61,Extracted row has not passed independent QC.,analysis_ready | qc_passed | ready_for_analysis,extracted_needs_independent_qc
blocker,figure_crop_missing,RATE_EXTRACTED_OBSERVATIONS-61,6b96575e-9bf7-46f2-a12e-73b565f46629,rate,data/extraction/rate/RATE_EXTRACTED_OBSERVATIONS.csv,61,Figure-derived row has no matching crop-manifest row.,,
blocker,figure_final_clip_missing,RATE_EXTRACTED_OBSERVATIONS-61,6b96575e-9bf7-46f2-a12e-73b565f46629,rate,data/extraction/rate/RATE_EXTRACTED_OBSERVATIONS.csv,61,Figure-derived row has no concrete final clip file.,existing final_clip_path without placeholders,blank
blocker,figure_digitized_data_missing,RATE_EXTRACTED_OBSERVATIONS-61,6b96575e-9bf7-46f2-a12e-73b565f46629,rate,data/extraction/rate/RATE_EXTRACTED_OBSERVATIONS.csv,61,Figure-derived row has no concrete digitized data CSV.,existing digitized_data_path without placeholders,blank
blocker,variance_missing,RATE_EXTRACTED_OBSERVATIONS-62,cf0dfa52-c9e6-4d7f-9ae1-5970162a807f,rate,data/extraction/rate/RATE_EXTRACTED_OBSERVATIONS.csv,62,Extracted row lacks variance or raw-count information.,,
blocker,qa_status_not_ready,RATE_EXTRACTED_OBSERVATIONS-62,cf0dfa52-c9e6-4d7f-9ae1-5970162a807f,rate,data/extraction/rate/RATE_EXTRACTED_OBSERVATIONS.csv,62,Extracted row has not passed independent QC.,analysis_ready | qc_passed | ready_for_analysis,extracted_needs_independent_qc
blocker,figure_crop_missing,RATE_EXTRACTED_OBSERVATIONS-62,cf0dfa52-c9e6-4d7f-9ae1-5970162a807f,rate,data/extraction/rate/RATE_EXTRACTED_OBSERVATIONS.csv,62,Figure-derived row has no matching crop-manifest row.,,
blocker,figure_final_clip_missing,RATE_EXTRACTED_OBSERVATIONS-62,cf0dfa52-c9e6-4d7f-9ae1-5970162a807f,rate,data/extraction/rate/RATE_EXTRACTED_OBSERVATIONS.csv,62,Figure-derived row has no concrete final clip file.,existing final_clip_path without placeholders,blank
blocker,figure_digitized_data_missing,RATE_EXTRACTED_OBSERVATIONS-62,cf0dfa52-c9e6-4d7f-9ae1-5970162a807f,rate,data/extraction/rate/RATE_EXTRACTED_OBSERVATIONS.csv,62,Figure-derived row has no concrete digitized data CSV.,existing digitized_data_path without placeholders,blank
blocker,variance_missing,RATE_EXTRACTED_OBSERVATIONS-63,cf0dfa52-c9e6-4d7f-9ae1-5970162a807f,rate,data/extraction/rate/RATE_EXTRACTED_OBSERVATIONS.csv,63,Extracted row lacks variance or raw-count information.,,
blocker,qa_status_not_ready,RATE_EXTRACTED_OBSERVATIONS-63,cf0dfa52-c9e6-4d7f-9ae1-5970162a807f,rate,data/extraction/rate/RATE_EXTRACTED_OBSERVATIONS.csv,63,Extracted row has not passed independent QC.,analysis_ready | qc_passed | ready_for_analysis,extracted_needs_independent_qc
blocker,figure_crop_missing,RATE_EXTRACTED_OBSERVATIONS-63,cf0dfa52-c9e6-4d7f-9ae1-5970162a807f,rate,data/extraction/rate/RATE_EXTRACTED_OBSERVATIONS.csv,63,Figure-derived row has no matching crop-manifest row.,,
blocker,figure_final_clip_missing,RATE_EXTRACTED_OBSERVATIONS-63,cf0dfa52-c9e6-4d7f-9ae1-5970162a807f,rate,data/extraction/rate/RATE_EXTRACTED_OBSERVATIONS.csv,63,Figure-derived row has no concrete final clip file.,existing final_clip_path without placeholders,blank
blocker,figure_digitized_data_missing,RATE_EXTRACTED_OBSERVATIONS-63,cf0dfa52-c9e6-4d7f-9ae1-5970162a807f,rate,data/extraction/rate/RATE_EXTRACTED_OBSERVATIONS.csv,63,Figure-derived row has no concrete digitized data CSV.,existing digitized_data_path without placeholders,blank
blocker,variance_missing,RATE_EXTRACTED_OBSERVATIONS-64,cf0dfa52-c9e6-4d7f-9ae1-5970162a807f,rate,data/extraction/rate/RATE_EXTRACTED_OBSERVATIONS.csv,64,Extracted row lacks variance or raw-count information.,,
blocker,qa_status_not_ready,RATE_EXTRACTED_OBSERVATIONS-64,cf0dfa52-c9e6-4d7f-9ae1-5970162a807f,rate,data/extraction/rate/RATE_EXTRACTED_OBSERVATIONS.csv,64,Extracted row has not passed independent QC.,analysis_ready | qc_passed | ready_for_analysis,extracted_needs_independent_qc
blocker,figure_crop_missing,RATE_EXTRACTED_OBSERVATIONS-64,cf0dfa52-c9e6-4d7f-9ae1-5970162a807f,rate,data/extraction/rate/RATE_EXTRACTED_OBSERVATIONS.csv,64,Figure-derived row has no matching crop-manifest row.,,
blocker,figure_final_clip_missing,RATE_EXTRACTED_OBSERVATIONS-64,cf0dfa52-c9e6-4d7f-9ae1-5970162a807f,rate,data/extraction/rate/RATE_EXTRACTED_OBSERVATIONS.csv,64,Figure-derived row has no concrete final clip file.,existing final_clip_path without placeholders,blank
blocker,figure_digitized_data_missing,RATE_EXTRACTED_OBSERVATIONS-64,cf0dfa52-c9e6-4d7f-9ae1-5970162a807f,rate,data/extraction/rate/RATE_EXTRACTED_OBSERVATIONS.csv,64,Figure-derived row has no concrete digitized data CSV.,existing digitized_data_path without placeholders,blank
