normalized_row_id,source_table,source_row,source_id,response_type,paper_title,local_relpath,analysis_ready,readiness_status,blocking_issue_count,blocking_issues,warning_issues,next_action,taxon_raw,outcome_type,treatment_or_stressor,response_value,response_unit,rate_value,rate_unit,rate_derivation_basis,observation_type,control_value,wounded_value,variance_type,variance_value,sample_size,duration_days,timepoint_or_interval,figure_or_table_label,page,panel_label,qa_status,evidence_key,extraction_provenance,calculation_notes,value_data_file,matched_crop_count,matched_crop_paths,matched_crop_review_statuses,matched_final_clip_paths,matched_digitized_data_paths,concrete_digitized_data_files,concrete_final_clip_files
EXTRACTION_RATES-2,data/extraction/EXTRACTION_RATES.csv,2,dde85c3e-6c0d-4057-9a5a-116138865992,rate,"Bak - 1983 - Neoplasia, regeneration and growth in the reef-building coral Acropora palmata.pdf","literature/META_ANALYSIS_POOL/Bak - 1983 - Neoplasia, regeneration and growth in the reef-building coral Acropora palmata.pdf",0,blocked,5,variance_missing|time_or_duration_missing|source_provenance_missing|page_missing|qa_status_not_ready,,"Record exact figure/table label, page, panel, and evidence key from the PDF before QC.",Acropora palmata,,None,-0.048,Exponential Slope (k),-0.048,Exponential Slope (k),,,,,None,0,32,,,,,,needs_source_provenance_review,,legacy_extraction_row; exact figure/table provenance not yet recorded,Standard 1cm2 lesion,data/extraction/EXTRACTION_RATES.csv,0,,,,,,
EXTRACTION_RATES-3,data/extraction/EXTRACTION_RATES.csv,3,09f69156-3ca0-4bf2-98e2-fe2b25612587,rate,Denis et al. - 2011 - Lesion regeneration capacities in populations of the massive coral Porites lutea at Réunion Island.pdf,literature/META_ANALYSIS_POOL/Denis et al. - 2011 - Lesion regeneration capacities in populations of the massive coral Porites lutea at Réunion Island.pdf,0,blocked,4,time_or_duration_missing|source_provenance_missing|page_missing|qa_status_not_ready,,"Record exact figure/table label, page, panel, and evidence key from the PDF before QC.",Porites lutea,,Seasonal Variation,13.0,mm2 d-1,13.0,mm2 d-1,,,,,SD,7.0,170,,,,,,needs_source_provenance_review,,legacy_extraction_row; exact figure/table provenance not yet recorded,Initial rate range 6-20,data/extraction/EXTRACTION_RATES.csv,0,,,,,,
EXTRACTION_RATES-4,data/extraction/EXTRACTION_RATES.csv,4,84a7b2a4-6982-4dce-a39a-2d4f07d0176b,rate,Oren et al. - 1997 - Effect of lesion size and shape on regeneration of the Red Sea coral Favia favus.pdf,literature/META_ANALYSIS_POOL/Oren et al. - 1997 - Effect of lesion size and shape on regeneration of the Red Sea coral Favia favus.pdf,0,blocked,4,time_or_duration_missing|source_provenance_missing|page_missing|qa_status_not_ready,,"Record exact figure/table label, page, panel, and evidence key from the PDF before QC.",Favia favus,,Lesion Shape,4.7,mm2 d-1,4.7,mm2 d-1,,,,,SD,3.1,46,,,,,,needs_source_provenance_review,,legacy_extraction_row; exact figure/table provenance not yet recorded,Range 1.6 - 7.8,data/extraction/EXTRACTION_RATES.csv,0,,,,,,
EXTRACTION_RATES-5,data/extraction/EXTRACTION_RATES.csv,5,1d9e4e6d-fe25-4609-b0ac-78fdb306c80b,rate,Eh et al. - 1997 - Predicting regeneration of physical damage on a reef-building coral by regeneration capacity and les.pdf,literature/META_ANALYSIS_POOL/Eh et al. - 1997 - Predicting regeneration of physical damage on a reef-building coral by regeneration capacity and les.pdf,0,blocked,4,time_or_duration_missing|source_provenance_missing|page_missing|qa_status_not_ready,,"Record exact figure/table label, page, panel, and evidence key from the PDF before QC.",Montastraea annularis,,Lesion Size,-0.076,Exponential Slope (k),-0.076,Exponential Slope (k),,,,,95% CL,0.01,25,,,,,,needs_source_provenance_review,,legacy_extraction_row; exact figure/table provenance not yet recorded,Steepest slope in smallest lesions,data/extraction/EXTRACTION_RATES.csv,0,,,,,,
EXTRACTION_RATES-6,data/extraction/EXTRACTION_RATES.csv,6,b269f689-c2c5-48a1-8ecb-f284c3ed7edc,rate,Titlyanov et al. - 2005 - Regeneration of artificial injuries on scleractinian corals and coralalgal competition for newly fo.pdf,literature/META_ANALYSIS_POOL/Titlyanov et al. - 2005 - Regeneration of artificial injuries on scleractinian corals and coralalgal competition for newly fo.pdf,0,blocked,4,time_or_duration_missing|source_provenance_missing|page_missing|qa_status_not_ready,,"Record exact figure/table label, page, panel, and evidence key from the PDF before QC.",Porites lutea,,Light Intensity,0.11,mm d-1,0.11,mm d-1,,,,,SD,0.05,5,,,,,,needs_source_provenance_review,,legacy_extraction_row; exact figure/table provenance not yet recorded,Tissue spreading rate,data/extraction/EXTRACTION_RATES.csv,0,,,,,,
EXTRACTION_RATES-7,data/extraction/EXTRACTION_RATES.csv,7,65ccf3b6-92c0-416b-93ba-1cfd827b1ba1,rate,Horricks et al. - 2019 - Differential protein abundance during the first month of regeneration of the Caribbean star coral Mo.pdf,literature/META_ANALYSIS_POOL/Horricks et al. - 2019 - Differential protein abundance during the first month of regeneration of the Caribbean star coral Mo.pdf,0,blocked,4,time_or_duration_missing|source_provenance_missing|page_missing|qa_status_not_ready,,"Record exact figure/table label, page, panel, and evidence key from the PDF before QC.",Montastraea cavernosa,,None,2.8,mm2 d-1,2.8,mm2 d-1,,,,,SE,0.002,30,,,,,,needs_source_provenance_review,,legacy_extraction_row; exact figure/table provenance not yet recorded,Modeled closure rate,data/extraction/EXTRACTION_RATES.csv,0,,,,,,
EXTRACTION_RATES-8,data/extraction/EXTRACTION_RATES.csv,8,b9536b7f-eb24-428a-8a9f-9750a74faa1f,rate,Hall - 2001 - The response of Acropora hyacinthus and Montipora tuberculosa to three different types of colony dam.pdf,literature/META_ANALYSIS_POOL/Hall - 2001 - The response of Acropora hyacinthus and Montipora tuberculosa to three different types of colony dam.pdf,0,blocked,4,time_or_duration_missing|source_provenance_missing|page_missing|qa_status_not_ready,,"Record exact figure/table label, page, panel, and evidence key from the PDF before QC.",Acropora hyacinthus,,Injury Type,3.1,% d-1,3.1,% d-1,,,,,SE,0.13,60,,,,,,needs_source_provenance_review,,legacy_extraction_row; exact figure/table provenance not yet recorded,Scraping healed fastest,data/extraction/EXTRACTION_RATES.csv,0,,,,,,
EXTRACTION_FITNESS-2,data/extraction/EXTRACTION_FITNESS.csv,2,2b8676ad-34ad-450c-8649-095d5be68458,reproduction,Hall_Injury_and_regeneration_of_common_reef-crest_corals.pdf,literature/META_ANALYSIS_POOL/INJURY AND REGENERATION OF COMMON REEF-CREST CORALS.pdf,0,blocked,3,source_provenance_missing|page_missing|qa_status_not_ready,,"Record exact figure/table label, page, panel, and evidence key from the PDF before QC.",Acropora hyacinthus,Egg Number/Polyp,Experimental Wounding,,,,,,Egg Number/Polyp,6.2,5.1,SE,,57,,,,,,needs_source_provenance_review,,legacy_extraction_row; exact figure/table provenance not yet recorded,Sampled near vs away from injury,data/extraction/EXTRACTION_FITNESS.csv,0,,,,,,
EXTRACTION_FITNESS-3,data/extraction/EXTRACTION_FITNESS.csv,3,2b8676ad-34ad-450c-8649-095d5be68458,reproduction,Hall_Injury_and_regeneration_of_common_reef-crest_corals.pdf,literature/META_ANALYSIS_POOL/INJURY AND REGENERATION OF COMMON REEF-CREST CORALS.pdf,0,blocked,3,source_provenance_missing|page_missing|qa_status_not_ready,,"Record exact figure/table label, page, panel, and evidence key from the PDF before QC.",Acropora gemmifera,Egg Number/Polyp,Experimental Wounding,,,,,,Egg Number/Polyp,6.0,5.0,SE,,57,,,,,,needs_source_provenance_review,,legacy_extraction_row; exact figure/table provenance not yet recorded,Sampled near vs away from injury,data/extraction/EXTRACTION_FITNESS.csv,0,,,,,,
EXTRACTION_FITNESS-4,data/extraction/EXTRACTION_FITNESS.csv,4,a3b88246-eb7f-49ed-a997-67c6d36e9413,reproduction,Oren et al. - 2001 - Colony Integration during Regeneration in the Stony Coral Favia favus.pdf,literature/META_ANALYSIS_POOL/Oren et al. - 2001 - Colony Integration during Regeneration in the Stony Coral Favia favus.pdf,0,blocked,3,source_provenance_missing|page_missing|qa_status_not_ready,,"Record exact figure/table label, page, panel, and evidence key from the PDF before QC.",Favia favus,Oocytes/Septum,Monthly Repeated Lesion,,,,,,Oocytes/Septum,14.5,0.9,SD,,18,,,,,,needs_source_provenance_review,,legacy_extraction_row; exact figure/table provenance not yet recorded,Large E-10 lesions at 1cm distance,data/extraction/EXTRACTION_FITNESS.csv,0,,,,,,
EXTRACTION_FITNESS-5,data/extraction/EXTRACTION_FITNESS.csv,5,2e76dce4-6cb4-46c0-b8c4-a1cc91b1578c,reproduction,Van Veghel and Bak - 1994 - Reproductive characteristics of the polymorphic Caribbean reef building coral Montastrea annularis..pdf,literature/META_ANALYSIS_POOL/Van Veghel and Bak - 1994 - Reproductive characteristics of the polymorphic Caribbean reef building coral Montastrea annularis..pdf,0,blocked,3,source_provenance_missing|page_missing|qa_status_not_ready,,"Record exact figure/table label, page, panel, and evidence key from the PDF before QC.",Montastraea annularis (Bumpy),Eggs/Polyp,Natural/Regenerating Lesion,,,,,,Eggs/Polyp,69.9,35.0,SD,,225,,,,,,needs_source_provenance_review,,legacy_extraction_row; exact figure/table provenance not yet recorded,Control sampled >20cm away,data/extraction/EXTRACTION_FITNESS.csv,0,,,,,,
EXTRACTION_FITNESS-6,data/extraction/EXTRACTION_FITNESS.csv,6,2e76dce4-6cb4-46c0-b8c4-a1cc91b1578c,reproduction,Van Veghel and Bak - 1994 - Reproductive characteristics of the polymorphic Caribbean reef building coral Montastrea annularis..pdf,literature/META_ANALYSIS_POOL/Van Veghel and Bak - 1994 - Reproductive characteristics of the polymorphic Caribbean reef building coral Montastrea annularis..pdf,0,blocked,3,source_provenance_missing|page_missing|qa_status_not_ready,,"Record exact figure/table label, page, panel, and evidence key from the PDF before QC.",Montastraea annularis (Massive),Eggs/Polyp,Natural/Regenerating Lesion,,,,,,Eggs/Polyp,29.2,7.6,SD,,261,,,,,,needs_source_provenance_review,,legacy_extraction_row; exact figure/table provenance not yet recorded,Significant reduction in fecundity,data/extraction/EXTRACTION_FITNESS.csv,0,,,,,,
EXTRACTION_FITNESS-7,data/extraction/EXTRACTION_FITNESS.csv,7,6dffe94d-a664-4a6c-8daf-f25ecfa5b50d,reproduction,"Ward - 1995 - The effect of damage on the growth, reproduction and storage of lipids in the scleractinian coral Po.pdf","literature/META_ANALYSIS_POOL/Ward - 1995 - The effect of damage on the growth, reproduction and storage of lipids in the scleractinian coral Po.pdf",0,blocked,3,source_provenance_missing|page_missing|qa_status_not_ready,,"Record exact figure/table label, page, panel, and evidence key from the PDF before QC.",Pocillopora damicornis,Reproductive Potential (IRP),Experimental Fragmentation,,,,,,Reproductive Potential (IRP),43.94,59.58,SE,,36,,,,,,needs_source_provenance_review,,legacy_extraction_row; exact figure/table provenance not yet recorded,Counter-intuitive increase in fecundity,data/extraction/EXTRACTION_FITNESS.csv,0,,,,,,
EXTRACTION_FITNESS-8,data/extraction/EXTRACTION_FITNESS.csv,8,635d9cb2-270b-4bcc-b676-c84b81b0620b,reproduction,Soong and Lang - 1992 - Reproductive Integration in Reef Corals.pdf,literature/META_ANALYSIS_POOL/Soong and Lang - 1992 - Reproductive Integration in Reef Corals.pdf,0,blocked,3,source_provenance_missing|page_missing|qa_status_not_ready,,"Record exact figure/table label, page, panel, and evidence key from the PDF before QC.",Siderastrea radians,Eggs/20 mesenteries,Experimental Artificial Margin,,,,,,Eggs/20 mesenteries,13.0,6.0,None,,29,,,,,,needs_source_provenance_review,,legacy_extraction_row; exact figure/table provenance not yet recorded,Paired comparison within colony,data/extraction/EXTRACTION_FITNESS.csv,0,,,,,,
EXTRACTION_FITNESS-9,data/extraction/EXTRACTION_FITNESS.csv,9,e1fe67b6-7beb-43ff-bb09-b0b2262e6d05,reproduction,"Lirman - 2000 - Fragmentation in the branching coral Acropora palmata (Lamarck) growth, survivorship, and reproduct.pdf","literature/META_ANALYSIS_POOL/Lirman - 2000 - Fragmentation in the branching coral Acropora palmata (Lamarck) growth, survivorship, and reproduct.pdf",0,blocked,3,source_provenance_missing|page_missing|qa_status_not_ready,,"Record exact figure/table label, page, panel, and evidence key from the PDF before QC.",Acropora palmata,% Colonies with Gametes,Natural Hurricane Damage,,,,,,% Colonies with Gametes,80,0,None,,10,,,,,,needs_source_provenance_review,,legacy_extraction_row; exact figure/table provenance not yet recorded,Comparison of undamaged vs damaged colonies,data/extraction/EXTRACTION_FITNESS.csv,0,,,,,,
EXTRACTION_FITNESS-10,data/extraction/EXTRACTION_FITNESS.csv,10,fe532d7a-f878-4a85-962a-7de43d06a80c,reproduction,Rotjan and Lewis - 2009 - Predators selectively graze reproductive structures in a clonal marine organism.pdf,literature/META_ANALYSIS_POOL/Rotjan and Lewis - 2009 - Predators selectively graze reproductive structures in a clonal marine organism.pdf,0,blocked,3,source_provenance_missing|page_missing|qa_status_not_ready,,"Record exact figure/table label, page, panel, and evidence key from the PDF before QC.",Montastraea annularis,Egg Area (mm2),Parrotfish Grazing,,,,,,Egg Area (mm2),0.055,0.049,SE,,24,,,,,,needs_source_provenance_review,,legacy_extraction_row; exact figure/table provenance not yet recorded,Sampled adjacent to scars,data/extraction/EXTRACTION_FITNESS.csv,0,,,,,,
EXTRACTION_FITNESS-11,data/extraction/EXTRACTION_FITNESS.csv,11,26babed0-9e6c-4621-9dca-9253eb39b9fb,growth,Cameron and Edmunds - 2014 - Effects of simulated fish predation on small colonies of massive Porites spp. and Pocillopora meandr.pdf,literature/META_ANALYSIS_POOL/Cameron and Edmunds - 2014 - Effects of simulated fish predation on small colonies of massive Porites spp. and Pocillopora meandr.pdf,0,blocked,4,time_or_duration_missing|source_provenance_missing|page_missing|qa_status_not_ready,,"Record exact figure/table label, page, panel, and evidence key from the PDF before QC.",Porites spp. (massive),Growth (mg cm-2 d-1),Excavated Damage,,,,,,Growth (mg cm-2 d-1),2.83,1.72,SE,,8,,,,,,needs_source_provenance_review,,legacy_extraction_row; exact figure/table provenance not yet recorded,Significant growth reduction,data/extraction/EXTRACTION_FITNESS.csv,0,,,,,,
EXTRACTION_FITNESS-12,data/extraction/EXTRACTION_FITNESS.csv,12,26babed0-9e6c-4621-9dca-9253eb39b9fb,growth,Cameron and Edmunds - 2014 - Effects of simulated fish predation on small colonies of massive Porites spp. and Pocillopora meandr.pdf,literature/META_ANALYSIS_POOL/Cameron and Edmunds - 2014 - Effects of simulated fish predation on small colonies of massive Porites spp. and Pocillopora meandr.pdf,0,blocked,4,time_or_duration_missing|source_provenance_missing|page_missing|qa_status_not_ready,,"Record exact figure/table label, page, panel, and evidence key from the PDF before QC.",Pocillopora meandrina,Growth (mg cm-2 d-1),Excavated Damage,,,,,,Growth (mg cm-2 d-1),2.15,0.99,SE,,8,,,,,,needs_source_provenance_review,,legacy_extraction_row; exact figure/table provenance not yet recorded,54% reduction in growth,data/extraction/EXTRACTION_FITNESS.csv,0,,,,,,
EXTRACTION_FITNESS-13,data/extraction/EXTRACTION_FITNESS.csv,13,b0949a7c-520e-4a37-af04-25979598ec2d,growth,Edmunds and Lenihan - 2010 - Effect of sub-lethal damage to juvenile colonies of massive Porites spp. under contrasting regimes o.pdf,literature/META_ANALYSIS_POOL/Edmunds and Lenihan - 2010 - Effect of sub-lethal damage to juvenile colonies of massive Porites spp. under contrasting regimes o.pdf,0,blocked,4,time_or_duration_missing|source_provenance_missing|page_missing|qa_status_not_ready,,"Record exact figure/table label, page, panel, and evidence key from the PDF before QC.",Porites spp. (massive),Growth (mg cm-2 d-1),Wounding (26.7C),,,,,,Growth (mg cm-2 d-1),1.39,1.74,SE,,10,,,,,,needs_source_provenance_review,,legacy_extraction_row; exact figure/table provenance not yet recorded,Compensatory growth observed,data/extraction/EXTRACTION_FITNESS.csv,0,,,,,,
EXTRACTION_FITNESS-14,data/extraction/EXTRACTION_FITNESS.csv,14,b0949a7c-520e-4a37-af04-25979598ec2d,growth,Edmunds and Lenihan - 2010 - Effect of sub-lethal damage to juvenile colonies of massive Porites spp. under contrasting regimes o.pdf,literature/META_ANALYSIS_POOL/Edmunds and Lenihan - 2010 - Effect of sub-lethal damage to juvenile colonies of massive Porites spp. under contrasting regimes o.pdf,0,blocked,4,time_or_duration_missing|source_provenance_missing|page_missing|qa_status_not_ready,,"Record exact figure/table label, page, panel, and evidence key from the PDF before QC.",Porites spp. (massive),Growth (mg cm-2 d-1),Wounding (29.6C),,,,,,Growth (mg cm-2 d-1),1.58,1.18,SE,,10,,,,,,needs_source_provenance_review,,legacy_extraction_row; exact figure/table provenance not yet recorded,Growth inhibition at high temp,data/extraction/EXTRACTION_FITNESS.csv,0,,,,,,
EXTRACTION_FITNESS-15,data/extraction/EXTRACTION_FITNESS.csv,15,2e3b055f-28df-4def-97aa-660ac537a95f,growth,Edmunds and Yarid - 2017 - The effects of ocean acidification on wound repair in the coral Porites spp..pdf,literature/META_ANALYSIS_POOL/Edmunds and Yarid - 2017 - The effects of ocean acidification on wound repair in the coral Porites spp..pdf,0,blocked,4,time_or_duration_missing|source_provenance_missing|page_missing|qa_status_not_ready,,"Record exact figure/table label, page, panel, and evidence key from the PDF before QC.",Porites spp. (massive),Calcification (mg cm-2 d-1),Acidification (pH 7.6),,,,,,Calcification (mg cm-2 d-1),0.79,0.6,SE,,20,,,,,,needs_source_provenance_review,,legacy_extraction_row; exact figure/table provenance not yet recorded,No significant wounding effect,data/extraction/EXTRACTION_FITNESS.csv,0,,,,,,
EXTRACTION_FITNESS-16,data/extraction/EXTRACTION_FITNESS.csv,16,c84ce087-58f5-4e19-a373-34f57299f6d0,growth,Meesters et al. - 1994 - Damage and regeneration links to growth in the reef-building coral Montastrea annularis.pdf,literature/META_ANALYSIS_POOL/Meesters et al. - 1994 - Damage and regeneration links to growth in the reef-building coral Montastrea annularis.pdf,0,blocked,4,time_or_duration_missing|source_provenance_missing|page_missing|qa_status_not_ready,,"Record exact figure/table label, page, panel, and evidence key from the PDF before QC.",Montastraea annularis,Calcification (mg cm-2 d-1),Experimental Lesion,,,,,,Calcification (mg cm-2 d-1),2.19,1.49,SE,,20,,,,,,needs_source_provenance_review,,legacy_extraction_row; exact figure/table provenance not yet recorded,Immediate calcification decrease,data/extraction/EXTRACTION_FITNESS.csv,0,,,,,,
EXTRACTION_FITNESS-17,data/extraction/EXTRACTION_FITNESS.csv,17,d110a8f5-278e-4ba7-a502-32eb61aed5cb,growth,Lirman et al. - 2010 - Propagation of the threatened staghorn coral Acropora cervicornis methods to minimize the impacts o.pdf,literature/META_ANALYSIS_POOL/Lirman et al. - 2010 - Propagation of the threatened staghorn coral Acropora cervicornis methods to minimize the impacts o.pdf,0,blocked,4,time_or_duration_missing|source_provenance_missing|page_missing|qa_status_not_ready,,"Record exact figure/table label, page, panel, and evidence key from the PDF before QC.",Acropora cervicornis,Linear Growth (cm d-1),Fragmentation,,,,,,Linear Growth (cm d-1),0.04,0.015,SD,,30,,,,,,needs_source_provenance_review,,legacy_extraction_row; exact figure/table provenance not yet recorded,Short-term growth slowdown,data/extraction/EXTRACTION_FITNESS.csv,0,,,,,,
EXTRACTION_SURVIVAL-2,data/extraction/EXTRACTION_SURVIVAL.csv,2,6dffe94d-a664-4a6c-8daf-f25ecfa5b50d,survival,"Ward - 1995 - The effect of damage on the growth, reproduction and storage of lipids in the scleractinian coral Po.pdf","literature/META_ANALYSIS_POOL/Ward - 1995 - The effect of damage on the growth, reproduction and storage of lipids in the scleractinian coral Po.pdf",0,blocked,4,sample_size_missing|source_provenance_missing|page_missing|qa_status_not_ready,,"Record exact figure/table label, page, panel, and evidence key from the PDF before QC.",Pocillopora damicornis,,Experimental Fragmentation,,,,,,,14,24,,,,395,,,,,needs_source_provenance_review,,legacy_extraction_row; exact figure/table provenance not yet recorded,58% mortality in fragments,data/extraction/EXTRACTION_SURVIVAL.csv,0,,,,,,
EXTRACTION_SURVIVAL-3,data/extraction/EXTRACTION_SURVIVAL.csv,3,6dffe94d-a664-4a6c-8daf-f25ecfa5b50d,survival,"Ward - 1995 - The effect of damage on the growth, reproduction and storage of lipids in the scleractinian coral Po.pdf","literature/META_ANALYSIS_POOL/Ward - 1995 - The effect of damage on the growth, reproduction and storage of lipids in the scleractinian coral Po.pdf",0,blocked,4,sample_size_missing|source_provenance_missing|page_missing|qa_status_not_ready,,"Record exact figure/table label, page, panel, and evidence key from the PDF before QC.",Pocillopora damicornis,,Experimental Dislodgement,,,,,,,14,33,,,,395,,,,,needs_source_provenance_review,,legacy_extraction_row; exact figure/table provenance not yet recorded,60% mortality in dislodged corals,data/extraction/EXTRACTION_SURVIVAL.csv,0,,,,,,
EXTRACTION_SURVIVAL-4,data/extraction/EXTRACTION_SURVIVAL.csv,4,002a60bc-55c8-4fdb-860a-1169fc99b2a8,survival,Rice et al. - 2021 - Complex interactions with nutrients and sediment a.pdf,literature/META_ANALYSIS_POOL/Rice et al. - 2021 - Complex interactions with nutrients and sediment a.pdf,0,blocked,4,sample_size_missing|source_provenance_missing|page_missing|qa_status_not_ready,,"Record exact figure/table label, page, panel, and evidence key from the PDF before QC.",Porites spp. (massive),,Snail Predation,,,,,,,11,11,,,,42,,,,,needs_source_provenance_review,,legacy_extraction_row; exact figure/table provenance not yet recorded,31% mortality with snails,data/extraction/EXTRACTION_SURVIVAL.csv,0,,,,,,
EXTRACTION_SURVIVAL-5,data/extraction/EXTRACTION_SURVIVAL.csv,5,002a60bc-55c8-4fdb-860a-1169fc99b2a8,survival,Rice et al. - 2021 - Complex interactions with nutrients and sediment a.pdf,literature/META_ANALYSIS_POOL/Rice et al. - 2021 - Complex interactions with nutrients and sediment a.pdf,0,blocked,4,sample_size_missing|source_provenance_missing|page_missing|qa_status_not_ready,,"Record exact figure/table label, page, panel, and evidence key from the PDF before QC.",Porites spp. (massive),,Sediment + Snail,,,,,,,11,11,,,,42,,,,,needs_source_provenance_review,,legacy_extraction_row; exact figure/table provenance not yet recorded,Sediment did not further increase mortality,data/extraction/EXTRACTION_SURVIVAL.csv,0,,,,,,
EXTRACTION_SURVIVAL-6,data/extraction/EXTRACTION_SURVIVAL.csv,6,e1fe67b6-7beb-43ff-bb09-b0b2262e6d05,survival,"Lirman - 2000 - Fragmentation in the branching coral Acropora palmata (Lamarck) growth, survivorship, and reproduct.pdf","literature/META_ANALYSIS_POOL/Lirman - 2000 - Fragmentation in the branching coral Acropora palmata (Lamarck) growth, survivorship, and reproduct.pdf",0,blocked,4,sample_size_missing|source_provenance_missing|page_missing|qa_status_not_ready,,"Record exact figure/table label, page, panel, and evidence key from the PDF before QC.",Acropora palmata,,Storm Fragmentation,,,,,,,25,25,,,,1460,,,,,needs_source_provenance_review,,legacy_extraction_row; exact figure/table provenance not yet recorded,40% tissue mortality in transplants,data/extraction/EXTRACTION_SURVIVAL.csv,0,,,,,,
EXTRACTION_SURVIVAL-7,data/extraction/EXTRACTION_SURVIVAL.csv,7,12e9e864-5ff1-42c4-a63d-19b5d62a7464,survival,Bak and Es - REGENERATION OF SUPERFICIAL DAMAGE IN THE SCLERACTINIAN CORALS AGARCA AGARCTES F. PURPUREA AND P.pdf,literature/META_ANALYSIS_POOL/Bak and Es - REGENERATION OF SUPERFICIAL DAMAGE IN THE SCLERACTINIAN CORALS AGARCA AGARCTES F. PURPUREA AND P.pdf,0,blocked,4,sample_size_missing|source_provenance_missing|page_missing|qa_status_not_ready,,"Record exact figure/table label, page, panel, and evidence key from the PDF before QC.",Acropora cervicornis,,Disease following damage,,,,,,,0,0,,,,0,,,,,needs_source_provenance_review,,legacy_extraction_row; exact figure/table provenance not yet recorded,Survival negatively impacted by post-wound disease,data/extraction/EXTRACTION_SURVIVAL.csv,0,,,,,,
RATE_EXTRACTED_OBSERVATIONS-2,data/extraction/rate/RATE_EXTRACTED_OBSERVATIONS.csv,2,c9a7e412-6f2f-4baf-9cde-29e23e6aeeb0,rate,,,0,blocked,4,qa_status_not_ready|figure_crop_missing|figure_final_clip_missing|figure_digitized_data_missing,,"Review crop box/panel, create final clip, digitize or transcribe the data file, then independently QC the extracted row.",Acropora pulchra,event_proportion,all treatments pooled,13/14,corals with at least two healing signs,,,time_to_closure,event_proportion,,,,,14,,19 d,Figure 1; Table 1,17,,extracted_needs_independent_qc,pdf_page_17_text,,Prose reports 92 percent or 13 of 14 fragments by day 19; event definition is at least two of polyp corallite or tissue regeneration.,data/extraction/rate/RATE_EXTRACTED_OBSERVATIONS.csv,0,,,,,,
RATE_EXTRACTED_OBSERVATIONS-3,data/extraction/rate/RATE_EXTRACTED_OBSERVATIONS.csv,3,12939915-cb9c-4190-9682-7477eb8d2698,rate,,,0,blocked,5,variance_missing|qa_status_not_ready|figure_crop_missing|figure_final_clip_missing|figure_digitized_data_missing,,"Review crop box/panel, create final clip, digitize or transcribe the data file, then independently QC the extracted row.",Acropora aspera,endpoint_complete_regrowth,ambient SST 26 C,complete,apical tip regrowth,,,time_to_closure,endpoint_complete_regrowth,,,,,5,,12 d,Figures 2A-2F,7,,extracted_needs_independent_qc,pdf_page_7_text,,Ambient injured colonies had complete apical tip regrowth by experimental day 12.,data/extraction/rate/RATE_EXTRACTED_OBSERVATIONS.csv,0,,,,,,
RATE_EXTRACTED_OBSERVATIONS-4,data/extraction/rate/RATE_EXTRACTED_OBSERVATIONS.csv,4,12939915-cb9c-4190-9682-7477eb8d2698,rate,,,0,blocked,5,variance_missing|qa_status_not_ready|figure_crop_missing|figure_final_clip_missing|figure_digitized_data_missing,,"Review crop box/panel, create final clip, digitize or transcribe the data file, then independently QC the extracted row.",Acropora aspera,linear_extension_endpoint,ambient SST 26 C,1.44,mm apical extension,,,time_series_wound_size,linear_extension_endpoint,,,,,5,,6 d,Figure 5,9,,extracted_needs_independent_qc,pdf_page_9_text,,SEM endpoint from fixed landmark to apical tip; ambient extension evident by day 6.,data/extraction/rate/RATE_EXTRACTED_OBSERVATIONS.csv,0,,,,,,
RATE_EXTRACTED_OBSERVATIONS-5,data/extraction/rate/RATE_EXTRACTED_OBSERVATIONS.csv,5,12939915-cb9c-4190-9682-7477eb8d2698,rate,,,0,blocked,5,variance_missing|qa_status_not_ready|figure_crop_missing|figure_final_clip_missing|figure_digitized_data_missing,,"Review crop box/panel, create final clip, digitize or transcribe the data file, then independently QC the extracted row.",Acropora aspera,linear_extension_endpoint,ambient SST 26 C,2.2,mm apical extension,,,time_series_wound_size,linear_extension_endpoint,,,,,5,,12 d,Figure 5,9,,extracted_needs_independent_qc,pdf_page_9_text,,SEM endpoint from fixed landmark to apical tip; complete extension evident by day 12.,data/extraction/rate/RATE_EXTRACTED_OBSERVATIONS.csv,0,,,,,,
RATE_EXTRACTED_OBSERVATIONS-6,data/extraction/rate/RATE_EXTRACTED_OBSERVATIONS.csv,6,12939915-cb9c-4190-9682-7477eb8d2698,rate,,,0,blocked,5,variance_missing|qa_status_not_ready|figure_crop_missing|figure_final_clip_missing|figure_digitized_data_missing,,"Review crop box/panel, create final clip, digitize or transcribe the data file, then independently QC the extracted row.",Acropora aspera,linear_extension_endpoint,sub-bleaching SST 32 C,0.5,mm apical extension,,,time_series_wound_size,linear_extension_endpoint,,,,,5,,10 d,Figure 5,9,,extracted_needs_independent_qc,pdf_page_9_text,,Elevated-temperature treatment had emergent apical tip in some samples by day 10 with only about 0.5 mm extension.,data/extraction/rate/RATE_EXTRACTED_OBSERVATIONS.csv,0,,,,,,
RATE_EXTRACTED_OBSERVATIONS-7,data/extraction/rate/RATE_EXTRACTED_OBSERVATIONS.csv,7,4d1dfa9c-9c0b-438d-bf33-ec928b7d6696,rate,,,0,blocked,4,qa_status_not_ready|figure_crop_missing|figure_final_clip_missing|figure_digitized_data_missing,,"Review crop box/panel, create final clip, digitize or transcribe the data file, then independently QC the extracted row.",Acropora muricata,model_slope_and_time_to_closure,site,24,percent initial lesion size remaining,-0.024,d-1,reported_exponential_slope,model_slope_and_time_to_closure,,,SD,0.012,25,,53 d,Figure 3,3,,extracted_needs_independent_qc,pdf_page_3_text,,Exponential decay slope reported for remaining lesion size; modeled complete healing averaged 192 d.,data/extraction/rate/RATE_EXTRACTED_OBSERVATIONS.csv,0,,,,,,
RATE_EXTRACTED_OBSERVATIONS-8,data/extraction/rate/RATE_EXTRACTED_OBSERVATIONS.csv,8,4d1dfa9c-9c0b-438d-bf33-ec928b7d6696,rate,,,0,blocked,5,variance_missing|qa_status_not_ready|figure_crop_missing|figure_final_clip_missing|figure_digitized_data_missing,,"Review crop box/panel, create final clip, digitize or transcribe the data file, then independently QC the extracted row.",Acropora muricata,model_time_to_closure,site,complete,modeled healing,,,time_to_closure,model_time_to_closure,,,,,25,,192 d,Figure 3,3,,extracted_needs_independent_qc,pdf_page_3_text,,Same exponential model as slope row; complete healing averaged 192 d.,data/extraction/rate/RATE_EXTRACTED_OBSERVATIONS.csv,0,,,,,,
RATE_EXTRACTED_OBSERVATIONS-9,data/extraction/rate/RATE_EXTRACTED_OBSERVATIONS.csv,9,4d1dfa9c-9c0b-438d-bf33-ec928b7d6696,rate,,,0,blocked,4,qa_status_not_ready|figure_crop_missing|figure_final_clip_missing|figure_digitized_data_missing,,"Review crop box/panel, create final clip, digitize or transcribe the data file, then independently QC the extracted row.",Acropora muricata,model_slope_and_time_to_closure,site,3,percent initial lesion size remaining,-0.057,d-1,reported_exponential_slope,model_slope_and_time_to_closure,,,SD,0.017,23,,53 d,Figure 3,3,,extracted_needs_independent_qc,pdf_page_3_text,,Exponential decay slope reported for remaining lesion size; modeled complete healing averaged 81 d.,data/extraction/rate/RATE_EXTRACTED_OBSERVATIONS.csv,0,,,,,,
RATE_EXTRACTED_OBSERVATIONS-10,data/extraction/rate/RATE_EXTRACTED_OBSERVATIONS.csv,10,4d1dfa9c-9c0b-438d-bf33-ec928b7d6696,rate,,,0,blocked,5,variance_missing|qa_status_not_ready|figure_crop_missing|figure_final_clip_missing|figure_digitized_data_missing,,"Review crop box/panel, create final clip, digitize or transcribe the data file, then independently QC the extracted row.",Acropora muricata,model_time_to_closure,site,complete,modeled healing,,,time_to_closure,model_time_to_closure,,,,,23,,81 d,Figure 3,3,,extracted_needs_independent_qc,pdf_page_3_text,,Same exponential model as slope row; complete healing averaged 81 d.,data/extraction/rate/RATE_EXTRACTED_OBSERVATIONS.csv,0,,,,,,
RATE_EXTRACTED_OBSERVATIONS-11,data/extraction/rate/RATE_EXTRACTED_OBSERVATIONS.csv,11,b0949a7c-520e-4a37-af04-25979598ec2d,rate,,,0,blocked,4,qa_status_not_ready|figure_crop_missing|figure_final_clip_missing|figure_digitized_data_missing,,"Review crop box/panel, create final clip, digitize or transcribe the data file, then independently QC the extracted row.",Porites spp.,range_across_treatments,all temperature-flow treatments,42-54,percent lesion area decline,4-5,percent d-1,reported_proportional_rate,range_across_treatments,,,range,across treatments,40,,10 d,Figure 2,6,,coarse_extraction_needs_qc,pdf_page_6_text,,Text reports mean lesion-area decline range over four treatments and equivalent healing rates.,data/extraction/rate/RATE_EXTRACTED_OBSERVATIONS.csv,0,,,,,,
RATE_EXTRACTED_OBSERVATIONS-12,data/extraction/rate/RATE_EXTRACTED_OBSERVATIONS.csv,12,2e3b055f-28df-4def-97aa-660ac537a95f,rate,,,0,blocked,4,qa_status_not_ready|figure_crop_missing|figure_final_clip_missing|figure_digitized_data_missing,,"Review crop box/panel, create final clip, digitize or transcribe the data file, then independently QC the extracted row.",Porites spp.,initial_decline_rate,ambient PCO2,20.6,percent original lesion area remaining at 20 d,7.6,percent d-1,reported_proportional_rate,initial_decline_rate,,,SE,0.8,20,,first 3 d,Figure 2,4,,extracted_needs_independent_qc,pdf_page_4_text,,Initial decline rate from Experiment 2; final endpoint after 20 d retained in response fields.,data/extraction/rate/RATE_EXTRACTED_OBSERVATIONS.csv,0,,,,,,
RATE_EXTRACTED_OBSERVATIONS-13,data/extraction/rate/RATE_EXTRACTED_OBSERVATIONS.csv,13,2e3b055f-28df-4def-97aa-660ac537a95f,rate,,,0,blocked,4,qa_status_not_ready|figure_crop_missing|figure_final_clip_missing|figure_digitized_data_missing,,"Review crop box/panel, create final clip, digitize or transcribe the data file, then independently QC the extracted row.",Porites spp.,initial_decline_rate,elevated PCO2,22.7,percent original lesion area remaining at 20 d,9.0,percent d-1,reported_proportional_rate,initial_decline_rate,,,SE,0.9,20,,first 3 d,Figure 2,4,,extracted_needs_independent_qc,pdf_page_4_text,,Initial decline rate from Experiment 2; final endpoint after 20 d retained in response fields.,data/extraction/rate/RATE_EXTRACTED_OBSERVATIONS.csv,0,,,,,,
RATE_EXTRACTED_OBSERVATIONS-14,data/extraction/rate/RATE_EXTRACTED_OBSERVATIONS.csv,14,2e3b055f-28df-4def-97aa-660ac537a95f,rate,,,0,blocked,5,variance_missing|qa_status_not_ready|figure_crop_missing|figure_final_clip_missing|figure_digitized_data_missing,,"Review crop box/panel, create final clip, digitize or transcribe the data file, then independently QC the extracted row.",Porites spp.,overall_rate,ambient PCO2,,percent original lesion area,4.0,percent d-1,reported_proportional_rate,overall_rate,,,not_reported,,20,,20 d,Figure 2,5,,extracted_needs_independent_qc,pdf_page_5_text,,Discussion reports overall healing rate in ambient PCO2 during Experiment 2.,data/extraction/rate/RATE_EXTRACTED_OBSERVATIONS.csv,0,,,,,,
RATE_EXTRACTED_OBSERVATIONS-15,data/extraction/rate/RATE_EXTRACTED_OBSERVATIONS.csv,15,2e3b055f-28df-4def-97aa-660ac537a95f,rate,,,0,blocked,5,variance_missing|qa_status_not_ready|figure_crop_missing|figure_final_clip_missing|figure_digitized_data_missing,,"Review crop box/panel, create final clip, digitize or transcribe the data file, then independently QC the extracted row.",Porites spp.,overall_rate,elevated PCO2,,percent original lesion area,3.9,percent d-1,reported_proportional_rate,overall_rate,,,not_reported,,20,,20 d,Figure 2,5,,extracted_needs_independent_qc,pdf_page_5_text,,Discussion reports overall healing rate in elevated PCO2 during Experiment 2.,data/extraction/rate/RATE_EXTRACTED_OBSERVATIONS.csv,0,,,,,,
RATE_EXTRACTED_OBSERVATIONS-16,data/extraction/rate/RATE_EXTRACTED_OBSERVATIONS.csv,16,348d7203-b68d-472c-89da-e3e6704b2f50,rate,,,0,blocked,1,qa_status_not_ready,,Independent reviewer should verify the row against the cited PDF/table/figure and set qa_status to qc_passed.,Acropora palmata,model_slope,3 cm from branch tip,,lesion surface area,0.213,base10 exponential slope d-1,reported_exponential_slope,model_slope,,,95% CI,0.170-0.267,21,,30 d,Table 1,4,,extracted_needs_independent_qc,pdf_page_4_table_1,,Model uses lesion size = S0 plus Smax times 10^(-slope*days); slope is reported as positive magnitude.,data/extraction/rate/RATE_EXTRACTED_OBSERVATIONS.csv,0,,,,,,
RATE_EXTRACTED_OBSERVATIONS-17,data/extraction/rate/RATE_EXTRACTED_OBSERVATIONS.csv,17,348d7203-b68d-472c-89da-e3e6704b2f50,rate,,,0,blocked,1,qa_status_not_ready,,Independent reviewer should verify the row against the cited PDF/table/figure and set qa_status to qc_passed.,Acropora palmata,model_slope,12 cm from branch tip,,lesion surface area,0.127,base10 exponential slope d-1,reported_exponential_slope,model_slope,,,95% CI,0.095-0.170,21,,30 d,Table 1,4,,extracted_needs_independent_qc,pdf_page_4_table_1,,Model uses lesion size = S0 plus Smax times 10^(-slope*days); slope is reported as positive magnitude.,data/extraction/rate/RATE_EXTRACTED_OBSERVATIONS.csv,0,,,,,,
RATE_EXTRACTED_OBSERVATIONS-18,data/extraction/rate/RATE_EXTRACTED_OBSERVATIONS.csv,18,348d7203-b68d-472c-89da-e3e6704b2f50,rate,,,0,blocked,1,qa_status_not_ready,,Independent reviewer should verify the row against the cited PDF/table/figure and set qa_status to qc_passed.,Acropora palmata,model_slope,66 cm from branch tip,,lesion surface area,0.065,base10 exponential slope d-1,reported_exponential_slope,model_slope,,,95% CI,0.050-0.085,21,,30 d,Table 1,4,,extracted_needs_independent_qc,pdf_page_4_table_1,,Model uses lesion size = S0 plus Smax times 10^(-slope*days); slope is reported as positive magnitude.,data/extraction/rate/RATE_EXTRACTED_OBSERVATIONS.csv,0,,,,,,
RATE_EXTRACTED_OBSERVATIONS-19,data/extraction/rate/RATE_EXTRACTED_OBSERVATIONS.csv,19,a1e7fabd-36e1-4556-804c-e6f1a9c17581,rate,,,0,blocked,5,sample_size_missing|qa_status_not_ready|figure_crop_missing|figure_final_clip_missing|figure_digitized_data_missing,,"Review crop box/panel, create final clip, digitize or transcribe the data file, then independently QC the extracted row.",Montastraea spp.,short_term_rate,6 m site,,standardized regeneration rate,23,cm d-1 x10^-4 standardized to initial lesion perimeter,reported_proportional_rate,short_term_rate,,,SE,2,,,45-154 d,Figure 4,5,,extracted_needs_independent_qc,pdf_page_5_text,,Short-term regeneration rate among 6 m sites.,data/extraction/rate/RATE_EXTRACTED_OBSERVATIONS.csv,0,,,,,,
RATE_EXTRACTED_OBSERVATIONS-20,data/extraction/rate/RATE_EXTRACTED_OBSERVATIONS.csv,20,a1e7fabd-36e1-4556-804c-e6f1a9c17581,rate,,,0,blocked,5,sample_size_missing|qa_status_not_ready|figure_crop_missing|figure_final_clip_missing|figure_digitized_data_missing,,"Review crop box/panel, create final clip, digitize or transcribe the data file, then independently QC the extracted row.",Montastraea spp.,short_term_rate,6 m site,,standardized regeneration rate,15,cm d-1 x10^-4 standardized to initial lesion perimeter,reported_proportional_rate,short_term_rate,,,SE,2,,,45-154 d,Figure 4,5,,extracted_needs_independent_qc,pdf_page_5_text,,Short-term regeneration rate among 6 m sites.,data/extraction/rate/RATE_EXTRACTED_OBSERVATIONS.csv,0,,,,,,
RATE_EXTRACTED_OBSERVATIONS-21,data/extraction/rate/RATE_EXTRACTED_OBSERVATIONS.csv,21,a1e7fabd-36e1-4556-804c-e6f1a9c17581,rate,,,0,blocked,5,sample_size_missing|qa_status_not_ready|figure_crop_missing|figure_final_clip_missing|figure_digitized_data_missing,,"Review crop box/panel, create final clip, digitize or transcribe the data file, then independently QC the extracted row.",Montastraea spp.,short_term_rate,6 m site,,standardized regeneration rate,7,cm d-1 x10^-4 standardized to initial lesion perimeter,reported_proportional_rate,short_term_rate,,,SE,2,,,45-154 d,Figure 4,5,,extracted_needs_independent_qc,pdf_page_5_text,,Short-term regeneration rate among 6 m sites.,data/extraction/rate/RATE_EXTRACTED_OBSERVATIONS.csv,0,,,,,,
RATE_EXTRACTED_OBSERVATIONS-22,data/extraction/rate/RATE_EXTRACTED_OBSERVATIONS.csv,22,a1e7fabd-36e1-4556-804c-e6f1a9c17581,rate,,,0,blocked,5,sample_size_missing|qa_status_not_ready|figure_crop_missing|figure_final_clip_missing|figure_digitized_data_missing,,"Review crop box/panel, create final clip, digitize or transcribe the data file, then independently QC the extracted row.",Montastraea spp.,short_term_rate,6 m site,,standardized regeneration rate,6,cm d-1 x10^-4 standardized to initial lesion perimeter,reported_proportional_rate,short_term_rate,,,SE,2,,,45-154 d,Figure 4,5,,extracted_needs_independent_qc,pdf_page_5_text,,Short-term regeneration rate among 6 m sites.,data/extraction/rate/RATE_EXTRACTED_OBSERVATIONS.csv,0,,,,,,
RATE_EXTRACTED_OBSERVATIONS-23,data/extraction/rate/RATE_EXTRACTED_OBSERVATIONS.csv,23,a1e7fabd-36e1-4556-804c-e6f1a9c17581,rate,,,0,blocked,5,sample_size_missing|qa_status_not_ready|figure_crop_missing|figure_final_clip_missing|figure_digitized_data_missing,,"Review crop box/panel, create final clip, digitize or transcribe the data file, then independently QC the extracted row.",Montastraea spp.,short_term_rate,depth gradient,,standardized regeneration rate,19,cm d-1 x10^-4 standardized to initial lesion perimeter,reported_proportional_rate,short_term_rate,,,SE,3,,,45-154 d,Figure 4,6,,extracted_needs_independent_qc,pdf_page_6_text,,Short-term regeneration rate along depth gradient.,data/extraction/rate/RATE_EXTRACTED_OBSERVATIONS.csv,0,,,,,,
RATE_EXTRACTED_OBSERVATIONS-24,data/extraction/rate/RATE_EXTRACTED_OBSERVATIONS.csv,24,a1e7fabd-36e1-4556-804c-e6f1a9c17581,rate,,,0,blocked,5,sample_size_missing|qa_status_not_ready|figure_crop_missing|figure_final_clip_missing|figure_digitized_data_missing,,"Review crop box/panel, create final clip, digitize or transcribe the data file, then independently QC the extracted row.",Montastraea spp.,short_term_rate,depth gradient,,standardized regeneration rate,7,cm d-1 x10^-4 standardized to initial lesion perimeter,reported_proportional_rate,short_term_rate,,,SE,2,,,45-154 d,Figure 4,6,,extracted_needs_independent_qc,pdf_page_6_text,,Short-term regeneration rate along depth gradient.,data/extraction/rate/RATE_EXTRACTED_OBSERVATIONS.csv,0,,,,,,
RATE_EXTRACTED_OBSERVATIONS-25,data/extraction/rate/RATE_EXTRACTED_OBSERVATIONS.csv,25,3a3fb59c-a303-49f1-aa80-21ffe7d182cf,rate,,,0,blocked,1,qa_status_not_ready,,Independent reviewer should verify the row against the cited PDF/table/figure and set qa_status to qc_passed.,Acropora palmata,interval_linear_rate,Oct-Dec interval,,linear tissue-front advance,1.59,cm month-1,reported_linear_rate,interval_linear_rate,,,SE,0.31,6,,T1-T2,Table I,7,,extracted_needs_independent_qc,pdf_page_7_table_1,,Overall mean for six natural hurricane-generated lesions.,data/extraction/rate/RATE_EXTRACTED_OBSERVATIONS.csv,0,,,,,,
RATE_EXTRACTED_OBSERVATIONS-26,data/extraction/rate/RATE_EXTRACTED_OBSERVATIONS.csv,26,3a3fb59c-a303-49f1-aa80-21ffe7d182cf,rate,,,0,blocked,1,qa_status_not_ready,,Independent reviewer should verify the row against the cited PDF/table/figure and set qa_status to qc_passed.,Acropora palmata,interval_linear_rate,Dec-Mar interval,,linear tissue-front advance,0.78,cm month-1,reported_linear_rate,interval_linear_rate,,,SE,0.21,6,,T2-T3,Table I,7,,extracted_needs_independent_qc,pdf_page_7_table_1,,Overall mean for six natural hurricane-generated lesions.,data/extraction/rate/RATE_EXTRACTED_OBSERVATIONS.csv,0,,,,,,
RATE_EXTRACTED_OBSERVATIONS-27,data/extraction/rate/RATE_EXTRACTED_OBSERVATIONS.csv,27,3a3fb59c-a303-49f1-aa80-21ffe7d182cf,rate,,,0,blocked,1,qa_status_not_ready,,Independent reviewer should verify the row against the cited PDF/table/figure and set qa_status to qc_passed.,Acropora palmata,interval_linear_rate,Oct-Mar interval,,linear tissue-front advance,1.47,cm month-1,reported_linear_rate,interval_linear_rate,,,SE,0.16,6,,T1-T3,Table I,7,,extracted_needs_independent_qc,pdf_page_7_table_1,,Overall mean for six natural hurricane-generated lesions.,data/extraction/rate/RATE_EXTRACTED_OBSERVATIONS.csv,0,,,,,,
RATE_EXTRACTED_OBSERVATIONS-28,data/extraction/rate/RATE_EXTRACTED_OBSERVATIONS.csv,28,3a3fb59c-a303-49f1-aa80-21ffe7d182cf,rate,,,0,blocked,1,qa_status_not_ready,,Independent reviewer should verify the row against the cited PDF/table/figure and set qa_status to qc_passed.,Acropora palmata,interval_areal_rate,Oct-Mar interval,,area recovered,3.0,cm2 month-1,reported_areal_rate,interval_areal_rate,,,SE,0.7,6,,T1-T3,Table I,7,,extracted_needs_independent_qc,pdf_page_7_table_1,,Overall mean area recovered for six natural hurricane-generated lesions.,data/extraction/rate/RATE_EXTRACTED_OBSERVATIONS.csv,0,,,,,,
RATE_EXTRACTED_OBSERVATIONS-29,data/extraction/rate/RATE_EXTRACTED_OBSERVATIONS.csv,29,3a3fb59c-a303-49f1-aa80-21ffe7d182cf,rate,,,0,blocked,1,qa_status_not_ready,,Independent reviewer should verify the row against the cited PDF/table/figure and set qa_status to qc_passed.,Acropora palmata,endpoint_percent_recovered,Oct-Mar interval,31.1,percent area recovered,,percent,initial_final_wound_size,endpoint_percent_recovered,,,SE,6.7,6,,T1-T3,Table I,7,,extracted_needs_independent_qc,pdf_page_7_table_1,,Overall mean percent area recovered across six natural hurricane-generated lesions.,data/extraction/rate/RATE_EXTRACTED_OBSERVATIONS.csv,0,,,,,,
RATE_EXTRACTED_OBSERVATIONS-30,data/extraction/rate/RATE_EXTRACTED_OBSERVATIONS.csv,30,6a14a9e9-da4e-425f-bf9d-59fa573487e1,rate,,,0,blocked,2,sample_size_missing|qa_status_not_ready,,"Resolve blocking fields, then independently verify against the source PDF.",Siderastrea siderea,endpoint_percent_regenerated,oiled reefs,47.0,percent regenerated,,percent,initial_final_wound_size,endpoint_percent_regenerated,,,SD,10.8,,,12 mo,Table 6,8,,extracted_needs_independent_qc,pdf_page_8_table_6,,Experiment 1 percent coral regeneration.,data/extraction/rate/RATE_EXTRACTED_OBSERVATIONS.csv,0,,,,,,
RATE_EXTRACTED_OBSERVATIONS-31,data/extraction/rate/RATE_EXTRACTED_OBSERVATIONS.csv,31,6a14a9e9-da4e-425f-bf9d-59fa573487e1,rate,,,0,blocked,2,sample_size_missing|qa_status_not_ready,,"Resolve blocking fields, then independently verify against the source PDF.",Siderastrea siderea,endpoint_percent_regenerated,unoiled reefs,6.1,percent regenerated,,percent,initial_final_wound_size,endpoint_percent_regenerated,,,SD,3.0,,,12 mo,Table 6,8,,extracted_needs_independent_qc,pdf_page_8_table_6,,Experiment 1 percent coral regeneration.,data/extraction/rate/RATE_EXTRACTED_OBSERVATIONS.csv,0,,,,,,
RATE_EXTRACTED_OBSERVATIONS-32,data/extraction/rate/RATE_EXTRACTED_OBSERVATIONS.csv,32,6a14a9e9-da4e-425f-bf9d-59fa573487e1,rate,,,0,blocked,2,sample_size_missing|qa_status_not_ready,,"Resolve blocking fields, then independently verify against the source PDF.",Siderastrea siderea,endpoint_percent_regenerated,oiled reefs,76.5,percent regenerated,,percent,initial_final_wound_size,endpoint_percent_regenerated,,,SD,3.5,,,22 mo,Table 6,8,,extracted_needs_independent_qc,pdf_page_8_table_6,,Experiment 2 percent coral regeneration.,data/extraction/rate/RATE_EXTRACTED_OBSERVATIONS.csv,0,,,,,,
RATE_EXTRACTED_OBSERVATIONS-33,data/extraction/rate/RATE_EXTRACTED_OBSERVATIONS.csv,33,6a14a9e9-da4e-425f-bf9d-59fa573487e1,rate,,,0,blocked,2,sample_size_missing|qa_status_not_ready,,"Resolve blocking fields, then independently verify against the source PDF.",Siderastrea siderea,endpoint_percent_regenerated,unoiled reefs,35.2,percent regenerated,,percent,initial_final_wound_size,endpoint_percent_regenerated,,,SD,10.1,,,22 mo,Table 6,8,,extracted_needs_independent_qc,pdf_page_8_table_6,,Experiment 2 percent coral regeneration.,data/extraction/rate/RATE_EXTRACTED_OBSERVATIONS.csv,0,,,,,,
RATE_EXTRACTED_OBSERVATIONS-34,data/extraction/rate/RATE_EXTRACTED_OBSERVATIONS.csv,34,6a14a9e9-da4e-425f-bf9d-59fa573487e1,rate,,,0,blocked,2,sample_size_missing|qa_status_not_ready,,"Resolve blocking fields, then independently verify against the source PDF.",Siderastrea siderea,endpoint_percent_regenerated,oiled reefs reciprocal transplant,80.5,percent regenerated,,percent,initial_final_wound_size,endpoint_percent_regenerated,,,SD,4.4,,,25 mo,Table 6,8,,extracted_needs_independent_qc,pdf_page_8_table_6,,Reciprocal transplant percent coral regeneration.,data/extraction/rate/RATE_EXTRACTED_OBSERVATIONS.csv,0,,,,,,
RATE_EXTRACTED_OBSERVATIONS-35,data/extraction/rate/RATE_EXTRACTED_OBSERVATIONS.csv,35,6a14a9e9-da4e-425f-bf9d-59fa573487e1,rate,,,0,blocked,2,sample_size_missing|qa_status_not_ready,,"Resolve blocking fields, then independently verify against the source PDF.",Siderastrea siderea,endpoint_percent_regenerated,unoiled reefs reciprocal transplant,35.9,percent regenerated,,percent,initial_final_wound_size,endpoint_percent_regenerated,,,SD,5.4,,,25 mo,Table 6,8,,extracted_needs_independent_qc,pdf_page_8_table_6,,Reciprocal transplant percent coral regeneration.,data/extraction/rate/RATE_EXTRACTED_OBSERVATIONS.csv,0,,,,,,
RATE_EXTRACTED_OBSERVATIONS-36,data/extraction/rate/RATE_EXTRACTED_OBSERVATIONS.csv,36,6a14a9e9-da4e-425f-bf9d-59fa573487e1,rate,,,0,blocked,2,sample_size_missing|qa_status_not_ready,,"Resolve blocking fields, then independently verify against the source PDF.",Porites astreoides,endpoint_percent_regenerated,oiled reefs,49.1,percent regenerated,,percent,initial_final_wound_size,endpoint_percent_regenerated,,,SD,13.0,,,12 mo,Table 6,8,,extracted_needs_independent_qc,pdf_page_8_table_6,,Experiment 1 percent coral regeneration.,data/extraction/rate/RATE_EXTRACTED_OBSERVATIONS.csv,0,,,,,,
RATE_EXTRACTED_OBSERVATIONS-37,data/extraction/rate/RATE_EXTRACTED_OBSERVATIONS.csv,37,6a14a9e9-da4e-425f-bf9d-59fa573487e1,rate,,,0,blocked,2,sample_size_missing|qa_status_not_ready,,"Resolve blocking fields, then independently verify against the source PDF.",Porites astreoides,endpoint_percent_regenerated,unoiled reefs,41.8,percent regenerated,,percent,initial_final_wound_size,endpoint_percent_regenerated,,,SD,13.7,,,12 mo,Table 6,8,,extracted_needs_independent_qc,pdf_page_8_table_6,,Experiment 1 percent coral regeneration.,data/extraction/rate/RATE_EXTRACTED_OBSERVATIONS.csv,0,,,,,,
RATE_EXTRACTED_OBSERVATIONS-38,data/extraction/rate/RATE_EXTRACTED_OBSERVATIONS.csv,38,6a14a9e9-da4e-425f-bf9d-59fa573487e1,rate,,,0,blocked,2,sample_size_missing|qa_status_not_ready,,"Resolve blocking fields, then independently verify against the source PDF.",Porites astreoides,endpoint_percent_regenerated,oiled reefs,91.1,percent regenerated,,percent,initial_final_wound_size,endpoint_percent_regenerated,,,SD,1.8,,,22 mo,Table 6,8,,extracted_needs_independent_qc,pdf_page_8_table_6,,Experiment 2 percent coral regeneration.,data/extraction/rate/RATE_EXTRACTED_OBSERVATIONS.csv,0,,,,,,
RATE_EXTRACTED_OBSERVATIONS-39,data/extraction/rate/RATE_EXTRACTED_OBSERVATIONS.csv,39,6a14a9e9-da4e-425f-bf9d-59fa573487e1,rate,,,0,blocked,2,sample_size_missing|qa_status_not_ready,,"Resolve blocking fields, then independently verify against the source PDF.",Porites astreoides,endpoint_percent_regenerated,unoiled reefs,59.2,percent regenerated,,percent,initial_final_wound_size,endpoint_percent_regenerated,,,SD,12.8,,,22 mo,Table 6,8,,extracted_needs_independent_qc,pdf_page_8_table_6,,Experiment 2 percent coral regeneration.,data/extraction/rate/RATE_EXTRACTED_OBSERVATIONS.csv,0,,,,,,
RATE_EXTRACTED_OBSERVATIONS-40,data/extraction/rate/RATE_EXTRACTED_OBSERVATIONS.csv,40,6a14a9e9-da4e-425f-bf9d-59fa573487e1,rate,,,0,blocked,2,sample_size_missing|qa_status_not_ready,,"Resolve blocking fields, then independently verify against the source PDF.",Porites astreoides,endpoint_percent_regenerated,oiled reefs reciprocal transplant,83.9,percent regenerated,,percent,initial_final_wound_size,endpoint_percent_regenerated,,,SD,5.0,,,25 mo,Table 6,8,,extracted_needs_independent_qc,pdf_page_8_table_6,,Reciprocal transplant percent coral regeneration.,data/extraction/rate/RATE_EXTRACTED_OBSERVATIONS.csv,0,,,,,,
RATE_EXTRACTED_OBSERVATIONS-41,data/extraction/rate/RATE_EXTRACTED_OBSERVATIONS.csv,41,6a14a9e9-da4e-425f-bf9d-59fa573487e1,rate,,,0,blocked,2,sample_size_missing|qa_status_not_ready,,"Resolve blocking fields, then independently verify against the source PDF.",Porites astreoides,endpoint_percent_regenerated,unoiled reefs reciprocal transplant,50.2,percent regenerated,,percent,initial_final_wound_size,endpoint_percent_regenerated,,,SD,7.5,,,25 mo,Table 6,8,,extracted_needs_independent_qc,pdf_page_8_table_6,,Reciprocal transplant percent coral regeneration.,data/extraction/rate/RATE_EXTRACTED_OBSERVATIONS.csv,0,,,,,,
RATE_EXTRACTED_OBSERVATIONS-42,data/extraction/rate/RATE_EXTRACTED_OBSERVATIONS.csv,42,6a14a9e9-da4e-425f-bf9d-59fa573487e1,rate,,,0,blocked,2,sample_size_missing|qa_status_not_ready,,"Resolve blocking fields, then independently verify against the source PDF.",Diploria clivosa,endpoint_percent_regenerated,oiled reefs,89.7,percent regenerated,,percent,initial_final_wound_size,endpoint_percent_regenerated,,,SD,1.6,,,22 mo,Table 6,8,,extracted_needs_independent_qc,pdf_page_8_table_6,,Experiment 2 percent coral regeneration.,data/extraction/rate/RATE_EXTRACTED_OBSERVATIONS.csv,0,,,,,,
RATE_EXTRACTED_OBSERVATIONS-43,data/extraction/rate/RATE_EXTRACTED_OBSERVATIONS.csv,43,6a14a9e9-da4e-425f-bf9d-59fa573487e1,rate,,,0,blocked,2,sample_size_missing|qa_status_not_ready,,"Resolve blocking fields, then independently verify against the source PDF.",Diploria clivosa,endpoint_percent_regenerated,unoiled reefs,77.6,percent regenerated,,percent,initial_final_wound_size,endpoint_percent_regenerated,,,SD,4.9,,,22 mo,Table 6,8,,extracted_needs_independent_qc,pdf_page_8_table_6,,Experiment 2 percent coral regeneration.,data/extraction/rate/RATE_EXTRACTED_OBSERVATIONS.csv,0,,,,,,
RATE_EXTRACTED_OBSERVATIONS-44,data/extraction/rate/RATE_EXTRACTED_OBSERVATIONS.csv,44,6a14a9e9-da4e-425f-bf9d-59fa573487e1,rate,,,0,blocked,2,sample_size_missing|qa_status_not_ready,,"Resolve blocking fields, then independently verify against the source PDF.",Diploria clivosa,endpoint_percent_regenerated,oiled reefs reciprocal transplant,88.7,percent regenerated,,percent,initial_final_wound_size,endpoint_percent_regenerated,,,SD,3.5,,,25 mo,Table 6,8,,extracted_needs_independent_qc,pdf_page_8_table_6,,Reciprocal transplant percent coral regeneration.,data/extraction/rate/RATE_EXTRACTED_OBSERVATIONS.csv,0,,,,,,
RATE_EXTRACTED_OBSERVATIONS-45,data/extraction/rate/RATE_EXTRACTED_OBSERVATIONS.csv,45,6a14a9e9-da4e-425f-bf9d-59fa573487e1,rate,,,0,blocked,2,sample_size_missing|qa_status_not_ready,,"Resolve blocking fields, then independently verify against the source PDF.",Diploria clivosa,endpoint_percent_regenerated,unoiled reefs reciprocal transplant,79.7,percent regenerated,,percent,initial_final_wound_size,endpoint_percent_regenerated,,,SD,6.4,,,25 mo,Table 6,8,,extracted_needs_independent_qc,pdf_page_8_table_6,,Reciprocal transplant percent coral regeneration.,data/extraction/rate/RATE_EXTRACTED_OBSERVATIONS.csv,0,,,,,,
RATE_EXTRACTED_OBSERVATIONS-46,data/extraction/rate/RATE_EXTRACTED_OBSERVATIONS.csv,46,6a14a9e9-da4e-425f-bf9d-59fa573487e1,rate,,,0,blocked,2,sample_size_missing|qa_status_not_ready,,"Resolve blocking fields, then independently verify against the source PDF.",Diploria strigosa,endpoint_percent_regenerated,oiled reefs,79.2,percent regenerated,,percent,initial_final_wound_size,endpoint_percent_regenerated,,,SD,4.8,,,22 mo,Table 6,8,,extracted_needs_independent_qc,pdf_page_8_table_6,,Experiment 2 percent coral regeneration.,data/extraction/rate/RATE_EXTRACTED_OBSERVATIONS.csv,0,,,,,,
RATE_EXTRACTED_OBSERVATIONS-47,data/extraction/rate/RATE_EXTRACTED_OBSERVATIONS.csv,47,6a14a9e9-da4e-425f-bf9d-59fa573487e1,rate,,,0,blocked,2,sample_size_missing|qa_status_not_ready,,"Resolve blocking fields, then independently verify against the source PDF.",Diploria strigosa,endpoint_percent_regenerated,unoiled reefs,56.6,percent regenerated,,percent,initial_final_wound_size,endpoint_percent_regenerated,,,SD,6.1,,,22 mo,Table 6,8,,extracted_needs_independent_qc,pdf_page_8_table_6,,Experiment 2 percent coral regeneration.,data/extraction/rate/RATE_EXTRACTED_OBSERVATIONS.csv,0,,,,,,
RATE_EXTRACTED_OBSERVATIONS-48,data/extraction/rate/RATE_EXTRACTED_OBSERVATIONS.csv,48,6a14a9e9-da4e-425f-bf9d-59fa573487e1,rate,,,0,blocked,2,sample_size_missing|qa_status_not_ready,,"Resolve blocking fields, then independently verify against the source PDF.",Diploria strigosa,endpoint_percent_regenerated,oiled reefs reciprocal transplant,82.5,percent regenerated,,percent,initial_final_wound_size,endpoint_percent_regenerated,,,SD,10.0,,,25 mo,Table 6,8,,extracted_needs_independent_qc,pdf_page_8_table_6,,Reciprocal transplant percent coral regeneration.,data/extraction/rate/RATE_EXTRACTED_OBSERVATIONS.csv,0,,,,,,
RATE_EXTRACTED_OBSERVATIONS-49,data/extraction/rate/RATE_EXTRACTED_OBSERVATIONS.csv,49,6a14a9e9-da4e-425f-bf9d-59fa573487e1,rate,,,0,blocked,2,sample_size_missing|qa_status_not_ready,,"Resolve blocking fields, then independently verify against the source PDF.",Diploria strigosa,endpoint_percent_regenerated,unoiled reefs reciprocal transplant,81.5,percent regenerated,,percent,initial_final_wound_size,endpoint_percent_regenerated,,,SD,9.9,,,25 mo,Table 6,8,,extracted_needs_independent_qc,pdf_page_8_table_6,,Reciprocal transplant percent coral regeneration.,data/extraction/rate/RATE_EXTRACTED_OBSERVATIONS.csv,0,,,,,,
RATE_EXTRACTED_OBSERVATIONS-50,data/extraction/rate/RATE_EXTRACTED_OBSERVATIONS.csv,50,3764e810-0eb0-4d34-baca-2c5136c95bc8,rate,,,0,blocked,4,qa_status_not_ready|figure_crop_missing|figure_final_clip_missing|figure_digitized_data_missing,,"Review crop box/panel, create final clip, digitize or transcribe the data file, then independently QC the extracted row.",Acropora palmata,closure_rate,small lesions <5 cm2,,linear closure rate,7.3,mm month-1,reported_linear_rate,closure_rate,,,SE,1.31,20,,first 30 d,Figure 3,3,,extracted_needs_independent_qc,pdf_page_3_text,,Mean closure rate first 30 d; extra-large lesions excluded.,data/extraction/rate/RATE_EXTRACTED_OBSERVATIONS.csv,0,,,,,,
RATE_EXTRACTED_OBSERVATIONS-51,data/extraction/rate/RATE_EXTRACTED_OBSERVATIONS.csv,51,3764e810-0eb0-4d34-baca-2c5136c95bc8,rate,,,0,blocked,4,qa_status_not_ready|figure_crop_missing|figure_final_clip_missing|figure_digitized_data_missing,,"Review crop box/panel, create final clip, digitize or transcribe the data file, then independently QC the extracted row.",Acropora palmata,closure_rate,medium lesions 5-10 cm2,,linear closure rate,4.9,mm month-1,reported_linear_rate,closure_rate,,,SE,0.4,20,,first 30 d,Figure 3,3,,extracted_needs_independent_qc,pdf_page_3_text,,Mean closure rate first 30 d.,data/extraction/rate/RATE_EXTRACTED_OBSERVATIONS.csv,0,,,,,,
RATE_EXTRACTED_OBSERVATIONS-52,data/extraction/rate/RATE_EXTRACTED_OBSERVATIONS.csv,52,3764e810-0eb0-4d34-baca-2c5136c95bc8,rate,,,0,blocked,4,qa_status_not_ready|figure_crop_missing|figure_final_clip_missing|figure_digitized_data_missing,,"Review crop box/panel, create final clip, digitize or transcribe the data file, then independently QC the extracted row.",Acropora palmata,closure_rate,large lesions 10-20 cm2,,linear closure rate,4.3,mm month-1,reported_linear_rate,closure_rate,,,SE,0.3,12,,first 30 d,Figure 3,3,,extracted_needs_independent_qc,pdf_page_3_text,,Mean closure rate first 30 d.,data/extraction/rate/RATE_EXTRACTED_OBSERVATIONS.csv,0,,,,,,
RATE_EXTRACTED_OBSERVATIONS-53,data/extraction/rate/RATE_EXTRACTED_OBSERVATIONS.csv,53,6b96575e-9bf7-46f2-a12e-73b565f46629,rate,,,0,blocked,5,variance_missing|qa_status_not_ready|figure_crop_missing|figure_final_clip_missing|figure_digitized_data_missing,,"Review crop box/panel, create final clip, digitize or transcribe the data file, then independently QC the extracted row.",Montastrea annularis,mean_regeneration_rate,bleached colonies,,mean tissue regeneration,10.5,mm2 d-1,reported_areal_rate,mean_regeneration_rate,,,not_reported,,41,,first 8 d,Figure 3,4,,extracted_needs_independent_qc,pdf_page_4_text,,Mean regeneration rate of bleached colonies during first 8 d.,data/extraction/rate/RATE_EXTRACTED_OBSERVATIONS.csv,0,,,,,,
RATE_EXTRACTED_OBSERVATIONS-54,data/extraction/rate/RATE_EXTRACTED_OBSERVATIONS.csv,54,6b96575e-9bf7-46f2-a12e-73b565f46629,rate,,,0,blocked,5,variance_missing|qa_status_not_ready|figure_crop_missing|figure_final_clip_missing|figure_digitized_data_missing,,"Review crop box/panel, create final clip, digitize or transcribe the data file, then independently QC the extracted row.",Montastrea annularis,mean_regeneration_rate,normal colonies,,mean tissue regeneration,13.9,mm2 d-1,reported_areal_rate,mean_regeneration_rate,,,not_reported,,26,,first 8 d,Figure 3,4,,extracted_needs_independent_qc,pdf_page_4_text,,Mean regeneration rate of normal colonies during first 8 d.,data/extraction/rate/RATE_EXTRACTED_OBSERVATIONS.csv,0,,,,,,
RATE_EXTRACTED_OBSERVATIONS-55,data/extraction/rate/RATE_EXTRACTED_OBSERVATIONS.csv,55,6b96575e-9bf7-46f2-a12e-73b565f46629,rate,,,0,blocked,2,sample_size_missing|qa_status_not_ready,,"Resolve blocking fields, then independently verify against the source PDF.",Porites astreoides,mean_regeneration_rate,bleached Site 1,,mean tissue regeneration,5.4,mm2 d-1,reported_areal_rate,mean_regeneration_rate,,,SE,1.5,,,first 8 d,Table 1,5,,extracted_needs_independent_qc,pdf_page_5_table_1,,Mean regeneration rate plus SE in Table 1.,data/extraction/rate/RATE_EXTRACTED_OBSERVATIONS.csv,0,,,,,,
RATE_EXTRACTED_OBSERVATIONS-56,data/extraction/rate/RATE_EXTRACTED_OBSERVATIONS.csv,56,6b96575e-9bf7-46f2-a12e-73b565f46629,rate,,,0,blocked,2,sample_size_missing|qa_status_not_ready,,"Resolve blocking fields, then independently verify against the source PDF.",Porites astreoides,mean_regeneration_rate,normal Site 1,,mean tissue regeneration,9.0,mm2 d-1,reported_areal_rate,mean_regeneration_rate,,,SE,1.2,,,first 8 d,Table 1,5,,extracted_needs_independent_qc,pdf_page_5_table_1,,Mean regeneration rate plus SE in Table 1.,data/extraction/rate/RATE_EXTRACTED_OBSERVATIONS.csv,0,,,,,,
RATE_EXTRACTED_OBSERVATIONS-57,data/extraction/rate/RATE_EXTRACTED_OBSERVATIONS.csv,57,6b96575e-9bf7-46f2-a12e-73b565f46629,rate,,,0,blocked,2,sample_size_missing|qa_status_not_ready,,"Resolve blocking fields, then independently verify against the source PDF.",Porites astreoides,mean_regeneration_rate,bleached in effluent Site 2,,mean tissue regeneration,8.9,mm2 d-1,reported_areal_rate,mean_regeneration_rate,,,SE,1.1,,,first 8 d,Table 1,5,,extracted_needs_independent_qc,pdf_page_5_table_1,,Mean regeneration rate plus SE in Table 1.,data/extraction/rate/RATE_EXTRACTED_OBSERVATIONS.csv,0,,,,,,
RATE_EXTRACTED_OBSERVATIONS-58,data/extraction/rate/RATE_EXTRACTED_OBSERVATIONS.csv,58,6b96575e-9bf7-46f2-a12e-73b565f46629,rate,,,0,blocked,1,qa_status_not_ready,,Independent reviewer should verify the row against the cited PDF/table/figure and set qa_status to qc_passed.,Porites astreoides,mean_regeneration_rate,normal Site 3,,mean tissue regeneration,12.4,mm2 d-1,reported_areal_rate,mean_regeneration_rate,,,SE,0.5,31,,first 8 d,Table 1,5,,extracted_needs_independent_qc,pdf_page_5_table_1,,Mean regeneration rate plus SE in Table 1.,data/extraction/rate/RATE_EXTRACTED_OBSERVATIONS.csv,0,,,,,,
RATE_EXTRACTED_OBSERVATIONS-59,data/extraction/rate/RATE_EXTRACTED_OBSERVATIONS.csv,59,6b96575e-9bf7-46f2-a12e-73b565f46629,rate,,,0,blocked,1,qa_status_not_ready,,Independent reviewer should verify the row against the cited PDF/table/figure and set qa_status to qc_passed.,Porites astreoides,mean_regeneration_rate,bleached transplanted Site 3,,mean tissue regeneration,14.3,mm2 d-1,reported_areal_rate,mean_regeneration_rate,,,SE,0.7,23,,first 8 d,Table 1,5,,extracted_needs_independent_qc,pdf_page_5_table_1,,Mean regeneration rate plus SE in Table 1.,data/extraction/rate/RATE_EXTRACTED_OBSERVATIONS.csv,0,,,,,,
RATE_EXTRACTED_OBSERVATIONS-60,data/extraction/rate/RATE_EXTRACTED_OBSERVATIONS.csv,60,6b96575e-9bf7-46f2-a12e-73b565f46629,rate,,,0,blocked,5,variance_missing|qa_status_not_ready|figure_crop_missing|figure_final_clip_missing|figure_digitized_data_missing,,"Review crop box/panel, create final clip, digitize or transcribe the data file, then independently QC the extracted row.",Meandrina meandrites,mean_regeneration_rate,normal colonies,,mean tissue regeneration,18.7,mm2 d-1,reported_areal_rate,mean_regeneration_rate,,,not_reported,,5,,first 8 d,Figure 3,4,,extracted_needs_independent_qc,pdf_page_4_text,,Mean rate reported in prose for normal colonies.,data/extraction/rate/RATE_EXTRACTED_OBSERVATIONS.csv,0,,,,,,
RATE_EXTRACTED_OBSERVATIONS-61,data/extraction/rate/RATE_EXTRACTED_OBSERVATIONS.csv,61,6b96575e-9bf7-46f2-a12e-73b565f46629,rate,,,0,blocked,5,variance_missing|qa_status_not_ready|figure_crop_missing|figure_final_clip_missing|figure_digitized_data_missing,,"Review crop box/panel, create final clip, digitize or transcribe the data file, then independently QC the extracted row.",Meandrina meandrites,mean_regeneration_rate,bleached colonies,,mean tissue regeneration,15.4,mm2 d-1,reported_areal_rate,mean_regeneration_rate,,,not_reported,,9,,first 8 d,Figure 3,4,,extracted_needs_independent_qc,pdf_page_4_text,,Mean rate reported in prose for bleached colonies.,data/extraction/rate/RATE_EXTRACTED_OBSERVATIONS.csv,0,,,,,,
RATE_EXTRACTED_OBSERVATIONS-62,data/extraction/rate/RATE_EXTRACTED_OBSERVATIONS.csv,62,cf0dfa52-c9e6-4d7f-9ae1-5970162a807f,rate,,,0,blocked,5,variance_missing|qa_status_not_ready|figure_crop_missing|figure_final_clip_missing|figure_digitized_data_missing,,"Review crop box/panel, create final clip, digitize or transcribe the data file, then independently QC the extracted row.",Montastrea annularis,endpoint_percent_completely_recovered,desalination-power-plant native series DPP,64,percent lesions completely recovered,,percent,time_to_closure,endpoint_percent_completely_recovered,,,not_reported,,24,,14 wk,Figure 2,3,,extracted_needs_independent_qc,pdf_page_3_text,,End-of-experiment percentage of lesions completely recovered; DPP measured 14 weeks.,data/extraction/rate/RATE_EXTRACTED_OBSERVATIONS.csv,0,,,,,,
RATE_EXTRACTED_OBSERVATIONS-63,data/extraction/rate/RATE_EXTRACTED_OBSERVATIONS.csv,63,cf0dfa52-c9e6-4d7f-9ae1-5970162a807f,rate,,,0,blocked,5,variance_missing|qa_status_not_ready|figure_crop_missing|figure_final_clip_missing|figure_digitized_data_missing,,"Review crop box/panel, create final clip, digitize or transcribe the data file, then independently QC the extracted row.",Montastrea annularis,endpoint_percent_completely_recovered,transplanted AB to DPP series T,63,percent lesions completely recovered,,percent,time_to_closure,endpoint_percent_completely_recovered,,,not_reported,,25,,12 wk,Figure 2,3,,extracted_needs_independent_qc,pdf_page_3_text,,End-of-experiment percentage of lesions completely recovered; transplant series measured 12 weeks.,data/extraction/rate/RATE_EXTRACTED_OBSERVATIONS.csv,0,,,,,,
RATE_EXTRACTED_OBSERVATIONS-64,data/extraction/rate/RATE_EXTRACTED_OBSERVATIONS.csv,64,cf0dfa52-c9e6-4d7f-9ae1-5970162a807f,rate,,,0,blocked,5,variance_missing|qa_status_not_ready|figure_crop_missing|figure_final_clip_missing|figure_digitized_data_missing,,"Review crop box/panel, create final clip, digitize or transcribe the data file, then independently QC the extracted row.",Montastrea annularis,endpoint_percent_completely_recovered,Awa Blancu control series AB,8,percent lesions completely recovered,,percent,time_to_closure,endpoint_percent_completely_recovered,,,not_reported,,25,,14 wk,Figure 2,3,,extracted_needs_independent_qc,pdf_page_3_text,,End-of-experiment percentage of lesions completely recovered; AB measured 14 weeks.,data/extraction/rate/RATE_EXTRACTED_OBSERVATIONS.csv,0,,,,,,
