queue_id,digitization_status,source_id,paper_title,response_type,source_file_status,local_relpath,figure_or_table_label,page,panel_label,expected_metric,x_axis,y_axis,units,variance_type,sample_size_source,clip_path,digitized_data_path,digitizer,qa_reviewer,qa_status,notes
DIG-0001,blocked_missing_local_pdf,d4f87f68-6209-4973-bf99-fac310af5656,Coral-Damsel-Wounding-Manuscript.pdf,growth,missing_local_pdf,,,,,growth,,,,,,,,,,blocked,Retrieve the local PDF before figure/table identification and clipping.
DIG-0002,blocked_missing_local_pdf,d4f87f68-6209-4973-bf99-fac310af5656,Coral-Damsel-Wounding-Manuscript.pdf,rate,missing_local_pdf,,,,,rate,,,,,,,,,,blocked,Retrieve the local PDF before figure/table identification and clipping.
DIG-0003,needs_figure_id,dde85c3e-6c0d-4057-9a5a-116138865992,"Bak - 1983 - Neoplasia, regeneration and growth in the reef-building coral Acropora palmata.pdf",growth,local_pdf_available,"literature/META_ANALYSIS_POOL/Bak - 1983 - Neoplasia, regeneration and growth in the reef-building coral Acropora palmata.pdf",,,,growth,,,,,,,,,,not_started,"Identify the exact figure/table label, page, panel, axes, units, variance, and sample-size source before clipping."
DIG-0004,needs_figure_id,dde85c3e-6c0d-4057-9a5a-116138865992,"Bak - 1983 - Neoplasia, regeneration and growth in the reef-building coral Acropora palmata.pdf",rate,local_pdf_available,"literature/META_ANALYSIS_POOL/Bak - 1983 - Neoplasia, regeneration and growth in the reef-building coral Acropora palmata.pdf",,,,rate,,,,,,,,,,not_started,"Identify the exact figure/table label, page, panel, axes, units, variance, and sample-size source before clipping."
DIG-0005,needs_figure_id,12e9e864-5ff1-42c4-a63d-19b5d62a7464,Bak and Es - REGENERATION OF SUPERFICIAL DAMAGE IN THE SCLERACTINIAN CORALS AGARCA AGARCTES F. PURPUREA AND P.pdf,rate,local_pdf_available,literature/META_ANALYSIS_POOL/Bak and Es - REGENERATION OF SUPERFICIAL DAMAGE IN THE SCLERACTINIAN CORALS AGARCA AGARCTES F. PURPUREA AND P.pdf,,,,rate,,,,,,,,,,not_started,"Identify the exact figure/table label, page, panel, axes, units, variance, and sample-size source before clipping."
DIG-0006,needs_figure_id,12e9e864-5ff1-42c4-a63d-19b5d62a7464,Bak and Es - REGENERATION OF SUPERFICIAL DAMAGE IN THE SCLERACTINIAN CORALS AGARCA AGARCTES F. PURPUREA AND P.pdf,survival,local_pdf_available,literature/META_ANALYSIS_POOL/Bak and Es - REGENERATION OF SUPERFICIAL DAMAGE IN THE SCLERACTINIAN CORALS AGARCA AGARCTES F. PURPUREA AND P.pdf,,,,survival,,,,,,,,,,not_started,"Identify the exact figure/table label, page, panel, axes, units, variance, and sample-size source before clipping."
DIG-0007,needs_figure_id,daec544d-cfab-46db-be2a-1d3596bc0395,Burmester et al. - 2018 - The impact of autotrophic versus heterotrophic nutritional pathways on colony health and wound recov.pdf,growth,local_pdf_available,literature/META_ANALYSIS_POOL/Burmester et al. - 2018 - The impact of autotrophic versus heterotrophic nutritional pathways on colony health and wound recov.pdf,,,,growth,,,,,,,,,,not_started,"Identify the exact figure/table label, page, panel, axes, units, variance, and sample-size source before clipping."
DIG-0008,needs_figure_id,daec544d-cfab-46db-be2a-1d3596bc0395,Burmester et al. - 2018 - The impact of autotrophic versus heterotrophic nutritional pathways on colony health and wound recov.pdf,rate,local_pdf_available,literature/META_ANALYSIS_POOL/Burmester et al. - 2018 - The impact of autotrophic versus heterotrophic nutritional pathways on colony health and wound recov.pdf,,,,rate,,,,,,,,,,not_started,"Identify the exact figure/table label, page, panel, axes, units, variance, and sample-size source before clipping."
DIG-0009,needs_figure_id,9f7a74ab-485d-44be-88c3-28c6b4a7c491,Chadwick and Loya - 1990 - Regeneration after experimental breakage in the solitary reef coral Fungia granulosa Klunzing.pdf,rate,local_pdf_available,literature/META_ANALYSIS_POOL/Chadwick and Loya - 1990 - Regeneration after experimental breakage in the solitary reef coral Fungia granulosa Klunzing.pdf,,,,rate,,,,,,,,,,not_started,"Identify the exact figure/table label, page, panel, axes, units, variance, and sample-size source before clipping."
DIG-0010,needs_figure_id,9f7a74ab-485d-44be-88c3-28c6b4a7c491,Chadwick and Loya - 1990 - Regeneration after experimental breakage in the solitary reef coral Fungia granulosa Klunzing.pdf,survival,local_pdf_available,literature/META_ANALYSIS_POOL/Chadwick and Loya - 1990 - Regeneration after experimental breakage in the solitary reef coral Fungia granulosa Klunzing.pdf,,,,survival,,,,,,,,,,not_started,"Identify the exact figure/table label, page, panel, axes, units, variance, and sample-size source before clipping."
DIG-0011,needs_figure_id,ec19aed9-6875-473a-accb-914b065e6e10,Counsell et al. - 2019 - Colony size and depth affect wound repair in a branching coral.pdf,rate,local_pdf_available,literature/META_ANALYSIS_POOL/Counsell et al. - 2019 - Colony size and depth affect wound repair in a branching coral.pdf,,,,rate,,,,,,,,,,not_started,"Identify the exact figure/table label, page, panel, axes, units, variance, and sample-size source before clipping."
DIG-0012,needs_figure_id,ec19aed9-6875-473a-accb-914b065e6e10,Counsell et al. - 2019 - Colony size and depth affect wound repair in a branching coral.pdf,survival,local_pdf_available,literature/META_ANALYSIS_POOL/Counsell et al. - 2019 - Colony size and depth affect wound repair in a branching coral.pdf,,,,survival,,,,,,,,,,not_started,"Identify the exact figure/table label, page, panel, axes, units, variance, and sample-size source before clipping."
DIG-0013,needs_figure_id,034d4e10-aee2-4964-9c77-cb6f4174bd3e,Cróquer et al. - 2002 - Environmental factors affecting tissue regeneration of the reef - building coral Montastraea annular.pdf,rate,local_pdf_available,literature/META_ANALYSIS_POOL/Cróquer et al. - 2002 - Environmental factors affecting tissue regeneration of the reef - building coral Montastraea annular.pdf,,,,rate,,,,,,,,,,not_started,"Identify the exact figure/table label, page, panel, axes, units, variance, and sample-size source before clipping."
DIG-0014,needs_figure_id,28b1e816-45f3-42fc-a2b0-0cfea52a0adc,"DeFilippo et al. - 2016 - Patterns of surface lesion recovery in the Northern Star Coral, Astrangia poculata.pdf",rate,local_pdf_available,"literature/META_ANALYSIS_POOL/DeFilippo et al. - 2016 - Patterns of surface lesion recovery in the Northern Star Coral, Astrangia poculata.pdf",,,,rate,,,,,,,,,,not_started,"Identify the exact figure/table label, page, panel, axes, units, variance, and sample-size source before clipping."
DIG-0015,needs_figure_id,3d374a40-79d3-413b-99c2-670f9da97bef,"Dias et al. - 2018 - Mortality, growth and regeneration following fragmentation of reef-forming corals under thermal stre.pdf",growth,local_pdf_available,"literature/META_ANALYSIS_POOL/Dias et al. - 2018 - Mortality, growth and regeneration following fragmentation of reef-forming corals under thermal stre.pdf",,,,growth,,,,,,,,,,not_started,"Identify the exact figure/table label, page, panel, axes, units, variance, and sample-size source before clipping."
DIG-0016,needs_figure_id,3d374a40-79d3-413b-99c2-670f9da97bef,"Dias et al. - 2018 - Mortality, growth and regeneration following fragmentation of reef-forming corals under thermal stre.pdf",rate,local_pdf_available,"literature/META_ANALYSIS_POOL/Dias et al. - 2018 - Mortality, growth and regeneration following fragmentation of reef-forming corals under thermal stre.pdf",,,,rate,,,,,,,,,,not_started,"Identify the exact figure/table label, page, panel, axes, units, variance, and sample-size source before clipping."
DIG-0017,needs_figure_id,3d374a40-79d3-413b-99c2-670f9da97bef,"Dias et al. - 2018 - Mortality, growth and regeneration following fragmentation of reef-forming corals under thermal stre.pdf",survival,local_pdf_available,"literature/META_ANALYSIS_POOL/Dias et al. - 2018 - Mortality, growth and regeneration following fragmentation of reef-forming corals under thermal stre.pdf",,,,survival,,,,,,,,,,not_started,"Identify the exact figure/table label, page, panel, axes, units, variance, and sample-size source before clipping."
DIG-0018,needs_figure_id,c849a042-644e-4b4f-a530-33cfb800d9a9,E and Y - 1996 - Regeneration versus budding in fungiid corals a trade-off.pdf,growth,local_pdf_available,literature/META_ANALYSIS_POOL/E and Y - 1996 - Regeneration versus budding in fungiid corals a trade-off.pdf,,,,growth,,,,,,,,,,not_started,"Identify the exact figure/table label, page, panel, axes, units, variance, and sample-size source before clipping."
DIG-0019,needs_figure_id,c849a042-644e-4b4f-a530-33cfb800d9a9,E and Y - 1996 - Regeneration versus budding in fungiid corals a trade-off.pdf,rate,local_pdf_available,literature/META_ANALYSIS_POOL/E and Y - 1996 - Regeneration versus budding in fungiid corals a trade-off.pdf,,,,rate,,,,,,,,,,not_started,"Identify the exact figure/table label, page, panel, axes, units, variance, and sample-size source before clipping."
DIG-0020,needs_figure_id,ad751939-b061-4323-9097-c1e7d2e9576f,Fine et al. - 2002 - Bleaching effect on regeneration and resource translocation in the coral Oculina patagonica.pdf,rate,local_pdf_available,literature/META_ANALYSIS_POOL/Fine et al. - 2002 - Bleaching effect on regeneration and resource translocation in the coral Oculina patagonica.pdf,,,,rate,,,,,,,,,,not_started,"Identify the exact figure/table label, page, panel, axes, units, variance, and sample-size source before clipping."
DIG-0021,needs_figure_id,ad751939-b061-4323-9097-c1e7d2e9576f,Fine et al. - 2002 - Bleaching effect on regeneration and resource translocation in the coral Oculina patagonica.pdf,survival,local_pdf_available,literature/META_ANALYSIS_POOL/Fine et al. - 2002 - Bleaching effect on regeneration and resource translocation in the coral Oculina patagonica.pdf,,,,survival,,,,,,,,,,not_started,"Identify the exact figure/table label, page, panel, axes, units, variance, and sample-size source before clipping."
DIG-0022,needs_figure_id,e2191f69-a271-4c74-be4c-ebe977248362,Hall - 1997 - Interspecific differences in the regeneration of artificial injuries on scleractinian corals.pdf,rate,local_pdf_available,literature/META_ANALYSIS_POOL/Hall - 1997 - Interspecific differences in the regeneration of artificial injuries on scleractinian corals.pdf,,,,rate,,,,,,,,,,not_started,"Identify the exact figure/table label, page, panel, axes, units, variance, and sample-size source before clipping."
DIG-0023,needs_figure_id,b9536b7f-eb24-428a-8a9f-9750a74faa1f,Hall - 2001 - The response of Acropora hyacinthus and Montipora tuberculosa to three different types of colony dam.pdf,rate,local_pdf_available,literature/META_ANALYSIS_POOL/Hall - 2001 - The response of Acropora hyacinthus and Montipora tuberculosa to three different types of colony dam.pdf,,,,rate,,,,,,,,,,not_started,"Identify the exact figure/table label, page, panel, axes, units, variance, and sample-size source before clipping."
DIG-0024,needs_figure_id,33b7b9b2-9041-454b-bba3-abfadd68029f,Hall et al. - 2015 - Lesion recovery of two scleractinian corals under low pH conditions Implications for restoration ef.pdf,rate,local_pdf_available,literature/META_ANALYSIS_POOL/Hall et al. - 2015 - Lesion recovery of two scleractinian corals under low pH conditions Implications for restoration ef.pdf,,,,rate,,,,,,,,,,not_started,"Identify the exact figure/table label, page, panel, axes, units, variance, and sample-size source before clipping."
DIG-0025,needs_figure_id,2b8676ad-34ad-450c-8649-095d5be68458,Hall_Injury_and_regeneration_of_common_reef-crest_corals.pdf,growth,local_pdf_available,literature/META_ANALYSIS_POOL/INJURY AND REGENERATION OF COMMON REEF-CREST CORALS.pdf,,,,growth,,,,,,,,,,not_started,"Identify the exact figure/table label, page, panel, axes, units, variance, and sample-size source before clipping."
DIG-0026,needs_figure_id,2b8676ad-34ad-450c-8649-095d5be68458,Hall_Injury_and_regeneration_of_common_reef-crest_corals.pdf,rate,local_pdf_available,literature/META_ANALYSIS_POOL/INJURY AND REGENERATION OF COMMON REEF-CREST CORALS.pdf,,,,rate,,,,,,,,,,not_started,"Identify the exact figure/table label, page, panel, axes, units, variance, and sample-size source before clipping."
DIG-0027,needs_figure_id,2b8676ad-34ad-450c-8649-095d5be68458,Hall_Injury_and_regeneration_of_common_reef-crest_corals.pdf,reproduction,local_pdf_available,literature/META_ANALYSIS_POOL/INJURY AND REGENERATION OF COMMON REEF-CREST CORALS.pdf,,,,reproduction,,,,,,,,,,not_started,"Identify the exact figure/table label, page, panel, axes, units, variance, and sample-size source before clipping."
DIG-0028,needs_figure_id,58b15640-3061-4ea9-a606-877701eef38c,"Hamman - 2019 - Spatial distribution of damage affects the healing, growth, and morphology of coral.pdf",growth,local_pdf_available,"literature/META_ANALYSIS_POOL/Hamman - 2019 - Spatial distribution of damage affects the healing, growth, and morphology of coral.pdf",,,,growth,,,,,,,,,,not_started,"Identify the exact figure/table label, page, panel, axes, units, variance, and sample-size source before clipping."
DIG-0029,needs_figure_id,58b15640-3061-4ea9-a606-877701eef38c,"Hamman - 2019 - Spatial distribution of damage affects the healing, growth, and morphology of coral.pdf",rate,local_pdf_available,"literature/META_ANALYSIS_POOL/Hamman - 2019 - Spatial distribution of damage affects the healing, growth, and morphology of coral.pdf",,,,rate,,,,,,,,,,not_started,"Identify the exact figure/table label, page, panel, axes, units, variance, and sample-size source before clipping."
DIG-0030,needs_figure_id,5f4a560f-1449-4b1d-96ad-236a0da5fcb7,Horwitz and Fine - 2014 - High CO2 detrimentally affects tissue regeneration of Red Sea corals.pdf,rate,local_pdf_available,literature/META_ANALYSIS_POOL/Horwitz and Fine - 2014 - High CO2 detrimentally affects tissue regeneration of Red Sea corals.pdf,,,,rate,,,,,,,,,,not_started,"Identify the exact figure/table label, page, panel, axes, units, variance, and sample-size source before clipping."
DIG-0031,needs_figure_id,4cc9b30b-9ed8-4123-82aa-2f182db391b7,Jayewardene - 2010 - Experimental determination of the cost of lesion healing on Porites compressa growth.pdf,growth,local_pdf_available,literature/META_ANALYSIS_POOL/Jayewardene - 2010 - Experimental determination of the cost of lesion healing on Porites compressa growth.pdf,,,,growth,,,,,,,,,,not_started,"Identify the exact figure/table label, page, panel, axes, units, variance, and sample-size source before clipping."
DIG-0032,needs_figure_id,4cc9b30b-9ed8-4123-82aa-2f182db391b7,Jayewardene - 2010 - Experimental determination of the cost of lesion healing on Porites compressa growth.pdf,rate,local_pdf_available,literature/META_ANALYSIS_POOL/Jayewardene - 2010 - Experimental determination of the cost of lesion healing on Porites compressa growth.pdf,,,,rate,,,,,,,,,,not_started,"Identify the exact figure/table label, page, panel, axes, units, variance, and sample-size source before clipping."
DIG-0033,needs_figure_id,45fcfd8e-a2d2-4345-aec0-baeb03f883a4,Jayewardene et al. - 2009 - Effects of frequent fish predation on corals in Hawaii.pdf,growth,local_pdf_available,literature/META_ANALYSIS_POOL/Jayewardene et al. - 2009 - Effects of frequent fish predation on corals in Hawaii.pdf,,,,growth,,,,,,,,,,not_started,"Identify the exact figure/table label, page, panel, axes, units, variance, and sample-size source before clipping."
DIG-0034,needs_figure_id,45fcfd8e-a2d2-4345-aec0-baeb03f883a4,Jayewardene et al. - 2009 - Effects of frequent fish predation on corals in Hawaii.pdf,survival,local_pdf_available,literature/META_ANALYSIS_POOL/Jayewardene et al. - 2009 - Effects of frequent fish predation on corals in Hawaii.pdf,,,,survival,,,,,,,,,,not_started,"Identify the exact figure/table label, page, panel, axes, units, variance, and sample-size source before clipping."
DIG-0035,needs_figure_id,acf00158-0890-4388-9a0e-da9194664ef6,Kaufman et al. - 2021 - Thermal history influences lesion recovery of the threatened Caribbean staghorn coral Acropora cervi.pdf,rate,local_pdf_available,literature/META_ANALYSIS_POOL/Kaufman et al. - 2021 - Thermal history influences lesion recovery of the threatened Caribbean staghorn coral Acropora cervi.pdf,,,,rate,,,,,,,,,,not_started,"Identify the exact figure/table label, page, panel, axes, units, variance, and sample-size source before clipping."
DIG-0036,needs_figure_id,04e10b24-592e-4cf3-8f94-226c7904262d,Kramarsky-Winter and Loya - 2000 - Tissue regeneration in the coral Fungia granulosa  the effect of extrinsic and intrinsic factors.pdf,rate,local_pdf_available,literature/META_ANALYSIS_POOL/Kramarsky-Winter and Loya - 2000 - Tissue regeneration in the coral Fungia granulosa  the effect of extrinsic and intrinsic factors.pdf,,,,rate,,,,,,,,,,not_started,"Identify the exact figure/table label, page, panel, axes, units, variance, and sample-size source before clipping."
DIG-0037,needs_figure_id,40359446-8345-4a72-8169-af86ad3de9d6,Lenihan and Edmunds - 2010 - Response of Pocillopora verrucosa to corallivory varies with environmental conditions.pdf,growth,local_pdf_available,literature/META_ANALYSIS_POOL/Lenihan and Edmunds - 2010 - Response of Pocillopora verrucosa to corallivory varies with environmental conditions.pdf,,,,growth,,,,,,,,,,not_started,"Identify the exact figure/table label, page, panel, axes, units, variance, and sample-size source before clipping."
DIG-0038,needs_figure_id,40359446-8345-4a72-8169-af86ad3de9d6,Lenihan and Edmunds - 2010 - Response of Pocillopora verrucosa to corallivory varies with environmental conditions.pdf,rate,local_pdf_available,literature/META_ANALYSIS_POOL/Lenihan and Edmunds - 2010 - Response of Pocillopora verrucosa to corallivory varies with environmental conditions.pdf,,,,rate,,,,,,,,,,not_started,"Identify the exact figure/table label, page, panel, axes, units, variance, and sample-size source before clipping."
DIG-0039,needs_figure_id,a67392b0-7a7e-43ad-917d-94febf750c1a,Lenihan et al. - 2015 - Hydrodynamics influence coral performance through simultaneous direct and indirect effects.pdf,growth,local_pdf_available,literature/META_ANALYSIS_POOL/Lenihan et al. - 2015 - Hydrodynamics influence coral performance through simultaneous direct and indirect effects.pdf,,,,growth,,,,,,,,,,not_started,"Identify the exact figure/table label, page, panel, axes, units, variance, and sample-size source before clipping."
DIG-0040,needs_figure_id,a67392b0-7a7e-43ad-917d-94febf750c1a,Lenihan et al. - 2015 - Hydrodynamics influence coral performance through simultaneous direct and indirect effects.pdf,survival,local_pdf_available,literature/META_ANALYSIS_POOL/Lenihan et al. - 2015 - Hydrodynamics influence coral performance through simultaneous direct and indirect effects.pdf,,,,survival,,,,,,,,,,not_started,"Identify the exact figure/table label, page, panel, axes, units, variance, and sample-size source before clipping."
DIG-0041,needs_figure_id,d110a8f5-278e-4ba7-a502-32eb61aed5cb,Lirman et al. - 2010 - Propagation of the threatened staghorn coral Acropora cervicornis methods to minimize the impacts o.pdf,growth,local_pdf_available,literature/META_ANALYSIS_POOL/Lirman et al. - 2010 - Propagation of the threatened staghorn coral Acropora cervicornis methods to minimize the impacts o.pdf,,,,growth,,,,,,,,,,not_started,"Identify the exact figure/table label, page, panel, axes, units, variance, and sample-size source before clipping."
DIG-0042,needs_figure_id,d110a8f5-278e-4ba7-a502-32eb61aed5cb,Lirman et al. - 2010 - Propagation of the threatened staghorn coral Acropora cervicornis methods to minimize the impacts o.pdf,survival,local_pdf_available,literature/META_ANALYSIS_POOL/Lirman et al. - 2010 - Propagation of the threatened staghorn coral Acropora cervicornis methods to minimize the impacts o.pdf,,,,survival,,,,,,,,,,not_started,"Identify the exact figure/table label, page, panel, axes, units, variance, and sample-size source before clipping."
DIG-0043,needs_figure_id,070cf5f2-ae03-4d99-8e1b-7e07f8428803,Loya - 1976 - Skeletal regeneration in a Red Sea scleractinian coral population.pdf,rate,local_pdf_available,literature/META_ANALYSIS_POOL/Loya - 1976 - Skeletal regeneration in a Red Sea scleractinian coral population.pdf,,,,rate,,,,,,,,,,not_started,"Identify the exact figure/table label, page, panel, axes, units, variance, and sample-size source before clipping."
DIG-0044,needs_figure_id,f7335f31-f560-4d42-9f0d-52fdbec8ece6,Meesters et al 1992 sedimentation and lesion position.pdf,rate,local_pdf_available,literature/META_ANALYSIS_POOL/Meesters et al 1992 sedimentation and lesion position.pdf,,,,rate,,,,,,,,,,not_started,"Identify the exact figure/table label, page, panel, axes, units, variance, and sample-size source before clipping."
DIG-0045,needs_figure_id,c84ce087-58f5-4e19-a373-34f57299f6d0,Meesters et al. - 1994 - Damage and regeneration links to growth in the reef-building coral Montastrea annularis.pdf,growth,local_pdf_available,literature/META_ANALYSIS_POOL/Meesters et al. - 1994 - Damage and regeneration links to growth in the reef-building coral Montastrea annularis.pdf,,,,growth,,,,,,,,,,not_started,"Identify the exact figure/table label, page, panel, axes, units, variance, and sample-size source before clipping."
DIG-0046,needs_figure_id,c84ce087-58f5-4e19-a373-34f57299f6d0,Meesters et al. - 1994 - Damage and regeneration links to growth in the reef-building coral Montastrea annularis.pdf,rate,local_pdf_available,literature/META_ANALYSIS_POOL/Meesters et al. - 1994 - Damage and regeneration links to growth in the reef-building coral Montastrea annularis.pdf,,,,rate,,,,,,,,,,not_started,"Identify the exact figure/table label, page, panel, axes, units, variance, and sample-size source before clipping."
DIG-0047,needs_figure_id,398d01aa-1e0e-4c46-9989-8490ca8748d5,Meesters et al. - 1996 - Partial Mortality in Three Species of Reef-Building Corals and the Relation with Colony Morphology.pdf,survival,local_pdf_available,literature/META_ANALYSIS_POOL/Meesters et al. - 1996 - Partial Mortality in Three Species of Reef-Building Corals and the Relation with Colony Morphology.pdf,,,,survival,,,,,,,,,,not_started,"Identify the exact figure/table label, page, panel, axes, units, variance, and sample-size source before clipping."
DIG-0048,needs_figure_id,f46ad039-b2d6-4a0a-860d-98cf61f2a7de,Miller and Hay - 1998 - Effects of fish predation and seaweed competition on the survival and growth of corals.pdf,growth,local_pdf_available,literature/META_ANALYSIS_POOL/Miller and Hay - 1998 - Effects of fish predation and seaweed competition on the survival and growth of corals.pdf,,,,growth,,,,,,,,,,not_started,"Identify the exact figure/table label, page, panel, axes, units, variance, and sample-size source before clipping."
DIG-0049,needs_figure_id,f46ad039-b2d6-4a0a-860d-98cf61f2a7de,Miller and Hay - 1998 - Effects of fish predation and seaweed competition on the survival and growth of corals.pdf,survival,local_pdf_available,literature/META_ANALYSIS_POOL/Miller and Hay - 1998 - Effects of fish predation and seaweed competition on the survival and growth of corals.pdf,,,,survival,,,,,,,,,,not_started,"Identify the exact figure/table label, page, panel, axes, units, variance, and sample-size source before clipping."
DIG-0050,needs_figure_id,8c205a55-4093-46c5-a7c2-e356c8bf6a7c,Nagelkerken and Bak - 1998 - Differential regeneration of artificial lesions among sympatric morphs of the Caribbean corals Porit.pdf,rate,local_pdf_available,literature/META_ANALYSIS_POOL/Nagelkerken and Bak - 1998 - Differential regeneration of artificial lesions among sympatric morphs of the Caribbean corals Porit.pdf,,,,rate,,,,,,,,,,not_started,"Identify the exact figure/table label, page, panel, axes, units, variance, and sample-size source before clipping."
DIG-0051,needs_figure_id,b2eaa7a6-c475-4f8e-bec2-2a52585da7c3,Nagelkerken et al. - 1999 - Depth-related variation in regeneration of artificial lesions in the Caribbean corals Porites ast.pdf,rate,local_pdf_available,literature/META_ANALYSIS_POOL/Nagelkerken et al. - 1999 - Depth-related variation in regeneration of artificial lesions in the Caribbean corals Porites ast.pdf,,,,rate,,,,,,,,,,not_started,"Identify the exact figure/table label, page, panel, axes, units, variance, and sample-size source before clipping."
DIG-0052,needs_figure_id,9f560a14-a39a-4d71-8d68-9c14a4001c75,Nicolet et al. - 2018 - Predation scars may influence host susceptibility to pathogens evaluating the role of corallivores.pdf,survival,local_pdf_available,literature/META_ANALYSIS_POOL/Nicolet et al. - 2018 - Predation scars may influence host susceptibility to pathogens evaluating the role of corallivores.pdf,,,,survival,,,,,,,,,,not_started,"Identify the exact figure/table label, page, panel, axes, units, variance, and sample-size source before clipping."
DIG-0053,needs_figure_id,d17e3c0b-32a1-4c10-94fa-7558d22f726e,Okubo - 2008 - Size-independent investment allocation to regeneration and growth of the branching coral Acropora mu.pdf,growth,local_pdf_available,literature/META_ANALYSIS_POOL/Okubo - 2008 - Size-independent investment allocation to regeneration and growth of the branching coral Acropora mu.pdf,,,,growth,,,,,,,,,,not_started,"Identify the exact figure/table label, page, panel, axes, units, variance, and sample-size source before clipping."
DIG-0054,needs_figure_id,d17e3c0b-32a1-4c10-94fa-7558d22f726e,Okubo - 2008 - Size-independent investment allocation to regeneration and growth of the branching coral Acropora mu.pdf,rate,local_pdf_available,literature/META_ANALYSIS_POOL/Okubo - 2008 - Size-independent investment allocation to regeneration and growth of the branching coral Acropora mu.pdf,,,,rate,,,,,,,,,,not_started,"Identify the exact figure/table label, page, panel, axes, units, variance, and sample-size source before clipping."
DIG-0055,needs_figure_id,84a7b2a4-6982-4dce-a39a-2d4f07d0176b,Oren et al. - 1997 - Effect of lesion size and shape on regeneration of the Red Sea coral Favia favus.pdf,rate,local_pdf_available,literature/META_ANALYSIS_POOL/Oren et al. - 1997 - Effect of lesion size and shape on regeneration of the Red Sea coral Favia favus.pdf,,,,rate,,,,,,,,,,not_started,"Identify the exact figure/table label, page, panel, axes, units, variance, and sample-size source before clipping."
DIG-0056,needs_figure_id,a3b88246-eb7f-49ed-a997-67c6d36e9413,Oren et al. - 2001 - Colony Integration during Regeneration in the Stony Coral Favia favus.pdf,rate,local_pdf_available,literature/META_ANALYSIS_POOL/Oren et al. - 2001 - Colony Integration during Regeneration in the Stony Coral Favia favus.pdf,,,,rate,,,,,,,,,,not_started,"Identify the exact figure/table label, page, panel, axes, units, variance, and sample-size source before clipping."
DIG-0057,needs_figure_id,d7f996dc-c00b-423c-b424-965cd78f9d1b,Page and Willis - 2008 - Epidemiology of skeletal eroding band on the Great Barrier Reef and the role of injury in the initia.pdf,survival,local_pdf_available,literature/META_ANALYSIS_POOL/Page and Willis - 2008 - Epidemiology of skeletal eroding band on the Great Barrier Reef and the role of injury in the initia.pdf,,,,survival,,,,,,,,,,not_started,"Identify the exact figure/table label, page, panel, axes, units, variance, and sample-size source before clipping."
DIG-0058,needs_figure_id,3f852e08-6b2f-488b-9351-0f78b2ba41a5,Palacios et al. - 2014 - Fish corallivory on a pocilloporid reef and experimental coral responses to predation.pdf,growth,local_pdf_available,literature/META_ANALYSIS_POOL/Palacios et al. - 2014 - Fish corallivory on a pocilloporid reef and experimental coral responses to predation.pdf,,,,growth,,,,,,,,,,not_started,"Identify the exact figure/table label, page, panel, axes, units, variance, and sample-size source before clipping."
DIG-0059,needs_figure_id,3f852e08-6b2f-488b-9351-0f78b2ba41a5,Palacios et al. - 2014 - Fish corallivory on a pocilloporid reef and experimental coral responses to predation.pdf,survival,local_pdf_available,literature/META_ANALYSIS_POOL/Palacios et al. - 2014 - Fish corallivory on a pocilloporid reef and experimental coral responses to predation.pdf,,,,survival,,,,,,,,,,not_started,"Identify the exact figure/table label, page, panel, axes, units, variance, and sample-size source before clipping."
DIG-0060,needs_figure_id,6f750c49-3261-482c-ade2-373835f7cf40,Paz-García - 2006 - Temporal variation in the regeneration rate of artificial lesions in two morphotypes of Porites pana.pdf,rate,local_pdf_available,literature/META_ANALYSIS_POOL/Paz-García - 2006 - Temporal variation in the regeneration rate of artificial lesions in two morphotypes of Porites pana.pdf,,,,rate,,,,,,,,,,not_started,"Identify the exact figure/table label, page, panel, axes, units, variance, and sample-size source before clipping."
DIG-0061,needs_figure_id,06ab1757-8fe9-4325-96ed-6f3106b325e4,Raymundo et al. - 2016 - Effects of Coralliophila violacea on tissue loss in the scleractinian corals Porites spp. depend on.pdf,growth,local_pdf_available,literature/META_ANALYSIS_POOL/Raymundo et al. - 2016 - Effects of Coralliophila violacea on tissue loss in the scleractinian corals Porites spp. depend on.pdf,,,,growth,,,,,,,,,,not_started,"Identify the exact figure/table label, page, panel, axes, units, variance, and sample-size source before clipping."
DIG-0062,needs_figure_id,06ab1757-8fe9-4325-96ed-6f3106b325e4,Raymundo et al. - 2016 - Effects of Coralliophila violacea on tissue loss in the scleractinian corals Porites spp. depend on.pdf,survival,local_pdf_available,literature/META_ANALYSIS_POOL/Raymundo et al. - 2016 - Effects of Coralliophila violacea on tissue loss in the scleractinian corals Porites spp. depend on.pdf,,,,survival,,,,,,,,,,not_started,"Identify the exact figure/table label, page, panel, axes, units, variance, and sample-size source before clipping."
DIG-0063,needs_figure_id,0ccdd954-1740-44d7-a2c6-6280125057b5,Rice et al. - 2019 - Different nitrogen sources speed recovery from corallivory and uniquely alter the microbiome of a re.pdf,rate,local_pdf_available,literature/META_ANALYSIS_POOL/Rice et al. - 2019 - Different nitrogen sources speed recovery from corallivory and uniquely alter the microbiome of a re.pdf,,,,rate,,,,,,,,,,not_started,"Identify the exact figure/table label, page, panel, axes, units, variance, and sample-size source before clipping."
DIG-0064,needs_figure_id,002a60bc-55c8-4fdb-860a-1169fc99b2a8,Rice et al. - 2021 - Complex interactions with nutrients and sediment a.pdf,rate,local_pdf_available,literature/META_ANALYSIS_POOL/Rice et al. - 2021 - Complex interactions with nutrients and sediment a.pdf,,,,rate,,,,,,,,,,not_started,"Identify the exact figure/table label, page, panel, axes, units, variance, and sample-size source before clipping."
DIG-0065,needs_figure_id,002a60bc-55c8-4fdb-860a-1169fc99b2a8,Rice et al. - 2021 - Complex interactions with nutrients and sediment a.pdf,survival,local_pdf_available,literature/META_ANALYSIS_POOL/Rice et al. - 2021 - Complex interactions with nutrients and sediment a.pdf,,,,survival,,,,,,,,,,not_started,"Identify the exact figure/table label, page, panel, axes, units, variance, and sample-size source before clipping."
DIG-0066,needs_figure_id,33d2bc0d-ec51-4225-a216-bf74b34fa89d,Rotjan et al. - 2006 - Chronic parrotfish grazing impedes coral recovery after bleaching.pdf,survival,local_pdf_available,literature/META_ANALYSIS_POOL/Rotjan et al. - 2006 - Chronic parrotfish grazing impedes coral recovery after bleaching.pdf,,,,survival,,,,,,,,,,not_started,"Identify the exact figure/table label, page, panel, axes, units, variance, and sample-size source before clipping."
DIG-0067,needs_figure_id,6da70b1c-7428-4a76-904c-b69d981f2824,Sabine et al. - 2015 - Environmental conditions influence tissue regeneration rates in scleractinian corals.pdf,rate,local_pdf_available,literature/META_ANALYSIS_POOL/Sabine et al. - 2015 - Environmental conditions influence tissue regeneration rates in scleractinian corals.pdf,,,,rate,,,,,,,,,,not_started,"Identify the exact figure/table label, page, panel, axes, units, variance, and sample-size source before clipping."
DIG-0068,needs_figure_id,2059b598-335f-4890-8512-6e1f86fed557,Sani et al. - 2024 - Ocean warming and acidification detrimentally affect coral tissue regeneration at a Mediterranean CO.pdf,rate,local_pdf_available,literature/META_ANALYSIS_POOL/Sani et al. - 2024 - Ocean warming and acidification detrimentally affect coral tissue regeneration at a Mediterranean CO.pdf,,,,rate,,,,,,,,,,not_started,"Identify the exact figure/table label, page, panel, axes, units, variance, and sample-size source before clipping."
DIG-0069,needs_figure_id,9d6998fc-caf1-4dbd-883f-ad9b9184d062,Shaver et al. - 2017 - Effects of predation and nutrient enrichment on the success and microbiome of a foundational coral.pdf,growth,local_pdf_available,literature/META_ANALYSIS_POOL/Shaver et al. - 2017 - Effects of predation and nutrient enrichment on the success and microbiome of a foundational coral.pdf,,,,growth,,,,,,,,,,not_started,"Identify the exact figure/table label, page, panel, axes, units, variance, and sample-size source before clipping."
DIG-0070,needs_figure_id,9d6998fc-caf1-4dbd-883f-ad9b9184d062,Shaver et al. - 2017 - Effects of predation and nutrient enrichment on the success and microbiome of a foundational coral.pdf,survival,local_pdf_available,literature/META_ANALYSIS_POOL/Shaver et al. - 2017 - Effects of predation and nutrient enrichment on the success and microbiome of a foundational coral.pdf,,,,survival,,,,,,,,,,not_started,"Identify the exact figure/table label, page, panel, axes, units, variance, and sample-size source before clipping."
DIG-0071,needs_figure_id,635d9cb2-270b-4bcc-b676-c84b81b0620b,Soong and Lang - 1992 - Reproductive Integration in Reef Corals.pdf,reproduction,local_pdf_available,literature/META_ANALYSIS_POOL/Soong and Lang - 1992 - Reproductive Integration in Reef Corals.pdf,,,,reproduction,,,,,,,,,,not_started,"Identify the exact figure/table label, page, panel, axes, units, variance, and sample-size source before clipping."
DIG-0072,needs_figure_id,292bbd72-e4b1-422c-8fbb-5b3201d2cd0c,Titlyanov and Titlyanova - 2009 - The dynamics of the restoration of mechanical damage to colonies of the scleractinian coral Porites.pdf,rate,local_pdf_available,literature/META_ANALYSIS_POOL/Titlyanov and Titlyanova - 2009 - The dynamics of the restoration of mechanical damage to colonies of the scleractinian coral Porites.pdf,,,,rate,,,,,,,,,,not_started,"Identify the exact figure/table label, page, panel, axes, units, variance, and sample-size source before clipping."
DIG-0073,needs_figure_id,b269f689-c2c5-48a1-8ecb-f284c3ed7edc,Titlyanov et al. - 2005 - Regeneration of artificial injuries on scleractinian corals and coralalgal competition for newly fo.pdf,rate,local_pdf_available,literature/META_ANALYSIS_POOL/Titlyanov et al. - 2005 - Regeneration of artificial injuries on scleractinian corals and coralalgal competition for newly fo.pdf,,,,rate,,,,,,,,,,not_started,"Identify the exact figure/table label, page, panel, axes, units, variance, and sample-size source before clipping."
DIG-0074,needs_figure_id,9c887b4c-dae5-4725-96db-948c2491e53d,Titlyanov et al. - 2006 - Three stages of injuries regeneration on scleractinian corals.pdf,rate,local_pdf_available,literature/META_ANALYSIS_POOL/Titlyanov et al. - 2006 - Three stages of injuries regeneration on scleractinian corals.pdf,,,,rate,,,,,,,,,,not_started,"Identify the exact figure/table label, page, panel, axes, units, variance, and sample-size source before clipping."
DIG-0075,needs_figure_id,347f789a-ef73-4089-aa77-0e46f2b2d196,Townsend et al. - 2023 - Differing lesion recovery rates of two Caribbean stony coral species across a shallow water to mesop.pdf,rate,local_pdf_available,literature/META_ANALYSIS_POOL/Townsend et al. - 2023 - Differing lesion recovery rates of two Caribbean stony coral species across a shallow water to mesop.pdf,,,,rate,,,,,,,,,,not_started,"Identify the exact figure/table label, page, panel, axes, units, variance, and sample-size source before clipping."
DIG-0076,needs_figure_id,2e76dce4-6cb4-46c0-b8c4-a1cc91b1578c,Van Veghel and Bak - 1994 - Reproductive characteristics of the polymorphic Caribbean reef building coral Montastrea annularis..pdf,reproduction,local_pdf_available,literature/META_ANALYSIS_POOL/Van Veghel and Bak - 1994 - Reproductive characteristics of the polymorphic Caribbean reef building coral Montastrea annularis..pdf,,,,reproduction,,,,,,,,,,not_started,"Identify the exact figure/table label, page, panel, axes, units, variance, and sample-size source before clipping."
DIG-0077,needs_figure_id,26d408bb-bf97-4b1a-8b59-a62f74d3d475,Van Woesik - 1998 - Lesion healing on massive Porites spp. corals.pdf,rate,local_pdf_available,literature/META_ANALYSIS_POOL/Van Woesik - 1998 - Lesion healing on massive Porites spp. corals.pdf,,,,rate,,,,,,,,,,not_started,"Identify the exact figure/table label, page, panel, axes, units, variance, and sample-size source before clipping."
DIG-0078,needs_figure_id,6dffe94d-a664-4a6c-8daf-f25ecfa5b50d,"Ward - 1995 - The effect of damage on the growth, reproduction and storage of lipids in the scleractinian coral Po.pdf",growth,local_pdf_available,"literature/META_ANALYSIS_POOL/Ward - 1995 - The effect of damage on the growth, reproduction and storage of lipids in the scleractinian coral Po.pdf",,,,growth,,,,,,,,,,not_started,"Identify the exact figure/table label, page, panel, axes, units, variance, and sample-size source before clipping."
DIG-0079,needs_figure_id,6dffe94d-a664-4a6c-8daf-f25ecfa5b50d,"Ward - 1995 - The effect of damage on the growth, reproduction and storage of lipids in the scleractinian coral Po.pdf",reproduction,local_pdf_available,"literature/META_ANALYSIS_POOL/Ward - 1995 - The effect of damage on the growth, reproduction and storage of lipids in the scleractinian coral Po.pdf",,,,reproduction,,,,,,,,,,not_started,"Identify the exact figure/table label, page, panel, axes, units, variance, and sample-size source before clipping."
DIG-0080,needs_figure_id,6dffe94d-a664-4a6c-8daf-f25ecfa5b50d,"Ward - 1995 - The effect of damage on the growth, reproduction and storage of lipids in the scleractinian coral Po.pdf",survival,local_pdf_available,"literature/META_ANALYSIS_POOL/Ward - 1995 - The effect of damage on the growth, reproduction and storage of lipids in the scleractinian coral Po.pdf",,,,survival,,,,,,,,,,not_started,"Identify the exact figure/table label, page, panel, axes, units, variance, and sample-size source before clipping."
DIG-0081,needs_figure_id,32a1561c-9cd6-4e97-9287-c9e5eafafc22,Welsh et al. - 2015 - Clustered parrotfish feeding scars trigger partial coral mortality of massive Porites colonies on th.pdf,survival,local_pdf_available,literature/META_ANALYSIS_POOL/Welsh et al. - 2015 - Clustered parrotfish feeding scars trigger partial coral mortality of massive Porites colonies on th.pdf,,,,survival,,,,,,,,,,not_started,"Identify the exact figure/table label, page, panel, axes, units, variance, and sample-size source before clipping."
DIG-0082,needs_figure_id,1d237b2c-1d5d-479a-985a-bde3d28a4fce,Wolf and Nugues - 2013 - Synergistic effects of algal overgrowth and corallivory on Caribbean reef‐building corals.pdf,growth,local_pdf_available,literature/META_ANALYSIS_POOL/Wolf and Nugues - 2013 - Synergistic effects of algal overgrowth and corallivory on Caribbean reef‐building corals.pdf,,,,growth,,,,,,,,,,not_started,"Identify the exact figure/table label, page, panel, axes, units, variance, and sample-size source before clipping."
DIG-0083,needs_figure_id,1d237b2c-1d5d-479a-985a-bde3d28a4fce,Wolf and Nugues - 2013 - Synergistic effects of algal overgrowth and corallivory on Caribbean reef‐building corals.pdf,survival,local_pdf_available,literature/META_ANALYSIS_POOL/Wolf and Nugues - 2013 - Synergistic effects of algal overgrowth and corallivory on Caribbean reef‐building corals.pdf,,,,survival,,,,,,,,,,not_started,"Identify the exact figure/table label, page, panel, axes, units, variance, and sample-size source before clipping."
DIG-0084,needs_figure_id,9cbae935-6259-4ba6-a2ec-44d3f3bc0902,Yap and Gomez - 1984 - Growth of Acropora pulchra II. Responses of natural and transplanted colonies to temperature and da.pdf,growth,local_pdf_available,literature/META_ANALYSIS_POOL/Yap and Gomez - 1984 - Growth of Acropora pulchra II. Responses of natural and transplanted colonies to temperature and da.pdf,,,,growth,,,,,,,,,,not_started,"Identify the exact figure/table label, page, panel, axes, units, variance, and sample-size source before clipping."
DIG-0085,needs_figure_id,9cbae935-6259-4ba6-a2ec-44d3f3bc0902,Yap and Gomez - 1984 - Growth of Acropora pulchra II. Responses of natural and transplanted colonies to temperature and da.pdf,survival,local_pdf_available,literature/META_ANALYSIS_POOL/Yap and Gomez - 1984 - Growth of Acropora pulchra II. Responses of natural and transplanted colonies to temperature and da.pdf,,,,survival,,,,,,,,,,not_started,"Identify the exact figure/table label, page, panel, axes, units, variance, and sample-size source before clipping."
