priority_rank,recommended_action,extraction_status,requires_digitization,source_id,paper_title,local_relpath,source_file_status,current_folder,final_status,extraction_readiness,response_type,covariate_missing_count,covariate_missing_fields,notebook_present,local_present,existing_extraction_match,figure_queue_needed,final_rationale
1,extract_from_tables_or_text,not_started,0,c9a7e412-6f2f-4baf-9cde-29e23e6aeeb0,Barbara - Host and Symbiont Physiology During Wound Regeneration in Acropora pulchra Under.pdf,literature/META_ANALYSIS_POOL/Barbara - Host and Symbiont Physiology During Wound Regeneration in Acropora pulchra Under.pdf,local_pdf_available,META_ANALYSIS_POOL,include_primary,ready_extract,growth,1,depth,1,1,no_author_year_match,0,"[Include in Bins 1, 2] A robust primary data source providing extractable quantitative outcomes and variance for both growth costs and tissue regeneration probabilities under thermal stress."
1,extract_from_tables_or_text,not_started,0,c9a7e412-6f2f-4baf-9cde-29e23e6aeeb0,Barbara - Host and Symbiont Physiology During Wound Regeneration in Acropora pulchra Under.pdf,literature/META_ANALYSIS_POOL/Barbara - Host and Symbiont Physiology During Wound Regeneration in Acropora pulchra Under.pdf,local_pdf_available,META_ANALYSIS_POOL,include_primary,ready_extract,rate,1,depth,1,1,no_author_year_match,0,"[Include in Bins 1, 2] A robust primary data source providing extractable quantitative outcomes and variance for both growth costs and tissue regeneration probabilities under thermal stress."
1,extract_from_tables_or_text,not_started,0,12939915-cb9c-4190-9682-7477eb8d2698,Bonesso et al. - 2017 - Exposure to elevated sea-surface temperatures below the bleaching threshold impairs coral recovery a.pdf,literature/META_ANALYSIS_POOL/Bonesso et al. - 2017 - Exposure to elevated sea-surface temperatures below the bleaching threshold impairs coral recovery a.pdf,local_pdf_available,META_ANALYSIS_POOL,include_primary,ready_extract,rate,1,area_mm2,1,1,no_author_year_match,0,"[Include in Bin 1] The paper provides excellent primary temporal data for skeletal regeneration and tissue repair during heat stress, with cleanly reported SE and sample sizes."
1,extract_from_tables_or_text,not_started,0,12939915-cb9c-4190-9682-7477eb8d2698,Bonesso et al. - 2017 - Exposure to elevated sea-surface temperatures below the bleaching threshold impairs coral recovery a.pdf,literature/META_ANALYSIS_POOL/Bonesso et al. - 2017 - Exposure to elevated sea-surface temperatures below the bleaching threshold impairs coral recovery a.pdf,local_pdf_available,META_ANALYSIS_POOL,include_primary,ready_extract,survival,1,area_mm2,1,1,no_author_year_match,0,"[Include in Bin 1] The paper provides excellent primary temporal data for skeletal regeneration and tissue repair during heat stress, with cleanly reported SE and sample sizes."
1,extract_from_tables_or_text,not_started,0,9616c9c9-f92f-4a43-8be4-4bd0b5875f3c,"Burmester et al. - 2017 - Temperature and symbiosis affect lesion recovery in experimentally wounded, facultatively symbiotic.pdf","literature/META_ANALYSIS_POOL/Burmester et al. - 2017 - Temperature and symbiosis affect lesion recovery in experimentally wounded, facultatively symbiotic.pdf",local_pdf_available,META_ANALYSIS_POOL,include_primary,ready_extract,growth,1,growth_form,1,1,no_author_year_match,0,"[Include in Bins 1, 2] This study successfully isolates the impacts of temperature and symbioses on wound closure and organismal mass, providing clearly reported initial wound sizes, SE, and sample sizes."
1,extract_from_tables_or_text,not_started,0,9616c9c9-f92f-4a43-8be4-4bd0b5875f3c,"Burmester et al. - 2017 - Temperature and symbiosis affect lesion recovery in experimentally wounded, facultatively symbiotic.pdf","literature/META_ANALYSIS_POOL/Burmester et al. - 2017 - Temperature and symbiosis affect lesion recovery in experimentally wounded, facultatively symbiotic.pdf",local_pdf_available,META_ANALYSIS_POOL,include_primary,ready_extract,rate,1,growth_form,1,1,no_author_year_match,0,"[Include in Bins 1, 2] This study successfully isolates the impacts of temperature and symbioses on wound closure and organismal mass, providing clearly reported initial wound sizes, SE, and sample sizes."
1,extract_from_tables_or_text,started,0,26babed0-9e6c-4621-9dca-9253eb39b9fb,Cameron and Edmunds - 2014 - Effects of simulated fish predation on small colonies of massive Porites spp. and Pocillopora meandr.pdf,literature/META_ANALYSIS_POOL/Cameron and Edmunds - 2014 - Effects of simulated fish predation on small colonies of massive Porites spp. and Pocillopora meandr.pdf,local_pdf_available,META_ANALYSIS_POOL,include_primary,ready_extract,growth,0,,1,1,source_id_match,0,"[Include in Bins 1, 2] Exceptional primary data source that provides raw, extractable quantitative means, SE, and sample sizes for both wound healing trajectories and whole-colony calcification tradeoffs."
1,extract_from_tables_or_text,not_started,0,26babed0-9e6c-4621-9dca-9253eb39b9fb,Cameron and Edmunds - 2014 - Effects of simulated fish predation on small colonies of massive Porites spp. and Pocillopora meandr.pdf,literature/META_ANALYSIS_POOL/Cameron and Edmunds - 2014 - Effects of simulated fish predation on small colonies of massive Porites spp. and Pocillopora meandr.pdf,local_pdf_available,META_ANALYSIS_POOL,include_primary,ready_extract,rate,0,,1,1,no_author_year_match,0,"[Include in Bins 1, 2] Exceptional primary data source that provides raw, extractable quantitative means, SE, and sample sizes for both wound healing trajectories and whole-colony calcification tradeoffs."
1,extract_from_tables_or_text,started,0,09f69156-3ca0-4bf2-98e2-fe2b25612587,Denis et al. - 2011 - Lesion regeneration capacities in populations of the massive coral Porites lutea at Réunion Island.pdf,literature/META_ANALYSIS_POOL/Denis et al. - 2011 - Lesion regeneration capacities in populations of the massive coral Porites lutea at Réunion Island.pdf,local_pdf_available,META_ANALYSIS_POOL,include_primary,ready_extract,rate,0,,1,1,source_id_match,0,"[Include in Bin 1] Provides highly standardized, extractable quantitative data on continuous tissue regeneration rates. || [Include in Bin 1] Highly precise primary data source modeling continuous tissue regeneration dynamics under seasonal variations, but effect sizes will need to be digitized from the figures."
1,extract_from_tables_or_text,not_started,0,4d1dfa9c-9c0b-438d-bf33-ec928b7d6696,Denis_2013_Fast_Growth_May_Impair_Regeneration_Capacity_in_th..._doi-10.1371-journal.pone.0072618.pdf,literature/META_ANALYSIS_POOL/Denis et al. - 2013 - Fast Growth May Impair Regeneration Capacity in the Branching Coral Acropora muricata.pdf,local_pdf_available,META_ANALYSIS_POOL,include_primary,ready_extract,growth,1,temperature_c,1,1,no_author_year_match,0,Primary Porites lutea study directly linking growth to regeneration capacity.
1,extract_from_tables_or_text,not_started,0,4d1dfa9c-9c0b-438d-bf33-ec928b7d6696,Denis_2013_Fast_Growth_May_Impair_Regeneration_Capacity_in_th..._doi-10.1371-journal.pone.0072618.pdf,literature/META_ANALYSIS_POOL/Denis et al. - 2013 - Fast Growth May Impair Regeneration Capacity in the Branching Coral Acropora muricata.pdf,local_pdf_available,META_ANALYSIS_POOL,include_primary,ready_extract,rate,1,temperature_c,1,1,no_author_year_match,0,Primary Porites lutea study directly linking growth to regeneration capacity.
1,extract_from_tables_or_text,started,0,b0949a7c-520e-4a37-af04-25979598ec2d,Edmunds and Lenihan - 2010 - Effect of sub-lethal damage to juvenile colonies of massive Porites spp. under contrasting regimes o.pdf,literature/META_ANALYSIS_POOL/Edmunds and Lenihan - 2010 - Effect of sub-lethal damage to juvenile colonies of massive Porites spp. under contrasting regimes o.pdf,local_pdf_available,META_ANALYSIS_POOL,include_primary,ready_extract,growth,0,,1,1,source_id_match,0,"[Include in Bins 1, 2] An excellent primary data source providing raw, precise quantitative data for both healing trajectories and whole-colony calcification tradeoffs. || [Include in Bin 2] A highly relevant primary study testing the interactive effects of flow and temperature on growth costs and physiology. However, growth effect sizes will need to be extracted by digitizing the figures, and the categorical healing metrics cannot be used for continuous temporal rate comparisons."
1,extract_from_tables_or_text,not_started,0,b0949a7c-520e-4a37-af04-25979598ec2d,Edmunds and Lenihan - 2010 - Effect of sub-lethal damage to juvenile colonies of massive Porites spp. under contrasting regimes o.pdf,literature/META_ANALYSIS_POOL/Edmunds and Lenihan - 2010 - Effect of sub-lethal damage to juvenile colonies of massive Porites spp. under contrasting regimes o.pdf,local_pdf_available,META_ANALYSIS_POOL,include_primary,ready_extract,rate,0,,1,1,no_author_year_match,0,"[Include in Bins 1, 2] An excellent primary data source providing raw, precise quantitative data for both healing trajectories and whole-colony calcification tradeoffs. || [Include in Bin 2] A highly relevant primary study testing the interactive effects of flow and temperature on growth costs and physiology. However, growth effect sizes will need to be extracted by digitizing the figures, and the categorical healing metrics cannot be used for continuous temporal rate comparisons."
1,extract_from_tables_or_text,started,0,2e3b055f-28df-4def-97aa-660ac537a95f,Edmunds and Yarid - 2017 - The effects of ocean acidification on wound repair in the coral Porites spp..pdf,literature/META_ANALYSIS_POOL/Edmunds and Yarid - 2017 - The effects of ocean acidification on wound repair in the coral Porites spp..pdf,local_pdf_available,META_ANALYSIS_POOL,include_primary,ready_extract,growth,1,exact_coords_latlon,1,1,source_id_match,0,"[Include in Bins 1, 2] Robust primary data source providing extractable quantitative means, SE, and sample sizes for both continuous healing trajectories and organismal calcification costs under ocean acidification. || [Include in Bins 1, 2] An excellent, rigorous primary data source providing extractable quantitative outcomes for growth costs and tissue regeneration under varied $pCO_2$ ocean acidification stress."
1,extract_from_tables_or_text,not_started,0,2e3b055f-28df-4def-97aa-660ac537a95f,Edmunds and Yarid - 2017 - The effects of ocean acidification on wound repair in the coral Porites spp..pdf,literature/META_ANALYSIS_POOL/Edmunds and Yarid - 2017 - The effects of ocean acidification on wound repair in the coral Porites spp..pdf,local_pdf_available,META_ANALYSIS_POOL,include_primary,ready_extract,rate,1,exact_coords_latlon,1,1,no_author_year_match,0,"[Include in Bins 1, 2] Robust primary data source providing extractable quantitative means, SE, and sample sizes for both continuous healing trajectories and organismal calcification costs under ocean acidification. || [Include in Bins 1, 2] An excellent, rigorous primary data source providing extractable quantitative outcomes for growth costs and tissue regeneration under varied $pCO_2$ ocean acidification stress."
1,extract_from_tables_or_text,not_started,0,348d7203-b68d-472c-89da-e3e6704b2f50,Eh and Rpm - 1995 - Age-related deterioration of a physiological function in the branching coral Acropora palmata.pdf,literature/META_ANALYSIS_POOL/Eh and Rpm - 1995 - Age-related deterioration of a physiological function in the branching coral Acropora palmata.pdf,local_pdf_available,META_ANALYSIS_POOL,include_primary,ready_extract,rate,2,exact_coords_latlon|temperature_c,1,1,no_author_year_match,0,Primary Acropora palmata paper quantifying age-related regeneration decline.
1,extract_from_tables_or_text,started,0,1d9e4e6d-fe25-4609-b0ac-78fdb306c80b,Eh et al. - 1997 - Predicting regeneration of physical damage on a reef-building coral by regeneration capacity and les.pdf,literature/META_ANALYSIS_POOL/Eh et al. - 1997 - Predicting regeneration of physical damage on a reef-building coral by regeneration capacity and les.pdf,local_pdf_available,META_ANALYSIS_POOL,include_primary,ready_extract,rate,2,exact_coords_latlon|temperature_c,1,1,source_id_match,0,Primary predictive regeneration paper using lesion shape and regeneration capacity.
1,extract_from_tables_or_text,not_started,0,a1e7fabd-36e1-4556-804c-e6f1a9c17581,Fisher et al. - 2007 - Lesion regeneration rates in reef-building corals Montastraea spp. as indicators of colony condition.pdf,literature/META_ANALYSIS_POOL/Fisher et al. - 2007 - Lesion regeneration rates in reef-building corals Montastraea spp. as indicators of colony condition.pdf,local_pdf_available,META_ANALYSIS_POOL,include_primary,ready_extract,rate,1,temperature_c,1,1,no_author_year_match,0,"[Include in Bin 1] Highly precise methodology providing raw regression slopes, variance, and sample sizes for temporal healing speeds. || [Include in Bin 1] An excellent, rigorous primary data source providing extractable standardized quantitative outcomes for tissue regeneration with distinct variance and sample sizes directly in the text."
1,extract_from_tables_or_text,not_started,0,3a3fb59c-a303-49f1-aa80-21ffe7d182cf,Fong and Lirman - 1995 - Hurricanes Cause Population Expansion of the Branching Coral Acropora palmata (Scleractinia).pdf,literature/META_ANALYSIS_POOL/Fong and Lirman - 1995 - Hurricanes Cause Population Expansion of the Branching Coral Acropora palmata (Scleractinia).pdf,local_pdf_available,META_ANALYSIS_POOL,include_primary,ready_extract,growth,3,depth|area_mm2|temperature_c,1,1,no_author_year_match,0,"[Include in Bins 1, 4] Contains valuable primary data on the natural survivorship of fragments and natural wound healing, but extraction of continuous healing rates and variances will require digitizing figures from the full paper. || [Include in Bins 1, 2] An important field study tracking natural storm damage recovery; however, exact growth effect sizes and variances will need to be extracted by digitizing the figures, as the provided text is partially deficient in raw numbers."
1,extract_from_tables_or_text,not_started,0,3a3fb59c-a303-49f1-aa80-21ffe7d182cf,Fong and Lirman - 1995 - Hurricanes Cause Population Expansion of the Branching Coral Acropora palmata (Scleractinia).pdf,literature/META_ANALYSIS_POOL/Fong and Lirman - 1995 - Hurricanes Cause Population Expansion of the Branching Coral Acropora palmata (Scleractinia).pdf,local_pdf_available,META_ANALYSIS_POOL,include_primary,ready_extract,rate,3,depth|area_mm2|temperature_c,1,1,no_author_year_match,0,"[Include in Bins 1, 4] Contains valuable primary data on the natural survivorship of fragments and natural wound healing, but extraction of continuous healing rates and variances will require digitizing figures from the full paper. || [Include in Bins 1, 2] An important field study tracking natural storm damage recovery; however, exact growth effect sizes and variances will need to be extracted by digitizing the figures, as the provided text is partially deficient in raw numbers."
1,extract_from_tables_or_text,not_started,0,3a3fb59c-a303-49f1-aa80-21ffe7d182cf,Fong and Lirman - 1995 - Hurricanes Cause Population Expansion of the Branching Coral Acropora palmata (Scleractinia).pdf,literature/META_ANALYSIS_POOL/Fong and Lirman - 1995 - Hurricanes Cause Population Expansion of the Branching Coral Acropora palmata (Scleractinia).pdf,local_pdf_available,META_ANALYSIS_POOL,include_primary,ready_extract,survival,3,depth|area_mm2|temperature_c,1,1,no_author_year_match,0,"[Include in Bins 1, 4] Contains valuable primary data on the natural survivorship of fragments and natural wound healing, but extraction of continuous healing rates and variances will require digitizing figures from the full paper. || [Include in Bins 1, 2] An important field study tracking natural storm damage recovery; however, exact growth effect sizes and variances will need to be extracted by digitizing the figures, as the provided text is partially deficient in raw numbers."
1,extract_from_tables_or_text,not_started,0,6a14a9e9-da4e-425f-bf9d-59fa573487e1,"Guzmán et al. - 1994 - Injury, regeneration and growth of Caribbean reef corals after a major oil spill in Panama.pdf","literature/META_ANALYSIS_POOL/Guzmán et al. - 1994 - Injury, regeneration and growth of Caribbean reef corals after a major oil spill in Panama.pdf",local_pdf_available,META_ANALYSIS_POOL,include_primary,ready_extract,growth,2,exact_coords_latlon|temperature_c,1,1,no_author_year_match,0,"Primary post-disturbance injury, regeneration, and growth study in Caribbean corals."
1,extract_from_tables_or_text,not_started,0,6a14a9e9-da4e-425f-bf9d-59fa573487e1,"Guzmán et al. - 1994 - Injury, regeneration and growth of Caribbean reef corals after a major oil spill in Panama.pdf","literature/META_ANALYSIS_POOL/Guzmán et al. - 1994 - Injury, regeneration and growth of Caribbean reef corals after a major oil spill in Panama.pdf",local_pdf_available,META_ANALYSIS_POOL,include_primary,ready_extract,rate,2,exact_coords_latlon|temperature_c,1,1,no_author_year_match,0,"Primary post-disturbance injury, regeneration, and growth study in Caribbean corals."
1,extract_from_tables_or_text,not_started,0,6a14a9e9-da4e-425f-bf9d-59fa573487e1,"Guzmán et al. - 1994 - Injury, regeneration and growth of Caribbean reef corals after a major oil spill in Panama.pdf","literature/META_ANALYSIS_POOL/Guzmán et al. - 1994 - Injury, regeneration and growth of Caribbean reef corals after a major oil spill in Panama.pdf",local_pdf_available,META_ANALYSIS_POOL,include_primary,ready_extract,survival,2,exact_coords_latlon|temperature_c,1,1,no_author_year_match,0,"Primary post-disturbance injury, regeneration, and growth study in Caribbean corals."
1,extract_from_tables_or_text,started,0,65ccf3b6-92c0-416b-93ba-1cfd827b1ba1,Horricks et al. - 2019 - Differential protein abundance during the first month of regeneration of the Caribbean star coral Mo.pdf,literature/META_ANALYSIS_POOL/Horricks et al. - 2019 - Differential protein abundance during the first month of regeneration of the Caribbean star coral Mo.pdf,local_pdf_available,META_ANALYSIS_POOL,include_primary,ready_extract,rate,1,temperature_c,1,1,source_id_match,0,"[Include in Bin 1] *Reason:* The study provides highly standardized, extractable quantitative data for continuous macroscopic tissue regeneration trajectories (including SE and sample sizes) alongside its mechanistic biomolecular data. || [Narrative/Mechanism Only] A pioneering proteomics study documenting the molecular cascades of wound healing (Bin 5), but it lacks the raw extractable macroscopic tissue regeneration data needed for Bins 1–4 without complex model back-calculation."
1,extract_from_tables_or_text,not_started,0,cf0dfa52-c9e6-4d7f-9ae1-5970162a807f,Lester and Bak - 1985 - Effects of environment on regeneration rate of tissue lesions in the reef coral Montastrea annularis.pdf,literature/META_ANALYSIS_POOL/Lester and Bak - 1985 - Effects of environment on regeneration rate of tissue lesions in the reef coral Montastrea annularis.pdf,local_pdf_available,META_ANALYSIS_POOL,include_primary,ready_extract,rate,1,exact_coords_latlon,1,1,no_author_year_match,0,[Include in Bin 1] ***
1,extract_from_tables_or_text,not_started,0,e1fe67b6-7beb-43ff-bb09-b0b2262e6d05,"Lirman - 2000 - Fragmentation in the branching coral Acropora palmata (Lamarck) growth, survivorship, and reproduct.pdf","literature/META_ANALYSIS_POOL/Lirman - 2000 - Fragmentation in the branching coral Acropora palmata (Lamarck) growth, survivorship, and reproduct.pdf",local_pdf_available,META_ANALYSIS_POOL,include_primary,ready_extract,growth,2,area_mm2|temperature_c,1,1,no_author_year_match,0,"[Include in Bin 3] The excerpted table provides clear, extractable sample sizes and percentage data demonstrating the reproductive costs associated with fragmentation damage."
1,extract_from_tables_or_text,started,0,e1fe67b6-7beb-43ff-bb09-b0b2262e6d05,"Lirman - 2000 - Fragmentation in the branching coral Acropora palmata (Lamarck) growth, survivorship, and reproduct.pdf","literature/META_ANALYSIS_POOL/Lirman - 2000 - Fragmentation in the branching coral Acropora palmata (Lamarck) growth, survivorship, and reproduct.pdf",local_pdf_available,META_ANALYSIS_POOL,include_primary,ready_extract,reproduction,2,area_mm2|temperature_c,1,1,source_id_match,0,"[Include in Bin 3] The excerpted table provides clear, extractable sample sizes and percentage data demonstrating the reproductive costs associated with fragmentation damage."
1,extract_from_tables_or_text,started,0,e1fe67b6-7beb-43ff-bb09-b0b2262e6d05,"Lirman - 2000 - Fragmentation in the branching coral Acropora palmata (Lamarck) growth, survivorship, and reproduct.pdf","literature/META_ANALYSIS_POOL/Lirman - 2000 - Fragmentation in the branching coral Acropora palmata (Lamarck) growth, survivorship, and reproduct.pdf",local_pdf_available,META_ANALYSIS_POOL,include_primary,ready_extract,survival,2,area_mm2|temperature_c,1,1,source_id_match,0,"[Include in Bin 3] The excerpted table provides clear, extractable sample sizes and percentage data demonstrating the reproductive costs associated with fragmentation damage."
1,extract_from_tables_or_text,not_started,0,3764e810-0eb0-4d34-baca-2c5136c95bc8,"Lirman - 2000 - Lesion regeneration in the branching coral Acropora palmata effects of colonization, colony size, l.pdf","literature/META_ANALYSIS_POOL/Lirman - 2000 - Lesion regeneration in the branching coral Acropora palmata effects of colonization, colony size, l.pdf",local_pdf_available,META_ANALYSIS_POOL,include_primary,ready_extract,rate,1,temperature_c,1,1,no_author_year_match,0,"[Include in Bin 1] An excellent primary data source providing highly standardized linear closure rates, precise variance (SE), and distinct sample sizes categorized by initial lesion size."
1,extract_from_tables_or_text,not_started,0,6b96575e-9bf7-46f2-a12e-73b565f46629,Meesters and Bak - 1993 - Effects of coral bleaching on tissue regeneration potential and colony survival.pdf,literature/META_ANALYSIS_POOL/Meesters and Bak - 1993 - Effects of coral bleaching on tissue regeneration potential and colony survival.pdf,local_pdf_available,META_ANALYSIS_POOL,include_primary,ready_extract,rate,1,exact_coords_latlon,1,1,no_author_year_match,0,"[Include in Bins 1, 4] Robust primary data source showing the physiological costs of bleaching on lesion recovery and survival, though the exact sample size must be retrieved from the full manuscript."
1,extract_from_tables_or_text,not_started,0,6b96575e-9bf7-46f2-a12e-73b565f46629,Meesters and Bak - 1993 - Effects of coral bleaching on tissue regeneration potential and colony survival.pdf,literature/META_ANALYSIS_POOL/Meesters and Bak - 1993 - Effects of coral bleaching on tissue regeneration potential and colony survival.pdf,local_pdf_available,META_ANALYSIS_POOL,include_primary,ready_extract,survival,1,exact_coords_latlon,1,1,no_author_year_match,0,"[Include in Bins 1, 4] Robust primary data source showing the physiological costs of bleaching on lesion recovery and survival, though the exact sample size must be retrieved from the full manuscript."
1,extract_from_tables_or_text,not_started,0,fe532d7a-f878-4a85-962a-7de43d06a80c,Rotjan and Lewis - 2009 - Predators selectively graze reproductive structures in a clonal marine organism.pdf,literature/META_ANALYSIS_POOL/Rotjan and Lewis - 2009 - Predators selectively graze reproductive structures in a clonal marine organism.pdf,local_pdf_available,META_ANALYSIS_POOL,include_primary,ready_extract,rate,2,area_mm2|temperature_c,1,1,no_author_year_match,0,"[Include in Bin 3] The study explicitly measures the localized reproductive costs of wounding. However, the raw effect sizes (means and variances) will need to be extracted by digitizing the figures, as the text excerpt is deficient. || [Include in Bin 3] The study explicitly measures the localized reproductive costs of wounding [14]. However, the raw effect sizes (means and variances) will need to be extracted by digitizing the figures, as the text excerpt is deficient in reporting them numerically [15]."
1,extract_from_tables_or_text,started,0,fe532d7a-f878-4a85-962a-7de43d06a80c,Rotjan and Lewis - 2009 - Predators selectively graze reproductive structures in a clonal marine organism.pdf,literature/META_ANALYSIS_POOL/Rotjan and Lewis - 2009 - Predators selectively graze reproductive structures in a clonal marine organism.pdf,local_pdf_available,META_ANALYSIS_POOL,include_primary,ready_extract,reproduction,2,area_mm2|temperature_c,1,1,source_id_match,0,"[Include in Bin 3] The study explicitly measures the localized reproductive costs of wounding. However, the raw effect sizes (means and variances) will need to be extracted by digitizing the figures, as the text excerpt is deficient. || [Include in Bin 3] The study explicitly measures the localized reproductive costs of wounding [14]. However, the raw effect sizes (means and variances) will need to be extracted by digitizing the figures, as the text excerpt is deficient in reporting them numerically [15]."
1,extract_from_tables_or_text,not_started,0,d48f4420-bee1-4bd3-95e6-7f646095131b,Wesseling et al. - 2001 - Partial Mortality in Porites Corals Variation among Philippine Reefs.pdf,literature/META_ANALYSIS_POOL/Wesseling et al. - 2001 - Partial Mortality in Porites Corals Variation among Philippine Reefs.pdf,local_pdf_available,META_ANALYSIS_POOL,include_primary,ready_extract,survival,3,exact_coords_latlon|area_mm2|temperature_c,1,1,no_author_year_match,0,"[Include in Bin 4] *Reason:* Provides highly standardized, extractable quantitative field data (including exact means, SE, and sample sizes in Table 3) on the prevalence and size of natural background partial mortality across different spatial zones [11, 12]. || [Include in Bin 4] Provides highly standardized, extractable quantitative field data (including exact means, SE, and sample sizes in Table 3) on the prevalence and size of natural background partial mortality across different spatial zones [14, 15]."
2,digitize_figures_or_graphs,not_started,1,dde85c3e-6c0d-4057-9a5a-116138865992,"Bak - 1983 - Neoplasia, regeneration and growth in the reef-building coral Acropora palmata.pdf","literature/META_ANALYSIS_POOL/Bak - 1983 - Neoplasia, regeneration and growth in the reef-building coral Acropora palmata.pdf",local_pdf_available,META_ANALYSIS_POOL,include_primary,needs_digitization,growth,2,exact_coords_latlon|temperature_c,1,1,no_author_year_match,1,"Foundational Acropora palmata injury, regeneration, and growth study."
2,digitize_figures_or_graphs,started,1,dde85c3e-6c0d-4057-9a5a-116138865992,"Bak - 1983 - Neoplasia, regeneration and growth in the reef-building coral Acropora palmata.pdf","literature/META_ANALYSIS_POOL/Bak - 1983 - Neoplasia, regeneration and growth in the reef-building coral Acropora palmata.pdf",local_pdf_available,META_ANALYSIS_POOL,include_primary,needs_digitization,rate,2,exact_coords_latlon|temperature_c,1,1,source_id_match,1,"Foundational Acropora palmata injury, regeneration, and growth study."
2,digitize_figures_or_graphs,not_started,1,12e9e864-5ff1-42c4-a63d-19b5d62a7464,Bak and Es - REGENERATION OF SUPERFICIAL DAMAGE IN THE SCLERACTINIAN CORALS AGARCA AGARCTES F. PURPUREA AND P.pdf,literature/META_ANALYSIS_POOL/Bak and Es - REGENERATION OF SUPERFICIAL DAMAGE IN THE SCLERACTINIAN CORALS AGARCA AGARCTES F. PURPUREA AND P.pdf,local_pdf_available,META_ANALYSIS_POOL,include_primary,needs_digitization,rate,2,exact_coords_latlon|temperature_c,1,1,no_author_year_match,1,Foundational early study on superficial-damage regeneration in Agaricia and Porites.
2,digitize_figures_or_graphs,started,1,12e9e864-5ff1-42c4-a63d-19b5d62a7464,Bak and Es - REGENERATION OF SUPERFICIAL DAMAGE IN THE SCLERACTINIAN CORALS AGARCA AGARCTES F. PURPUREA AND P.pdf,literature/META_ANALYSIS_POOL/Bak and Es - REGENERATION OF SUPERFICIAL DAMAGE IN THE SCLERACTINIAN CORALS AGARCA AGARCTES F. PURPUREA AND P.pdf,local_pdf_available,META_ANALYSIS_POOL,include_primary,needs_digitization,survival,2,exact_coords_latlon|temperature_c,1,1,source_id_match,1,Foundational early study on superficial-damage regeneration in Agaricia and Porites.
2,digitize_figures_or_graphs,not_started,1,daec544d-cfab-46db-be2a-1d3596bc0395,Burmester et al. - 2018 - The impact of autotrophic versus heterotrophic nutritional pathways on colony health and wound recov.pdf,literature/META_ANALYSIS_POOL/Burmester et al. - 2018 - The impact of autotrophic versus heterotrophic nutritional pathways on colony health and wound recov.pdf,local_pdf_available,META_ANALYSIS_POOL,include_primary,needs_digitization,growth,0,,1,1,no_author_year_match,1,Primary wound-recovery and colony-health paper in Astrangia; retain even though many effect sizes will need extraction from figures.
2,digitize_figures_or_graphs,not_started,1,daec544d-cfab-46db-be2a-1d3596bc0395,Burmester et al. - 2018 - The impact of autotrophic versus heterotrophic nutritional pathways on colony health and wound recov.pdf,literature/META_ANALYSIS_POOL/Burmester et al. - 2018 - The impact of autotrophic versus heterotrophic nutritional pathways on colony health and wound recov.pdf,local_pdf_available,META_ANALYSIS_POOL,include_primary,needs_digitization,rate,0,,1,1,no_author_year_match,1,Primary wound-recovery and colony-health paper in Astrangia; retain even though many effect sizes will need extraction from figures.
2,digitize_figures_or_graphs,not_started,1,9f7a74ab-485d-44be-88c3-28c6b4a7c491,Chadwick and Loya - 1990 - Regeneration after experimental breakage in the solitary reef coral Fungia granulosa Klunzing.pdf,literature/META_ANALYSIS_POOL/Chadwick and Loya - 1990 - Regeneration after experimental breakage in the solitary reef coral Fungia granulosa Klunzing.pdf,local_pdf_available,META_ANALYSIS_POOL,include_primary,needs_digitization,rate,4,exact_coords_latlon|tissue_type|area_mm2|temperature_c,1,1,no_author_year_match,1,Primary breakage-regeneration experiment in Fungia granulosa.
2,digitize_figures_or_graphs,not_started,1,9f7a74ab-485d-44be-88c3-28c6b4a7c491,Chadwick and Loya - 1990 - Regeneration after experimental breakage in the solitary reef coral Fungia granulosa Klunzing.pdf,literature/META_ANALYSIS_POOL/Chadwick and Loya - 1990 - Regeneration after experimental breakage in the solitary reef coral Fungia granulosa Klunzing.pdf,local_pdf_available,META_ANALYSIS_POOL,include_primary,needs_digitization,survival,4,exact_coords_latlon|tissue_type|area_mm2|temperature_c,1,1,no_author_year_match,1,Primary breakage-regeneration experiment in Fungia granulosa.
2,digitize_figures_or_graphs,not_started,1,d4f87f68-6209-4973-bf99-fac310af5656,Coral-Damsel-Wounding-Manuscript.pdf,literature/META_ANALYSIS_POOL/Coral-Damsel-Wounding-Manuscript.pdf,local_pdf_available,META_ANALYSIS_POOL,include_primary,needs_digitization,growth,2,depth|temperature_c,1,1,no_author_year_match,1,Unpublished/grey-literature manuscript with direct wound-healing and photosynthetic recovery outcomes in Pocillopora.
2,digitize_figures_or_graphs,not_started,1,d4f87f68-6209-4973-bf99-fac310af5656,Coral-Damsel-Wounding-Manuscript.pdf,literature/META_ANALYSIS_POOL/Coral-Damsel-Wounding-Manuscript.pdf,local_pdf_available,META_ANALYSIS_POOL,include_primary,needs_digitization,rate,2,depth|temperature_c,1,1,no_author_year_match,1,Unpublished/grey-literature manuscript with direct wound-healing and photosynthetic recovery outcomes in Pocillopora.
2,digitize_figures_or_graphs,not_started,1,ec19aed9-6875-473a-accb-914b065e6e10,Counsell et al. - 2019 - Colony size and depth affect wound repair in a branching coral.pdf,literature/META_ANALYSIS_POOL/Counsell et al. - 2019 - Colony size and depth affect wound repair in a branching coral.pdf,local_pdf_available,META_ANALYSIS_POOL,include_primary,needs_digitization,rate,1,area_mm2,1,1,no_author_year_match,1,Primary field experiment on Pocillopora meandrina wound healing time and partial mortality; include for healing and survival even though extraction will rely on full-text values/time-to-heal endpoints.
2,digitize_figures_or_graphs,not_started,1,ec19aed9-6875-473a-accb-914b065e6e10,Counsell et al. - 2019 - Colony size and depth affect wound repair in a branching coral.pdf,literature/META_ANALYSIS_POOL/Counsell et al. - 2019 - Colony size and depth affect wound repair in a branching coral.pdf,local_pdf_available,META_ANALYSIS_POOL,include_primary,needs_digitization,survival,1,area_mm2,1,1,no_author_year_match,1,Primary field experiment on Pocillopora meandrina wound healing time and partial mortality; include for healing and survival even though extraction will rely on full-text values/time-to-heal endpoints.
2,digitize_figures_or_graphs,not_started,1,034d4e10-aee2-4964-9c77-cb6f4174bd3e,Cróquer et al. - 2002 - Environmental factors affecting tissue regeneration of the reef - building coral Montastraea annular.pdf,literature/META_ANALYSIS_POOL/Cróquer et al. - 2002 - Environmental factors affecting tissue regeneration of the reef - building coral Montastraea annular.pdf,local_pdf_available,META_ANALYSIS_POOL,include_primary,needs_digitization,rate,1,area_mm2,1,1,no_author_year_match,1,Primary environmental-effects paper on tissue regeneration in Montastraea annularis.
2,digitize_figures_or_graphs,not_started,1,28b1e816-45f3-42fc-a2b0-0cfea52a0adc,"DeFilippo et al. - 2016 - Patterns of surface lesion recovery in the Northern Star Coral, Astrangia poculata.pdf","literature/META_ANALYSIS_POOL/DeFilippo et al. - 2016 - Patterns of surface lesion recovery in the Northern Star Coral, Astrangia poculata.pdf",local_pdf_available,META_ANALYSIS_POOL,include_primary,needs_digitization,rate,3,exact_coords_latlon|growth_form|area_mm2,1,1,no_author_year_match,1,Primary Astrangia lesion-recovery paper with direct wound-healing outcomes.
2,digitize_figures_or_graphs,not_started,1,3d374a40-79d3-413b-99c2-670f9da97bef,"Dias et al. - 2018 - Mortality, growth and regeneration following fragmentation of reef-forming corals under thermal stre.pdf","literature/META_ANALYSIS_POOL/Dias et al. - 2018 - Mortality, growth and regeneration following fragmentation of reef-forming corals under thermal stre.pdf",local_pdf_available,META_ANALYSIS_POOL,include_primary,needs_digitization,growth,2,exact_coords_latlon|depth,1,1,no_author_year_match,1,"Primary fragmentation paper covering mortality, growth, and regeneration under heat stress."
2,digitize_figures_or_graphs,not_started,1,3d374a40-79d3-413b-99c2-670f9da97bef,"Dias et al. - 2018 - Mortality, growth and regeneration following fragmentation of reef-forming corals under thermal stre.pdf","literature/META_ANALYSIS_POOL/Dias et al. - 2018 - Mortality, growth and regeneration following fragmentation of reef-forming corals under thermal stre.pdf",local_pdf_available,META_ANALYSIS_POOL,include_primary,needs_digitization,rate,2,exact_coords_latlon|depth,1,1,no_author_year_match,1,"Primary fragmentation paper covering mortality, growth, and regeneration under heat stress."
2,digitize_figures_or_graphs,not_started,1,3d374a40-79d3-413b-99c2-670f9da97bef,"Dias et al. - 2018 - Mortality, growth and regeneration following fragmentation of reef-forming corals under thermal stre.pdf","literature/META_ANALYSIS_POOL/Dias et al. - 2018 - Mortality, growth and regeneration following fragmentation of reef-forming corals under thermal stre.pdf",local_pdf_available,META_ANALYSIS_POOL,include_primary,needs_digitization,survival,2,exact_coords_latlon|depth,1,1,no_author_year_match,1,"Primary fragmentation paper covering mortality, growth, and regeneration under heat stress."
2,digitize_figures_or_graphs,not_started,1,c849a042-644e-4b4f-a530-33cfb800d9a9,E and Y - 1996 - Regeneration versus budding in fungiid corals a trade-off.pdf,literature/META_ANALYSIS_POOL/E and Y - 1996 - Regeneration versus budding in fungiid corals a trade-off.pdf,local_pdf_available,META_ANALYSIS_POOL,include_primary,needs_digitization,growth,3,exact_coords_latlon|depth|area_mm2,1,1,no_author_year_match,1,Primary fungiid paper on regeneration versus budding trade-offs following damage.
2,digitize_figures_or_graphs,not_started,1,c849a042-644e-4b4f-a530-33cfb800d9a9,E and Y - 1996 - Regeneration versus budding in fungiid corals a trade-off.pdf,literature/META_ANALYSIS_POOL/E and Y - 1996 - Regeneration versus budding in fungiid corals a trade-off.pdf,local_pdf_available,META_ANALYSIS_POOL,include_primary,needs_digitization,rate,3,exact_coords_latlon|depth|area_mm2,1,1,no_author_year_match,1,Primary fungiid paper on regeneration versus budding trade-offs following damage.
2,digitize_figures_or_graphs,not_started,1,ad751939-b061-4323-9097-c1e7d2e9576f,Fine et al. - 2002 - Bleaching effect on regeneration and resource translocation in the coral Oculina patagonica.pdf,literature/META_ANALYSIS_POOL/Fine et al. - 2002 - Bleaching effect on regeneration and resource translocation in the coral Oculina patagonica.pdf,local_pdf_available,META_ANALYSIS_POOL,include_primary,needs_digitization,rate,1,temperature_c,1,1,no_author_year_match,1,Primary lesion-recovery experiment contrasting bleached and unbleached Oculina patagonica; also central for colony-integration mechanism.
2,digitize_figures_or_graphs,not_started,1,ad751939-b061-4323-9097-c1e7d2e9576f,Fine et al. - 2002 - Bleaching effect on regeneration and resource translocation in the coral Oculina patagonica.pdf,literature/META_ANALYSIS_POOL/Fine et al. - 2002 - Bleaching effect on regeneration and resource translocation in the coral Oculina patagonica.pdf,local_pdf_available,META_ANALYSIS_POOL,include_primary,needs_digitization,survival,1,temperature_c,1,1,no_author_year_match,1,Primary lesion-recovery experiment contrasting bleached and unbleached Oculina patagonica; also central for colony-integration mechanism.
2,digitize_figures_or_graphs,not_started,1,e2191f69-a271-4c74-be4c-ebe977248362,Hall - 1997 - Interspecific differences in the regeneration of artificial injuries on scleractinian corals.pdf,literature/META_ANALYSIS_POOL/Hall - 1997 - Interspecific differences in the regeneration of artificial injuries on scleractinian corals.pdf,local_pdf_available,META_ANALYSIS_POOL,include_primary,needs_digitization,rate,2,depth|temperature_c,1,1,no_author_year_match,1,Core comparative regeneration dataset across multiple scleractinian morphologies and injury types.
2,digitize_figures_or_graphs,started,1,b9536b7f-eb24-428a-8a9f-9750a74faa1f,Hall - 2001 - The response of Acropora hyacinthus and Montipora tuberculosa to three different types of colony dam.pdf,literature/META_ANALYSIS_POOL/Hall - 2001 - The response of Acropora hyacinthus and Montipora tuberculosa to three different types of colony dam.pdf,local_pdf_available,META_ANALYSIS_POOL,include_primary,needs_digitization,rate,2,depth|temperature_c,1,1,source_id_match,1,"[Exclude] Reports the total amount of tissue regenerated at specific time intervals rather than a continuous temporal speed (e.g., mm²/day). || [Include in Bin 1] Excellent comparative study of injury types, but the primary quantitative healing effect sizes must be extracted via figure digitization."
2,digitize_figures_or_graphs,not_started,1,33b7b9b2-9041-454b-bba3-abfadd68029f,Hall et al. - 2015 - Lesion recovery of two scleractinian corals under low pH conditions Implications for restoration ef.pdf,literature/META_ANALYSIS_POOL/Hall et al. - 2015 - Lesion recovery of two scleractinian corals under low pH conditions Implications for restoration ef.pdf,local_pdf_available,META_ANALYSIS_POOL,include_primary,needs_digitization,rate,0,,1,1,no_author_year_match,1,Primary lesion-recovery study under ocean acidification; include for the environmental-stress hypothesis.
2,digitize_figures_or_graphs,not_started,1,2b8676ad-34ad-450c-8649-095d5be68458,Hall_Injury_and_regeneration_of_common_reef-crest_corals.pdf,literature/META_ANALYSIS_POOL/INJURY AND REGENERATION OF COMMON REEF-CREST CORALS.pdf,local_pdf_available,META_ANALYSIS_POOL,include_primary,needs_digitization,growth,2,depth|temperature_c,1,1,no_author_year_match,1,"Hall thesis with primary reef-crest coral damage, regeneration, and fecundity datasets that underpin several later papers."
2,digitize_figures_or_graphs,not_started,1,2b8676ad-34ad-450c-8649-095d5be68458,Hall_Injury_and_regeneration_of_common_reef-crest_corals.pdf,literature/META_ANALYSIS_POOL/INJURY AND REGENERATION OF COMMON REEF-CREST CORALS.pdf,local_pdf_available,META_ANALYSIS_POOL,include_primary,needs_digitization,rate,2,depth|temperature_c,1,1,no_author_year_match,1,"Hall thesis with primary reef-crest coral damage, regeneration, and fecundity datasets that underpin several later papers."
2,digitize_figures_or_graphs,started,1,2b8676ad-34ad-450c-8649-095d5be68458,Hall_Injury_and_regeneration_of_common_reef-crest_corals.pdf,literature/META_ANALYSIS_POOL/INJURY AND REGENERATION OF COMMON REEF-CREST CORALS.pdf,local_pdf_available,META_ANALYSIS_POOL,include_primary,needs_digitization,reproduction,2,depth|temperature_c,1,1,source_id_match,1,"Hall thesis with primary reef-crest coral damage, regeneration, and fecundity datasets that underpin several later papers."
2,digitize_figures_or_graphs,not_started,1,58b15640-3061-4ea9-a606-877701eef38c,"Hamman - 2019 - Spatial distribution of damage affects the healing, growth, and morphology of coral.pdf","literature/META_ANALYSIS_POOL/Hamman - 2019 - Spatial distribution of damage affects the healing, growth, and morphology of coral.pdf",local_pdf_available,META_ANALYSIS_POOL,include_primary,needs_digitization,growth,2,exact_coords_latlon|temperature_c,1,1,no_author_year_match,1,Primary experimental paper testing spatial distribution of damage on healing and growth.
2,digitize_figures_or_graphs,not_started,1,58b15640-3061-4ea9-a606-877701eef38c,"Hamman - 2019 - Spatial distribution of damage affects the healing, growth, and morphology of coral.pdf","literature/META_ANALYSIS_POOL/Hamman - 2019 - Spatial distribution of damage affects the healing, growth, and morphology of coral.pdf",local_pdf_available,META_ANALYSIS_POOL,include_primary,needs_digitization,rate,2,exact_coords_latlon|temperature_c,1,1,no_author_year_match,1,Primary experimental paper testing spatial distribution of damage on healing and growth.
2,digitize_figures_or_graphs,not_started,1,5f4a560f-1449-4b1d-96ad-236a0da5fcb7,Horwitz and Fine - 2014 - High CO2 detrimentally affects tissue regeneration of Red Sea corals.pdf,literature/META_ANALYSIS_POOL/Horwitz and Fine - 2014 - High CO2 detrimentally affects tissue regeneration of Red Sea corals.pdf,local_pdf_available,META_ANALYSIS_POOL,include_primary,needs_digitization,rate,0,,1,1,no_author_year_match,1,Primary ocean-acidification paper on tissue regeneration under elevated CO2.
2,digitize_figures_or_graphs,not_started,1,4cc9b30b-9ed8-4123-82aa-2f182db391b7,Jayewardene - 2010 - Experimental determination of the cost of lesion healing on Porites compressa growth.pdf,literature/META_ANALYSIS_POOL/Jayewardene - 2010 - Experimental determination of the cost of lesion healing on Porites compressa growth.pdf,local_pdf_available,META_ANALYSIS_POOL,include_primary,needs_digitization,growth,1,exact_coords_latlon,1,1,no_author_year_match,1,Primary experimental test of growth costs during lesion healing in Porites compressa.
2,digitize_figures_or_graphs,not_started,1,4cc9b30b-9ed8-4123-82aa-2f182db391b7,Jayewardene - 2010 - Experimental determination of the cost of lesion healing on Porites compressa growth.pdf,literature/META_ANALYSIS_POOL/Jayewardene - 2010 - Experimental determination of the cost of lesion healing on Porites compressa growth.pdf,local_pdf_available,META_ANALYSIS_POOL,include_primary,needs_digitization,rate,1,exact_coords_latlon,1,1,no_author_year_match,1,Primary experimental test of growth costs during lesion healing in Porites compressa.
2,digitize_figures_or_graphs,not_started,1,45fcfd8e-a2d2-4345-aec0-baeb03f883a4,Jayewardene et al. - 2009 - Effects of frequent fish predation on corals in Hawaii.pdf,literature/META_ANALYSIS_POOL/Jayewardene et al. - 2009 - Effects of frequent fish predation on corals in Hawaii.pdf,local_pdf_available,META_ANALYSIS_POOL,include_primary,needs_digitization,growth,2,exact_coords_latlon|temperature_c,1,1,no_author_year_match,1,Primary corallivory paper on repeated fish damage and colony consequences.
2,digitize_figures_or_graphs,not_started,1,45fcfd8e-a2d2-4345-aec0-baeb03f883a4,Jayewardene et al. - 2009 - Effects of frequent fish predation on corals in Hawaii.pdf,literature/META_ANALYSIS_POOL/Jayewardene et al. - 2009 - Effects of frequent fish predation on corals in Hawaii.pdf,local_pdf_available,META_ANALYSIS_POOL,include_primary,needs_digitization,survival,2,exact_coords_latlon|temperature_c,1,1,no_author_year_match,1,Primary corallivory paper on repeated fish damage and colony consequences.
2,digitize_figures_or_graphs,not_started,1,acf00158-0890-4388-9a0e-da9194664ef6,Kaufman et al. - 2021 - Thermal history influences lesion recovery of the threatened Caribbean staghorn coral Acropora cervi.pdf,literature/META_ANALYSIS_POOL/Kaufman et al. - 2021 - Thermal history influences lesion recovery of the threatened Caribbean staghorn coral Acropora cervi.pdf,local_pdf_available,META_ANALYSIS_POOL,include_primary,needs_digitization,rate,0,,1,1,no_author_year_match,1,Primary Acropora cervicornis lesion-recovery note under heat stress.
2,digitize_figures_or_graphs,not_started,1,04e10b24-592e-4cf3-8f94-226c7904262d,Kramarsky-Winter and Loya - 2000 - Tissue regeneration in the coral Fungia granulosa  the effect of extrinsic and intrinsic factors.pdf,literature/META_ANALYSIS_POOL/Kramarsky-Winter and Loya - 2000 - Tissue regeneration in the coral Fungia granulosa  the effect of extrinsic and intrinsic factors.pdf,local_pdf_available,META_ANALYSIS_POOL,include_primary,needs_digitization,rate,3,exact_coords_latlon|tissue_type|area_mm2,1,1,no_author_year_match,1,Primary regeneration paper on extrinsic and intrinsic controls in Fungia granulosa.
2,digitize_figures_or_graphs,not_started,1,40359446-8345-4a72-8169-af86ad3de9d6,Lenihan and Edmunds - 2010 - Response of Pocillopora verrucosa to corallivory varies with environmental conditions.pdf,literature/META_ANALYSIS_POOL/Lenihan and Edmunds - 2010 - Response of Pocillopora verrucosa to corallivory varies with environmental conditions.pdf,local_pdf_available,META_ANALYSIS_POOL,include_primary,needs_digitization,growth,0,,1,1,no_author_year_match,1,Primary corallivory-response paper combining wound outcomes with environmental context.
2,digitize_figures_or_graphs,not_started,1,40359446-8345-4a72-8169-af86ad3de9d6,Lenihan and Edmunds - 2010 - Response of Pocillopora verrucosa to corallivory varies with environmental conditions.pdf,literature/META_ANALYSIS_POOL/Lenihan and Edmunds - 2010 - Response of Pocillopora verrucosa to corallivory varies with environmental conditions.pdf,local_pdf_available,META_ANALYSIS_POOL,include_primary,needs_digitization,rate,0,,1,1,no_author_year_match,1,Primary corallivory-response paper combining wound outcomes with environmental context.
2,digitize_figures_or_graphs,not_started,1,a67392b0-7a7e-43ad-917d-94febf750c1a,Lenihan et al. - 2015 - Hydrodynamics influence coral performance through simultaneous direct and indirect effects.pdf,literature/META_ANALYSIS_POOL/Lenihan et al. - 2015 - Hydrodynamics influence coral performance through simultaneous direct and indirect effects.pdf,local_pdf_available,META_ANALYSIS_POOL,include_primary,needs_digitization,growth,2,depth|area_mm2,1,1,no_author_year_match,1,Primary field assay showing indirect corallivory effects on coral growth under different flow regimes.
2,digitize_figures_or_graphs,not_started,1,a67392b0-7a7e-43ad-917d-94febf750c1a,Lenihan et al. - 2015 - Hydrodynamics influence coral performance through simultaneous direct and indirect effects.pdf,literature/META_ANALYSIS_POOL/Lenihan et al. - 2015 - Hydrodynamics influence coral performance through simultaneous direct and indirect effects.pdf,local_pdf_available,META_ANALYSIS_POOL,include_primary,needs_digitization,survival,2,depth|area_mm2,1,1,no_author_year_match,1,Primary field assay showing indirect corallivory effects on coral growth under different flow regimes.
2,digitize_figures_or_graphs,started,1,d110a8f5-278e-4ba7-a502-32eb61aed5cb,Lirman et al. - 2010 - Propagation of the threatened staghorn coral Acropora cervicornis methods to minimize the impacts o.pdf,literature/META_ANALYSIS_POOL/Lirman et al. - 2010 - Propagation of the threatened staghorn coral Acropora cervicornis methods to minimize the impacts o.pdf,local_pdf_available,META_ANALYSIS_POOL,include_primary,needs_digitization,growth,2,area_mm2|temperature_c,1,1,source_id_match,1,Primary propagation/fragmentation methods paper with direct growth and survivorship consequences of collection damage.
2,digitize_figures_or_graphs,not_started,1,d110a8f5-278e-4ba7-a502-32eb61aed5cb,Lirman et al. - 2010 - Propagation of the threatened staghorn coral Acropora cervicornis methods to minimize the impacts o.pdf,literature/META_ANALYSIS_POOL/Lirman et al. - 2010 - Propagation of the threatened staghorn coral Acropora cervicornis methods to minimize the impacts o.pdf,local_pdf_available,META_ANALYSIS_POOL,include_primary,needs_digitization,survival,2,area_mm2|temperature_c,1,1,no_author_year_match,1,Primary propagation/fragmentation methods paper with direct growth and survivorship consequences of collection damage.
2,digitize_figures_or_graphs,not_started,1,070cf5f2-ae03-4d99-8e1b-7e07f8428803,Loya - 1976 - Skeletal regeneration in a Red Sea scleractinian coral population.pdf,literature/META_ANALYSIS_POOL/Loya - 1976 - Skeletal regeneration in a Red Sea scleractinian coral population.pdf,local_pdf_available,META_ANALYSIS_POOL,include_primary,needs_digitization,rate,3,exact_coords_latlon|area_mm2|temperature_c,1,1,no_author_year_match,1,Early primary regeneration study on skeletal/tissue repair in Red Sea scleractinians.
2,digitize_figures_or_graphs,not_started,1,f7335f31-f560-4d42-9f0d-52fdbec8ece6,Meesters et al 1992 sedimentation and lesion position.pdf,literature/META_ANALYSIS_POOL/Meesters et al 1992 sedimentation and lesion position.pdf,local_pdf_available,META_ANALYSIS_POOL,include_primary,needs_digitization,rate,2,exact_coords_latlon|temperature_c,1,1,no_author_year_match,1,Primary regeneration study testing sedimentation and lesion position effects on healing.
2,digitize_figures_or_graphs,started,1,c84ce087-58f5-4e19-a373-34f57299f6d0,Meesters et al. - 1994 - Damage and regeneration links to growth in the reef-building coral Montastrea annularis.pdf,literature/META_ANALYSIS_POOL/Meesters et al. - 1994 - Damage and regeneration links to growth in the reef-building coral Montastrea annularis.pdf,local_pdf_available,META_ANALYSIS_POOL,include_primary,needs_digitization,growth,2,exact_coords_latlon|temperature_c,1,1,source_id_match,1,Core trade-off paper linking lesion healing to colony growth in Montastrea annularis.
2,digitize_figures_or_graphs,not_started,1,c84ce087-58f5-4e19-a373-34f57299f6d0,Meesters et al. - 1994 - Damage and regeneration links to growth in the reef-building coral Montastrea annularis.pdf,literature/META_ANALYSIS_POOL/Meesters et al. - 1994 - Damage and regeneration links to growth in the reef-building coral Montastrea annularis.pdf,local_pdf_available,META_ANALYSIS_POOL,include_primary,needs_digitization,rate,2,exact_coords_latlon|temperature_c,1,1,no_author_year_match,1,Core trade-off paper linking lesion healing to colony growth in Montastrea annularis.
2,digitize_figures_or_graphs,not_started,1,398d01aa-1e0e-4c46-9989-8490ca8748d5,Meesters et al. - 1996 - Partial Mortality in Three Species of Reef-Building Corals and the Relation with Colony Morphology.pdf,literature/META_ANALYSIS_POOL/Meesters et al. - 1996 - Partial Mortality in Three Species of Reef-Building Corals and the Relation with Colony Morphology.pdf,local_pdf_available,META_ANALYSIS_POOL,include_primary,needs_digitization,survival,2,exact_coords_latlon|temperature_c,1,1,no_author_year_match,1,Primary partial-mortality paper relevant to the survival consequences of damage and morphology.
2,digitize_figures_or_graphs,not_started,1,f46ad039-b2d6-4a0a-860d-98cf61f2a7de,Miller and Hay - 1998 - Effects of fish predation and seaweed competition on the survival and growth of corals.pdf,literature/META_ANALYSIS_POOL/Miller and Hay - 1998 - Effects of fish predation and seaweed competition on the survival and growth of corals.pdf,local_pdf_available,META_ANALYSIS_POOL,include_primary,needs_digitization,growth,2,area_mm2|temperature_c,1,1,no_author_year_match,1,Primary experiment on predation and seaweed competition affecting coral growth and survival.
2,digitize_figures_or_graphs,not_started,1,f46ad039-b2d6-4a0a-860d-98cf61f2a7de,Miller and Hay - 1998 - Effects of fish predation and seaweed competition on the survival and growth of corals.pdf,literature/META_ANALYSIS_POOL/Miller and Hay - 1998 - Effects of fish predation and seaweed competition on the survival and growth of corals.pdf,local_pdf_available,META_ANALYSIS_POOL,include_primary,needs_digitization,survival,2,area_mm2|temperature_c,1,1,no_author_year_match,1,Primary experiment on predation and seaweed competition affecting coral growth and survival.
2,digitize_figures_or_graphs,not_started,1,8c205a55-4093-46c5-a7c2-e356c8bf6a7c,Nagelkerken and Bak - 1998 - Differential regeneration of artificial lesions among sympatric morphs of the Caribbean corals Porit.pdf,literature/META_ANALYSIS_POOL/Nagelkerken and Bak - 1998 - Differential regeneration of artificial lesions among sympatric morphs of the Caribbean corals Porit.pdf,local_pdf_available,META_ANALYSIS_POOL,include_primary,needs_digitization,rate,2,exact_coords_latlon|temperature_c,1,1,no_author_year_match,1,Primary lesion-regeneration comparison among sympatric Porites morphs.
2,digitize_figures_or_graphs,not_started,1,b2eaa7a6-c475-4f8e-bec2-2a52585da7c3,Nagelkerken et al. - 1999 - Depth-related variation in regeneration of artificial lesions in the Caribbean corals Porites ast.pdf,literature/META_ANALYSIS_POOL/Nagelkerken et al. - 1999 - Depth-related variation in regeneration of artificial lesions in the Caribbean corals Porites ast.pdf,local_pdf_available,META_ANALYSIS_POOL,include_primary,needs_digitization,rate,2,exact_coords_latlon|temperature_c,1,1,no_author_year_match,1,Primary depth-gradient lesion-regeneration study in Porites astreoides and Stephanocoenia michelinii.
2,digitize_figures_or_graphs,not_started,1,9f560a14-a39a-4d71-8d68-9c14a4001c75,Nicolet et al. - 2018 - Predation scars may influence host susceptibility to pathogens evaluating the role of corallivores.pdf,literature/META_ANALYSIS_POOL/Nicolet et al. - 2018 - Predation scars may influence host susceptibility to pathogens evaluating the role of corallivores.pdf,local_pdf_available,META_ANALYSIS_POOL,include_primary,needs_digitization,survival,1,temperature_c,1,1,no_author_year_match,1,Primary test of whether corallivore scars alter pathogen susceptibility; relevant to wound consequences via disease risk.
2,digitize_figures_or_graphs,not_started,1,d17e3c0b-32a1-4c10-94fa-7558d22f726e,Okubo - 2008 - Size-independent investment allocation to regeneration and growth of the branching coral Acropora mu.pdf,literature/META_ANALYSIS_POOL/Okubo - 2008 - Size-independent investment allocation to regeneration and growth of the branching coral Acropora mu.pdf,local_pdf_available,META_ANALYSIS_POOL,include_primary,needs_digitization,growth,2,exact_coords_latlon|temperature_c,1,1,no_author_year_match,1,Primary branching-coral experiment on regeneration versus growth allocation.
2,digitize_figures_or_graphs,not_started,1,d17e3c0b-32a1-4c10-94fa-7558d22f726e,Okubo - 2008 - Size-independent investment allocation to regeneration and growth of the branching coral Acropora mu.pdf,literature/META_ANALYSIS_POOL/Okubo - 2008 - Size-independent investment allocation to regeneration and growth of the branching coral Acropora mu.pdf,local_pdf_available,META_ANALYSIS_POOL,include_primary,needs_digitization,rate,2,exact_coords_latlon|temperature_c,1,1,no_author_year_match,1,Primary branching-coral experiment on regeneration versus growth allocation.
2,digitize_figures_or_graphs,started,1,84a7b2a4-6982-4dce-a39a-2d4f07d0176b,Oren et al. - 1997 - Effect of lesion size and shape on regeneration of the Red Sea coral Favia favus.pdf,literature/META_ANALYSIS_POOL/Oren et al. - 1997 - Effect of lesion size and shape on regeneration of the Red Sea coral Favia favus.pdf,local_pdf_available,META_ANALYSIS_POOL,include_primary,needs_digitization,rate,3,exact_coords_latlon|area_mm2|temperature_c,1,1,source_id_match,1,Core lesion geometry paper for Favia favus.
2,digitize_figures_or_graphs,not_started,1,a3b88246-eb7f-49ed-a997-67c6d36e9413,Oren et al. - 2001 - Colony Integration during Regeneration in the Stony Coral Favia favus.pdf,literature/META_ANALYSIS_POOL/Oren et al. - 2001 - Colony Integration during Regeneration in the Stony Coral Favia favus.pdf,local_pdf_available,META_ANALYSIS_POOL,include_primary,needs_digitization,rate,2,exact_coords_latlon|temperature_c,1,1,no_author_year_match,1,Primary regeneration and colony-integration experiment central to the translocation hypothesis.
2,digitize_figures_or_graphs,started,1,a3b88246-eb7f-49ed-a997-67c6d36e9413,Oren et al. - 2001 - Colony Integration during Regeneration in the Stony Coral Favia favus.pdf,literature/META_ANALYSIS_POOL/Oren et al. - 2001 - Colony Integration during Regeneration in the Stony Coral Favia favus.pdf,local_pdf_available,META_ANALYSIS_POOL,include_primary,needs_digitization,reproduction,2,exact_coords_latlon|temperature_c,1,1,source_id_match,1,Primary regeneration and colony-integration experiment central to the translocation hypothesis.
2,digitize_figures_or_graphs,not_started,1,d7f996dc-c00b-423c-b424-965cd78f9d1b,Page and Willis - 2008 - Epidemiology of skeletal eroding band on the Great Barrier Reef and the role of injury in the initia.pdf,literature/META_ANALYSIS_POOL/Page and Willis - 2008 - Epidemiology of skeletal eroding band on the Great Barrier Reef and the role of injury in the initia.pdf,local_pdf_available,META_ANALYSIS_POOL,include_primary,needs_digitization,survival,1,temperature_c,1,1,no_author_year_match,1,"Injury-initiation experiment relevant to disease-mediated consequences of damage, with lesion progression rates."
2,digitize_figures_or_graphs,not_started,1,3f852e08-6b2f-488b-9351-0f78b2ba41a5,Palacios et al. - 2014 - Fish corallivory on a pocilloporid reef and experimental coral responses to predation.pdf,literature/META_ANALYSIS_POOL/Palacios et al. - 2014 - Fish corallivory on a pocilloporid reef and experimental coral responses to predation.pdf,local_pdf_available,META_ANALYSIS_POOL,include_primary,needs_digitization,growth,0,,1,1,no_author_year_match,1,Primary corallivory-response paper linking predation to coral performance.
2,digitize_figures_or_graphs,not_started,1,3f852e08-6b2f-488b-9351-0f78b2ba41a5,Palacios et al. - 2014 - Fish corallivory on a pocilloporid reef and experimental coral responses to predation.pdf,literature/META_ANALYSIS_POOL/Palacios et al. - 2014 - Fish corallivory on a pocilloporid reef and experimental coral responses to predation.pdf,local_pdf_available,META_ANALYSIS_POOL,include_primary,needs_digitization,survival,0,,1,1,no_author_year_match,1,Primary corallivory-response paper linking predation to coral performance.
2,digitize_figures_or_graphs,not_started,1,6f750c49-3261-482c-ade2-373835f7cf40,Paz-García - 2006 - Temporal variation in the regeneration rate of artificial lesions in two morphotypes of Porites pana.pdf,literature/META_ANALYSIS_POOL/Paz-García - 2006 - Temporal variation in the regeneration rate of artificial lesions in two morphotypes of Porites pana.pdf,local_pdf_available,META_ANALYSIS_POOL,include_primary,needs_digitization,rate,0,,1,1,no_author_year_match,1,Primary regeneration-rate paper in Porites panamensis morphotypes.
2,digitize_figures_or_graphs,not_started,1,06ab1757-8fe9-4325-96ed-6f3106b325e4,Raymundo et al. - 2016 - Effects of Coralliophila violacea on tissue loss in the scleractinian corals Porites spp. depend on.pdf,literature/META_ANALYSIS_POOL/Raymundo et al. - 2016 - Effects of Coralliophila violacea on tissue loss in the scleractinian corals Porites spp. depend on.pdf,local_pdf_available,META_ANALYSIS_POOL,include_primary,needs_digitization,growth,4,exact_coords_latlon|depth|area_mm2|temperature_c,1,1,no_author_year_match,1,Primary corallivore tissue-loss study relevant to wound consequences and colony performance.
2,digitize_figures_or_graphs,not_started,1,06ab1757-8fe9-4325-96ed-6f3106b325e4,Raymundo et al. - 2016 - Effects of Coralliophila violacea on tissue loss in the scleractinian corals Porites spp. depend on.pdf,literature/META_ANALYSIS_POOL/Raymundo et al. - 2016 - Effects of Coralliophila violacea on tissue loss in the scleractinian corals Porites spp. depend on.pdf,local_pdf_available,META_ANALYSIS_POOL,include_primary,needs_digitization,survival,4,exact_coords_latlon|depth|area_mm2|temperature_c,1,1,no_author_year_match,1,Primary corallivore tissue-loss study relevant to wound consequences and colony performance.
2,digitize_figures_or_graphs,not_started,1,0ccdd954-1740-44d7-a2c6-6280125057b5,Rice et al. - 2019 - Different nitrogen sources speed recovery from corallivory and uniquely alter the microbiome of a re.pdf,literature/META_ANALYSIS_POOL/Rice et al. - 2019 - Different nitrogen sources speed recovery from corallivory and uniquely alter the microbiome of a re.pdf,local_pdf_available,META_ANALYSIS_POOL,include_primary,needs_digitization,rate,0,,1,1,no_author_year_match,1,Primary corallivory-recovery paper with nutrient-source effects on wound outcomes and microbiome.
2,digitize_figures_or_graphs,not_started,1,002a60bc-55c8-4fdb-860a-1169fc99b2a8,Rice et al. - 2021 - Complex interactions with nutrients and sediment a.pdf,literature/META_ANALYSIS_POOL/Rice et al. - 2021 - Complex interactions with nutrients and sediment a.pdf,local_pdf_available,META_ANALYSIS_POOL,include_primary,needs_digitization,rate,0,,1,1,no_author_year_match,1,Primary multi-stressor corallivory paper linking nutrients and sediment to tissue-loss and recovery outcomes.
2,digitize_figures_or_graphs,started,1,002a60bc-55c8-4fdb-860a-1169fc99b2a8,Rice et al. - 2021 - Complex interactions with nutrients and sediment a.pdf,literature/META_ANALYSIS_POOL/Rice et al. - 2021 - Complex interactions with nutrients and sediment a.pdf,local_pdf_available,META_ANALYSIS_POOL,include_primary,needs_digitization,survival,0,,1,1,source_id_match,1,Primary multi-stressor corallivory paper linking nutrients and sediment to tissue-loss and recovery outcomes.
2,digitize_figures_or_graphs,not_started,1,33d2bc0d-ec51-4225-a216-bf74b34fa89d,Rotjan et al. - 2006 - Chronic parrotfish grazing impedes coral recovery after bleaching.pdf,literature/META_ANALYSIS_POOL/Rotjan et al. - 2006 - Chronic parrotfish grazing impedes coral recovery after bleaching.pdf,local_pdf_available,META_ANALYSIS_POOL,include_primary,needs_digitization,survival,1,area_mm2,1,1,no_author_year_match,1,Primary coral-bleaching recovery study where chronic predation worsened post-bleaching performance.
2,digitize_figures_or_graphs,not_started,1,6da70b1c-7428-4a76-904c-b69d981f2824,Sabine et al. - 2015 - Environmental conditions influence tissue regeneration rates in scleractinian corals.pdf,literature/META_ANALYSIS_POOL/Sabine et al. - 2015 - Environmental conditions influence tissue regeneration rates in scleractinian corals.pdf,local_pdf_available,META_ANALYSIS_POOL,include_primary,needs_digitization,rate,0,,1,1,no_author_year_match,1,Primary tissue-regeneration study designed around environmental drivers of healing.
2,digitize_figures_or_graphs,not_started,1,2059b598-335f-4890-8512-6e1f86fed557,Sani et al. - 2024 - Ocean warming and acidification detrimentally affect coral tissue regeneration at a Mediterranean CO.pdf,literature/META_ANALYSIS_POOL/Sani et al. - 2024 - Ocean warming and acidification detrimentally affect coral tissue regeneration at a Mediterranean CO.pdf,local_pdf_available,META_ANALYSIS_POOL,include_primary,needs_digitization,rate,1,area_mm2,1,1,no_author_year_match,1,Primary Mediterranean regeneration experiment under warming and acidification.
2,digitize_figures_or_graphs,not_started,1,9d6998fc-caf1-4dbd-883f-ad9b9184d062,Shaver et al. - 2017 - Effects of predation and nutrient enrichment on the success and microbiome of a foundational coral.pdf,literature/META_ANALYSIS_POOL/Shaver et al. - 2017 - Effects of predation and nutrient enrichment on the success and microbiome of a foundational coral.pdf,local_pdf_available,META_ANALYSIS_POOL,include_primary,needs_digitization,growth,1,temperature_c,1,1,no_author_year_match,1,"Primary field experiment showing predation effects on growth, mortality, tissue loss, and microbiome in Acropora cervicornis."
2,digitize_figures_or_graphs,not_started,1,9d6998fc-caf1-4dbd-883f-ad9b9184d062,Shaver et al. - 2017 - Effects of predation and nutrient enrichment on the success and microbiome of a foundational coral.pdf,literature/META_ANALYSIS_POOL/Shaver et al. - 2017 - Effects of predation and nutrient enrichment on the success and microbiome of a foundational coral.pdf,local_pdf_available,META_ANALYSIS_POOL,include_primary,needs_digitization,survival,1,temperature_c,1,1,no_author_year_match,1,"Primary field experiment showing predation effects on growth, mortality, tissue loss, and microbiome in Acropora cervicornis."
2,digitize_figures_or_graphs,started,1,635d9cb2-270b-4bcc-b676-c84b81b0620b,Soong and Lang - 1992 - Reproductive Integration in Reef Corals.pdf,literature/META_ANALYSIS_POOL/Soong and Lang - 1992 - Reproductive Integration in Reef Corals.pdf,local_pdf_available,META_ANALYSIS_POOL,include_primary,needs_digitization,reproduction,3,exact_coords_latlon|best_coords_latlon|temperature_c,1,1,source_id_match,1,Primary reproductive-cost paper central to colony integration and trade-off hypotheses.
2,digitize_figures_or_graphs,not_started,1,292bbd72-e4b1-422c-8fbb-5b3201d2cd0c,Titlyanov and Titlyanova - 2009 - The dynamics of the restoration of mechanical damage to colonies of the scleractinian coral Porites.pdf,literature/META_ANALYSIS_POOL/Titlyanov and Titlyanova - 2009 - The dynamics of the restoration of mechanical damage to colonies of the scleractinian coral Porites.pdf,local_pdf_available,META_ANALYSIS_POOL,include_primary,needs_digitization,rate,0,,1,1,no_author_year_match,1,Primary regeneration study focused on Porites mechanical damage and restoration dynamics.
2,digitize_figures_or_graphs,started,1,b269f689-c2c5-48a1-8ecb-f284c3ed7edc,Titlyanov et al. - 2005 - Regeneration of artificial injuries on scleractinian corals and coralalgal competition for newly fo.pdf,literature/META_ANALYSIS_POOL/Titlyanov et al. - 2005 - Regeneration of artificial injuries on scleractinian corals and coralalgal competition for newly fo.pdf,local_pdf_available,META_ANALYSIS_POOL,include_primary,needs_digitization,rate,1,area_mm2,1,1,source_id_match,1,Primary artificial-injury regeneration dataset with coral-algal competition context.
2,digitize_figures_or_graphs,not_started,1,9c887b4c-dae5-4725-96db-948c2491e53d,Titlyanov et al. - 2006 - Three stages of injuries regeneration on scleractinian corals.pdf,literature/META_ANALYSIS_POOL/Titlyanov et al. - 2006 - Three stages of injuries regeneration on scleractinian corals.pdf,local_pdf_available,META_ANALYSIS_POOL,include_primary,needs_digitization,rate,1,area_mm2,1,1,no_author_year_match,1,Primary staged-regeneration paper relevant to both wound dynamics and mechanism narrative.
2,digitize_figures_or_graphs,not_started,1,347f789a-ef73-4089-aa77-0e46f2b2d196,Townsend et al. - 2023 - Differing lesion recovery rates of two Caribbean stony coral species across a shallow water to mesop.pdf,literature/META_ANALYSIS_POOL/Townsend et al. - 2023 - Differing lesion recovery rates of two Caribbean stony coral species across a shallow water to mesop.pdf,local_pdf_available,META_ANALYSIS_POOL,include_primary,needs_digitization,rate,2,exact_coords_latlon|temperature_c,1,1,no_author_year_match,1,Primary comparative lesion-recovery study across depth/habitat.
2,digitize_figures_or_graphs,started,1,2e76dce4-6cb4-46c0-b8c4-a1cc91b1578c,Van Veghel and Bak - 1994 - Reproductive characteristics of the polymorphic Caribbean reef building coral Montastrea annularis..pdf,literature/META_ANALYSIS_POOL/Van Veghel and Bak - 1994 - Reproductive characteristics of the polymorphic Caribbean reef building coral Montastrea annularis..pdf,local_pdf_available,META_ANALYSIS_POOL,include_primary,needs_digitization,reproduction,2,exact_coords_latlon|temperature_c,1,1,source_id_match,1,Primary reproductive-cost paper used to quantify fecundity differences near lesions.
2,digitize_figures_or_graphs,not_started,1,26d408bb-bf97-4b1a-8b59-a62f74d3d475,Van Woesik - 1998 - Lesion healing on massive Porites spp. corals.pdf,literature/META_ANALYSIS_POOL/Van Woesik - 1998 - Lesion healing on massive Porites spp. corals.pdf,local_pdf_available,META_ANALYSIS_POOL,include_primary,needs_digitization,rate,1,temperature_c,1,1,no_author_year_match,1,Classic Porites lesion-healing paper with exponential models and lesion-size dependence.
2,digitize_figures_or_graphs,not_started,1,6dffe94d-a664-4a6c-8daf-f25ecfa5b50d,"Ward - 1995 - The effect of damage on the growth, reproduction and storage of lipids in the scleractinian coral Po.pdf","literature/META_ANALYSIS_POOL/Ward - 1995 - The effect of damage on the growth, reproduction and storage of lipids in the scleractinian coral Po.pdf",local_pdf_available,META_ANALYSIS_POOL,include_primary,needs_digitization,growth,4,exact_coords_latlon|depth|area_mm2|temperature_c,1,1,no_author_year_match,1,"Primary damage-cost experiment covering growth, lipids, reproduction, and mortality."
2,digitize_figures_or_graphs,started,1,6dffe94d-a664-4a6c-8daf-f25ecfa5b50d,"Ward - 1995 - The effect of damage on the growth, reproduction and storage of lipids in the scleractinian coral Po.pdf","literature/META_ANALYSIS_POOL/Ward - 1995 - The effect of damage on the growth, reproduction and storage of lipids in the scleractinian coral Po.pdf",local_pdf_available,META_ANALYSIS_POOL,include_primary,needs_digitization,reproduction,4,exact_coords_latlon|depth|area_mm2|temperature_c,1,1,source_id_match,1,"Primary damage-cost experiment covering growth, lipids, reproduction, and mortality."
2,digitize_figures_or_graphs,started,1,6dffe94d-a664-4a6c-8daf-f25ecfa5b50d,"Ward - 1995 - The effect of damage on the growth, reproduction and storage of lipids in the scleractinian coral Po.pdf","literature/META_ANALYSIS_POOL/Ward - 1995 - The effect of damage on the growth, reproduction and storage of lipids in the scleractinian coral Po.pdf",local_pdf_available,META_ANALYSIS_POOL,include_primary,needs_digitization,survival,4,exact_coords_latlon|depth|area_mm2|temperature_c,1,1,source_id_match,1,"Primary damage-cost experiment covering growth, lipids, reproduction, and mortality."
2,digitize_figures_or_graphs,not_started,1,32a1561c-9cd6-4e97-9287-c9e5eafafc22,Welsh et al. - 2015 - Clustered parrotfish feeding scars trigger partial coral mortality of massive Porites colonies on th.pdf,literature/META_ANALYSIS_POOL/Welsh et al. - 2015 - Clustered parrotfish feeding scars trigger partial coral mortality of massive Porites colonies on th.pdf,local_pdf_available,META_ANALYSIS_POOL,include_primary,needs_digitization,survival,1,temperature_c,1,1,no_author_year_match,1,Primary field note on scar clustering and partial mortality in Porites.
2,digitize_figures_or_graphs,not_started,1,1d237b2c-1d5d-479a-985a-bde3d28a4fce,Wolf and Nugues - 2013 - Synergistic effects of algal overgrowth and corallivory on Caribbean reef‐building corals.pdf,literature/META_ANALYSIS_POOL/Wolf and Nugues - 2013 - Synergistic effects of algal overgrowth and corallivory on Caribbean reef‐building corals.pdf,local_pdf_available,META_ANALYSIS_POOL,include_primary,needs_digitization,growth,0,,1,1,no_author_year_match,1,Primary multi-stressor paper on corallivory and algal overgrowth effects on reef-building corals.
2,digitize_figures_or_graphs,not_started,1,1d237b2c-1d5d-479a-985a-bde3d28a4fce,Wolf and Nugues - 2013 - Synergistic effects of algal overgrowth and corallivory on Caribbean reef‐building corals.pdf,literature/META_ANALYSIS_POOL/Wolf and Nugues - 2013 - Synergistic effects of algal overgrowth and corallivory on Caribbean reef‐building corals.pdf,local_pdf_available,META_ANALYSIS_POOL,include_primary,needs_digitization,survival,0,,1,1,no_author_year_match,1,Primary multi-stressor paper on corallivory and algal overgrowth effects on reef-building corals.
2,digitize_figures_or_graphs,not_started,1,9cbae935-6259-4ba6-a2ec-44d3f3bc0902,Yap and Gomez - 1984 - Growth of Acropora pulchra II. Responses of natural and transplanted colonies to temperature and da.pdf,literature/META_ANALYSIS_POOL/Yap and Gomez - 1984 - Growth of Acropora pulchra II. Responses of natural and transplanted colonies to temperature and da.pdf,local_pdf_available,META_ANALYSIS_POOL,include_primary,needs_digitization,growth,2,exact_coords_latlon|area_mm2,1,1,no_author_year_match,1,Primary damage/transplant study with growth responses under temperature and disturbance.
2,digitize_figures_or_graphs,not_started,1,9cbae935-6259-4ba6-a2ec-44d3f3bc0902,Yap and Gomez - 1984 - Growth of Acropora pulchra II. Responses of natural and transplanted colonies to temperature and da.pdf,literature/META_ANALYSIS_POOL/Yap and Gomez - 1984 - Growth of Acropora pulchra II. Responses of natural and transplanted colonies to temperature and da.pdf,local_pdf_available,META_ANALYSIS_POOL,include_primary,needs_digitization,survival,2,exact_coords_latlon|area_mm2,1,1,no_author_year_match,1,Primary damage/transplant study with growth responses under temperature and disturbance.
4,mechanism_narrative,narrative_not_effect_size,0,2f44d6fc-1aa4-4747-a000-1c5be042d723,D’Angelo et al. - 2012 - Locally accelerated growth is part of the innate immune response and repair mechanisms in reef-build.pdf,literature/MECHANISMS_ONLY/D’Angelo et al. - 2012 - Locally accelerated growth is part of the innate immune response and repair mechanisms in reef-build.pdf,local_pdf_available,MECHANISMS_ONLY,include_mechanism_only,not_for_extraction,mechanism,,,1,1,not_applicable,0,"[Narrative/Mechanism Only] The study lacks extractable quantitative macroscopic data for continuous temporal healing rates or whole-colony growth costs, focusing instead on cellular biomarkers. || [Narrative/Mechanism Only] Excellent mechanistic study documenting the innate immune response and localized accelerated cellular growth (Bin 5), but it lacks the extractable macroscopic tissue regeneration data needed for Bins 1–4."
4,mechanism_narrative,narrative_not_effect_size,0,da92c7b5-90a6-48e9-a3d2-259a6f48a6ad,Han et al. - 2025 - In-depth single-cell transcriptomic exploration of the regenerative dynamics in stony coral.pdf,literature/MECHANISMS_ONLY/Han et al. - 2025 - In-depth single-cell transcriptomic exploration of the regenerative dynamics in stony coral.pdf,local_pdf_available,MECHANISMS_ONLY,include_mechanism_only,not_for_extraction,mechanism,,,1,1,not_applicable,0,"Single-cell regenerative dynamics paper for mechanistic synthesis, not macro-response extraction."
4,mechanism_narrative,narrative_not_effect_size,0,bbeda1b0-0f29-4d5b-aca5-7a930eb1be76,Levanoni - 2021 - Coral Tissue Growth and Regeneration Conjoin the Advent of Adult Stem Cell-Like Cells.pdf,literature/MECHANISMS_ONLY/Levanoni - 2021 - Coral Tissue Growth and Regeneration Conjoin the Advent of Adult Stem Cell-Like Cells.pdf,local_pdf_available,MECHANISMS_ONLY,include_mechanism_only,not_for_extraction,mechanism,,,1,1,not_applicable,0,Stem-cell regeneration thesis relevant to mechanisms rather than pooled macro endpoints.
4,mechanism_narrative,narrative_not_effect_size,0,bf7c803e-e2d9-4ba0-9d47-d645896f4be4,Levanoni et al. - 2024 - Coral Tissue Regeneration and Growth Is Associated with the Presence of Stem-like Cells.pdf,literature/MECHANISMS_ONLY/Levanoni et al. - 2024 - Coral Tissue Regeneration and Growth Is Associated with the Presence of Stem-like Cells.pdf,local_pdf_available,MECHANISMS_ONLY,include_mechanism_only,not_for_extraction,mechanism,,,1,1,not_applicable,0,"[Narrative/Mechanism Only] While it lacks extractable macroscopic regeneration rates in the text (Bin 1), the paper provides exceptional mechanistic data (Bin 5) regarding the mobilization of adult stem cell-like cells, Piwi/pH3 expression, and the formation of a regenerating ""addendum"" [1, 4]."
4,mechanism_narrative,narrative_not_effect_size,0,3077a17c-6c27-4f2e-9b9c-6efea0b17328,Lock et al. - 2022 - Calcium homeostasis disruption initiates rapid growth after micro‐fragmentation in the scleractinian.pdf,literature/MECHANISMS_ONLY/Lock et al. - 2022 - Calcium homeostasis disruption initiates rapid growth after micro‐fragmentation in the scleractinian.pdf,local_pdf_available,MECHANISMS_ONLY,include_mechanism_only,not_for_extraction,mechanism,,,1,1,not_applicable,0,Mechanistic micro-fragmentation paper emphasizing physiology and gene regulation.
4,mechanism_narrative,narrative_not_effect_size,0,66c25dd3-3ef3-4d36-9930-e9b3e852913d,Madeira et al. - 2022 - Does Predation Exacerbate the Risk of Endosymbiont Loss in Heat Stressed Hermatypic Corals Molecula.pdf,literature/MECHANISMS_ONLY/Madeira et al. - 2022 - Does Predation Exacerbate the Risk of Endosymbiont Loss in Heat Stressed Hermatypic Corals Molecula.pdf,local_pdf_available,MECHANISMS_ONLY,include_mechanism_only,not_for_extraction,mechanism,,,1,1,not_applicable,0,Predation-plus-heat physiology paper focused on endosymbiont loss rather than pooled healing/growth endpoints.
4,mechanism_narrative,narrative_not_effect_size,0,9a245adb-106c-490c-947c-09299931b851,Maher et al. - 2019 - Multiple stressors interact primarily through antagonism to drive changes in the coral microbiome.pdf,literature/MECHANISMS_ONLY/Maher et al. - 2019 - Multiple stressors interact primarily through antagonism to drive changes in the coral microbiome.pdf,local_pdf_available,MECHANISMS_ONLY,include_mechanism_only,not_for_extraction,mechanism,,,1,1,not_applicable,0,Microbiome experiment with simulated predation and heat stress; useful mechanistically but not a core macro-endpoint dataset.
4,mechanism_narrative,narrative_not_effect_size,0,86b70912-c65a-4dfd-8cdc-211d14ecd270,Oren et al. - 1997 - Oriented intra-colonial transport of 14C labeled materials during coral regeneration.pdf,literature/MECHANISMS_ONLY/Oren et al. - 1997 - Oriented intra-colonial transport of 14C labeled materials during coral regeneration.pdf,local_pdf_available,MECHANISMS_ONLY,include_mechanism_only,not_for_extraction,mechanism,,,1,1,not_applicable,0,"[Narrative/Mechanism Only] A foundational mechanism paper providing proof of extended colony integration and energetic resource translocation (Bin 5) during wound healing, but lacking extractable macroscopic Bins 1–4 data. || [Narrative/Mechanism Only] An exceptional mechanistic study demonstrating oriented intra-colonial transport of resources to regenerating lesions (colony integration) [1], but it lacks the continuous macroscopic recovery rates required for Bins 1–4 [1, 2]."
4,mechanism_narrative,narrative_not_effect_size,0,dde2eb4e-630f-4dd2-a809-c749772d9523,"Oren et al. - 1998 - Prudent sessile feeding by the corallivore snail, Coralliophila violacea on coral energy sinks.pdf","literature/MECHANISMS_ONLY/Oren et al. - 1998 - Prudent sessile feeding by the corallivore snail, Coralliophila violacea on coral energy sinks.pdf",local_pdf_available,MECHANISMS_ONLY,include_mechanism_only,not_for_extraction,mechanism,,,1,1,not_applicable,0,"Predator-behavior/energy-sink paper useful for narrative context, but not an extractable wound-response dataset."
4,mechanism_narrative,narrative_not_effect_size,0,2e735d26-55d4-4833-a8a9-56496e2d0d3c,Palmer et al. - 2011 - Corals Use Similar Immune Cells and Wound-Healing Processes as Those of Higher Organisms.pdf,literature/MECHANISMS_ONLY/Palmer et al. - 2011 - Corals Use Similar Immune Cells and Wound-Healing Processes as Those of Higher Organisms.pdf,local_pdf_available,MECHANISMS_ONLY,include_mechanism_only,not_for_extraction,mechanism,,,1,1,not_applicable,0,Important mechanistic wound-healing paper with immune-cell focus.
4,mechanism_narrative,narrative_not_effect_size,0,b2fc2ce3-e11e-4453-a3be-0df3d15d5454,Paradis et al. - 2019 - Compound effects of thermal stress and tissue abrasion on photosynthesis and respiration in the reef.pdf,literature/MECHANISMS_ONLY/Paradis et al. - 2019 - Compound effects of thermal stress and tissue abrasion on photosynthesis and respiration in the reef.pdf,local_pdf_available,MECHANISMS_ONLY,include_mechanism_only,not_for_extraction,mechanism,,,1,1,not_applicable,0,"[Narrative/Mechanism Only] This is a highly relevant physiological study demonstrating that abrasion combined with thermal stress severely limits coral energy balance (Bin 5), but it lacks the extractable macroscopic tissue/calcification outcomes necessary for Bins 1–4. || [Narrative/Mechanism Only] This is a highly relevant physiological study demonstrating that abrasion combined with thermal stress severely limits coral energy balance [16], but it lacks the extractable macroscopic tissue/calcification outcomes necessary for Bins 1–4 [13]."
4,mechanism_narrative,narrative_not_effect_size,0,6587b0e6-d462-492e-b2aa-177f3d11247d,Renegar - 2015 - Histology and ultrastructure of Montastraea cavernosa  and Porites astreoides during regeneration an.pdf,literature/MECHANISMS_ONLY/Renegar - 2015 - Histology and ultrastructure of Montastraea cavernosa  and Porites astreoides during regeneration an.pdf,local_pdf_available,MECHANISMS_ONLY,include_mechanism_only,not_for_extraction,mechanism,,,1,1,not_applicable,0,Dissertation focused on histology and ultrastructure during regeneration and recruitment.
4,mechanism_narrative,narrative_not_effect_size,0,3c3ec990-34c7-4bdb-bb49-e8d31bf6c201,Renegar et al. - Coral Ultrastructural Response to Elevated pCO2 and Nutrients During Tissue Repair and Regeneration.pdf,literature/MECHANISMS_ONLY/Renegar et al. - Coral Ultrastructural Response to Elevated pCO2 and Nutrients During Tissue Repair and Regeneration.pdf,local_pdf_available,MECHANISMS_ONLY,include_mechanism_only,not_for_extraction,mechanism,,,1,1,not_applicable,0,Ultrastructural/tissue-repair paper better suited for mechanistic narrative than pooled macro endpoints.
4,mechanism_narrative,narrative_not_effect_size,0,c7986629-6d1d-454e-891d-dbd1b6664310,Rinkevich - 1996 - Do reproduction and regeneration in damaged corals compete for energy allocation.pdf,literature/MECHANISMS_ONLY/Rinkevich - 1996 - Do reproduction and regeneration in damaged corals compete for energy allocation.pdf,local_pdf_available,MECHANISMS_ONLY,include_mechanism_only,not_for_extraction,mechanism,,,1,1,not_applicable,0,"Conceptual note framing the regeneration-reproduction trade-off; useful for hypothesis context, not effect-size extraction."
4,mechanism_narrative,narrative_not_effect_size,0,e2690aff-5a20-4205-9f93-4c0f46c8d749,Rodríguez-Villalobos et al. - 2016 - Wound repair in Pocillopora.pdf,literature/MECHANISMS_ONLY/Rodríguez-Villalobos et al. - 2016 - Wound repair in Pocillopora.pdf,local_pdf_available,MECHANISMS_ONLY,include_mechanism_only,not_for_extraction,mechanism,,,1,1,not_applicable,0,Wound-repair paper focused on mechanistic/histological characterization in Pocillopora.
4,mechanism_narrative,narrative_not_effect_size,0,4bbb3e36-0aa5-4900-b239-5002ab60869e,Traylor-Knowles - 2016 - Distinctive wound-healing characteristics in the corals Pocillopora damicornis and Acropora hyacinth.pdf,literature/MECHANISMS_ONLY/Traylor-Knowles - 2016 - Distinctive wound-healing characteristics in the corals Pocillopora damicornis and Acropora hyacinth.pdf,local_pdf_available,MECHANISMS_ONLY,include_mechanism_only,not_for_extraction,mechanism,,,1,1,not_applicable,0,Mechanistic wound-healing comparison emphasizing cellular and immune characteristics rather than extractable macro-rate data.
4,mechanism_narrative,narrative_not_effect_size,0,52ab8446-3076-4c6b-84e1-6fcad1419ebf,Van De Water et al. - 2015 - Elevated seawater temperatures have a limited impact on the coral immune response following physical.pdf,literature/MECHANISMS_ONLY/Van De Water et al. - 2015 - Elevated seawater temperatures have a limited impact on the coral immune response following physical.pdf,local_pdf_available,MECHANISMS_ONLY,include_mechanism_only,not_for_extraction,mechanism,,,1,1,not_applicable,0,Mechanistic immune-response study following physical damage under elevated temperature.
4,mechanism_narrative,narrative_not_effect_size,0,f14968a0-2ca3-4c70-8902-48fef9e009ea,Van De Water et al. - 2015 - The coral immune response facilitates protection against microbes during tissue regeneration.pdf,literature/MECHANISMS_ONLY/Van De Water et al. - 2015 - The coral immune response facilitates protection against microbes during tissue regeneration.pdf,local_pdf_available,MECHANISMS_ONLY,include_mechanism_only,not_for_extraction,mechanism,,,1,1,not_applicable,0,Mechanistic immune/microbe paper documenting rapid tissue regeneration without pooled macro effect sizes.
4,mechanism_narrative,narrative_not_effect_size,0,e7ee472d-e9fc-4023-a4ff-b860c0de5b21,Work and Aeby - 2010 - Wound repair in Montipora capitata.pdf,literature/MECHANISMS_ONLY/Work and Aeby - 2010 - Wound repair in Montipora capitata.pdf,local_pdf_available,MECHANISMS_ONLY,include_mechanism_only,not_for_extraction,mechanism,,,1,1,not_applicable,0,"[Narrative/Mechanism Only] While deficient in continuous macroscopic recovery rates with extractable variance for Bins 1–4, this is a foundational mechanistic pathology paper (Bin 5). It provides critical cellular-level evidence showing that perforate corals like *Montipora* can regenerate via pluripotential basal body wall cells (forming ""islands of regeneration"") rather than relying strictly on tissue migration from the wound edge or an amoebocyte inflammatory response [2, 3]. || [Narrative/Mechanism Only] While deficient in the continuous macroscopic recovery rates and extractable variances required for Bins 1–4, this is a foundational mechanistic pathology paper (Bin 5). It provides critical cellular-level evidence showing that perforate corals like *Montipora* can regenerate via pluripotential basal body wall cells—forming ""islands of regeneration"" from the calicodermis—rather than relying strictly on tissue migration from the wound edge or a pronounced amoebocyte inflammatory response [2, 3, 7]."
4,mechanism_narrative,narrative_not_effect_size,0,433e1015-ffac-46ef-ba6e-e4c132eac52b,Xu et al. - 2023 - Wound healing and regeneration in the reef building coral Acropora millepora.pdf,literature/MECHANISMS_ONLY/Xu et al. - 2023 - Wound healing and regeneration in the reef building coral Acropora millepora.pdf,local_pdf_available,MECHANISMS_ONLY,include_mechanism_only,not_for_extraction,mechanism,,,1,1,not_applicable,0,Recent regeneration paper better positioned as mechanism synthesis unless full macro effect sizes are recovered later.
