deleted_flat_relpath,organized_relpath,filename_match_count,tracked_blob_sha,organized_blob_sha,hash_status
literature/Ayling - 1983 - GROWTH AND REGENERATION RATES IN THINLY ENCRUSTING DEMOSPONGIAE FROM TEMPERATE WATERS.pdf,literature/EXCLUDED_FINAL/Ayling - 1983 - GROWTH AND REGENERATION RATES IN THINLY ENCRUSTING DEMOSPONGIAE FROM TEMPERATE WATERS.pdf,1,e241c3eed6115d4abde433e350ef42ad6f766d8c,e241c3eed6115d4abde433e350ef42ad6f766d8c,hash_match
"literature/Bak - 1983 - Neoplasia, regeneration and growth in the reef-building coral Acropora palmata.pdf","literature/META_ANALYSIS_POOL/Bak - 1983 - Neoplasia, regeneration and growth in the reef-building coral Acropora palmata.pdf",1,b2e63f72898705002ac8d2add86e9c2d02d5ae11,b2e63f72898705002ac8d2add86e9c2d02d5ae11,hash_match
literature/Bak and Es - REGENERATION OF SUPERFICIAL DAMAGE IN THE SCLERACTINIAN CORALS AGARCA AGARCTES F. PURPUREA AND P.pdf,literature/META_ANALYSIS_POOL/Bak and Es - REGENERATION OF SUPERFICIAL DAMAGE IN THE SCLERACTINIAN CORALS AGARCA AGARCTES F. PURPUREA AND P.pdf,1,22b5be10deb714ce9b19466ef0da4678efc35274,22b5be10deb714ce9b19466ef0da4678efc35274,hash_match
literature/Barbara - Host and Symbiont Physiology During Wound Regeneration in Acropora pulchra Under.pdf,literature/META_ANALYSIS_POOL/Barbara - Host and Symbiont Physiology During Wound Regeneration in Acropora pulchra Under.pdf,1,825546934021db291e8ac73a032925e62c8b231c,825546934021db291e8ac73a032925e62c8b231c,hash_match
literature/Barrientos-Lujan et al. - 2019 - Ecological and functional diversity of gastropods .pdf,literature/EXCLUDED_FINAL/Barrientos-Lujan et al. - 2019 - Ecological and functional diversity of gastropods .pdf,1,35175c863731fd5fe370fa6fccaf0f0d415b92f4,35175c863731fd5fe370fa6fccaf0f0d415b92f4,hash_match
literature/Barton et al. - 2017 - Coral propagation a review of techniques for ornamental trade and reef restoration.pdf,literature/EXCLUDED_FINAL/Barton et al. - 2017 - Coral propagation a review of techniques for ornamental trade and reef restoration.pdf,1,6dfa8f448978ab26a22674c15ef35e7e4388a50f,6dfa8f448978ab26a22674c15ef35e7e4388a50f,hash_match
literature/Biscéré et al. - 2018 - Enhancement of coral calcification via the interpl.pdf,literature/EXCLUDED_FINAL/Biscéré et al. - 2018 - Enhancement of coral calcification via the interpl.pdf,1,35b298a59c162a7ecd75652dfee0b1d7b5d629db,35b298a59c162a7ecd75652dfee0b1d7b5d629db,hash_match
literature/Bonesso et al. - 2017 - Exposure to elevated sea-surface temperatures below the bleaching threshold impairs coral recovery a.pdf,literature/META_ANALYSIS_POOL/Bonesso et al. - 2017 - Exposure to elevated sea-surface temperatures below the bleaching threshold impairs coral recovery a.pdf,1,5978f607fb7e1f63d80c6b927f009e8c96fedac0,5978f607fb7e1f63d80c6b927f009e8c96fedac0,hash_match
literature/Bruckner et al. - 2000 - Parrotfish predation on live coral “spot biting” and “focused biting”.pdf,literature/EXCLUDED_FINAL/Bruckner et al. - 2000 - Parrotfish predation on live coral “spot biting” and “focused biting”.pdf,1,8bdcc223da8eacf994227ac303b5062c0b01748a,8bdcc223da8eacf994227ac303b5062c0b01748a,hash_match
literature/Brush - 2024 - Ecology of Fishes and Invertebrates Inhabiting the.pdf,literature/EXCLUDED_FINAL/Brush - 2024 - Ecology of Fishes and Invertebrates Inhabiting the.pdf,1,a8c9e8e704458f30830912494f434c906dcfecf7,a8c9e8e704458f30830912494f434c906dcfecf7,hash_match
literature/Brush - 2025 - Assemblage structure of fishes and invertebrates i.pdf,literature/EXCLUDED_FINAL/Brush - 2025 - Assemblage structure of fishes and invertebrates i.pdf,1,3e70c3eeb920ec212b5471c3403152e172717523,3e70c3eeb920ec212b5471c3403152e172717523,hash_match
literature/Buck-Wiese et al. - 2018 - Patterns in sexual reproduction of the dominant sc.pdf,literature/EXCLUDED_FINAL/Buck-Wiese et al. - 2018 - Patterns in sexual reproduction of the dominant sc.pdf,1,2a92dc2124ff014fde1dfbb975942ca10aa83d5f,2a92dc2124ff014fde1dfbb975942ca10aa83d5f,hash_match
"literature/Burmester et al. - 2017 - Temperature and symbiosis affect lesion recovery in experimentally wounded, facultatively symbiotic.pdf","literature/META_ANALYSIS_POOL/Burmester et al. - 2017 - Temperature and symbiosis affect lesion recovery in experimentally wounded, facultatively symbiotic.pdf",1,f0fbb9f0f2a2827ebda57bb10515495697739ea9,f0fbb9f0f2a2827ebda57bb10515495697739ea9,hash_match
literature/Burmester et al. - 2018 - The impact of autotrophic versus heterotrophic nutritional pathways on colony health and wound recov.pdf,literature/META_ANALYSIS_POOL/Burmester et al. - 2018 - The impact of autotrophic versus heterotrophic nutritional pathways on colony health and wound recov.pdf,1,165bf9c24faf042620bbdcb13fd285e144132e88,165bf9c24faf042620bbdcb13fd285e144132e88,hash_match
literature/Cameron and Edmunds - 2014 - Effects of simulated fish predation on small colonies of massive Porites spp. and Pocillopora meandr.pdf,literature/META_ANALYSIS_POOL/Cameron and Edmunds - 2014 - Effects of simulated fish predation on small colonies of massive Porites spp. and Pocillopora meandr.pdf,1,2e6a3e225d93bff4c6e078565ed6ff4e97919e6e,2e6a3e225d93bff4c6e078565ed6ff4e97919e6e,hash_match
literature/Chadwick and Loya - 1990 - Regeneration after experimental breakage in the solitary reef coral Fungia granulosa Klunzing.pdf,literature/META_ANALYSIS_POOL/Chadwick and Loya - 1990 - Regeneration after experimental breakage in the solitary reef coral Fungia granulosa Klunzing.pdf,1,5e3b0bc36bd3ef01f80df9e10efd9d114a7fd3d0,5e3b0bc36bd3ef01f80df9e10efd9d114a7fd3d0,hash_match
literature/Chong-Seng et al. - 2011 - Selective feeding by coral reef fishes on coral lesions associated with brown band and black band di.pdf,literature/EXCLUDED_FINAL/Chong-Seng et al. - 2011 - Selective feeding by coral reef fishes on coral lesions associated with brown band and black band di.pdf,1,3a2d5a112a7d5aa78b86756d22a12d5060f19adf,3a2d5a112a7d5aa78b86756d22a12d5060f19adf,hash_match
literature/Comeau et al. - 2014 - Effects of irradiance on the response of the coral Acropora pulchra and the calcifying alga Hydrolit.pdf,literature/EXCLUDED_FINAL/Comeau et al. - 2014 - Effects of irradiance on the response of the coral Acropora pulchra and the calcifying alga Hydrolit.pdf,1,4c240df8bf6a550b2a0e17d1dc98cd28c54a8f43,4c240df8bf6a550b2a0e17d1dc98cd28c54a8f43,hash_match
literature/Counsell - 2018 - Assembly Dynamics for a Coral-Associated Reef Comm.pdf,literature/EXCLUDED_FINAL/Counsell - 2018 - Assembly Dynamics for a Coral-Associated Reef Comm.pdf,1,7bd36e8919799995bf9f3557347b932cda1e0f60,7bd36e8919799995bf9f3557347b932cda1e0f60,hash_match
literature/Counsell et al. - 2019 - Colony size and depth affect wound repair in a bra.pdf,literature/DUPLICATES/Counsell et al. - 2019 - Colony size and depth affect wound repair in a bra.pdf,1,8f891a89cbf6f38bd6de354099daa2f66985a43f,8f891a89cbf6f38bd6de354099daa2f66985a43f,hash_match
literature/Counsell et al. - 2019 - Colony size and depth affect wound repair in a branching coral.pdf,literature/META_ANALYSIS_POOL/Counsell et al. - 2019 - Colony size and depth affect wound repair in a branching coral.pdf,1,8f891a89cbf6f38bd6de354099daa2f66985a43f,8f891a89cbf6f38bd6de354099daa2f66985a43f,hash_match
literature/Cox - 2014 - Corallivory The Coral’s Point of View.pdf,literature/EXCLUDED_FINAL/Cox - 2014 - Corallivory The Coral’s Point of View.pdf,1,1dedc5cbf00f97fca8ecf075d1460fb3106eb5a5,1dedc5cbf00f97fca8ecf075d1460fb3106eb5a5,hash_match
literature/Cróquer et al. - 2002 - Environmental factors affecting tissue regeneration of the reef - building coral Montastraea annular.pdf,literature/META_ANALYSIS_POOL/Cróquer et al. - 2002 - Environmental factors affecting tissue regeneration of the reef - building coral Montastraea annular.pdf,1,891d148b78c3aede21f2134586f36878a661fa27,891d148b78c3aede21f2134586f36878a661fa27,hash_match
literature/Cunning et al. - 2018 - Comparative analysis of the Pocillopora damicornis genome highlights role of immune system in coral.pdf,literature/EXCLUDED_FINAL/Cunning et al. - 2018 - Comparative analysis of the Pocillopora damicornis genome highlights role of immune system in coral.pdf,1,e5c936bd208e9fa8b08827bf6fad2f53aeafc47b,e5c936bd208e9fa8b08827bf6fad2f53aeafc47b,hash_match
"literature/Da Silveira and Van’T Hof - 1977 - Regeneration in the Gorgonian Plexura Flexuosa (Cnidaria, Octocorallia).pdf","literature/EXCLUDED_FINAL/Da Silveira and Van’T Hof - 1977 - Regeneration in the Gorgonian Plexura Flexuosa (Cnidaria, Octocorallia).pdf",1,8eed49c0db6fde5203f1d181e701a3bae0823864,8eed49c0db6fde5203f1d181e701a3bae0823864,hash_match
"literature/DeFilippo et al. - 2016 - Patterns of surface lesion recovery in the Northern Star Coral, Astrangia poculata.pdf","literature/META_ANALYSIS_POOL/DeFilippo et al. - 2016 - Patterns of surface lesion recovery in the Northern Star Coral, Astrangia poculata.pdf",1,300a4b4b8d07644eae8b04bc003b0460e897d9a0,300a4b4b8d07644eae8b04bc003b0460e897d9a0,hash_match
literature/Denis et al. - 2011 - Lesion regeneration capacities in populations of the massive coral Porites lutea at Réunion Island.pdf,literature/META_ANALYSIS_POOL/Denis et al. - 2011 - Lesion regeneration capacities in populations of the massive coral Porites lutea at Réunion Island.pdf,1,6ec880ee52d517f3ef5ab0ee38ec18028ccd7473,6ec880ee52d517f3ef5ab0ee38ec18028ccd7473,hash_match
"literature/Dias et al. - 2018 - Mortality, growth and regeneration following fragmentation of reef-forming corals under thermal stre.pdf","literature/META_ANALYSIS_POOL/Dias et al. - 2018 - Mortality, growth and regeneration following fragmentation of reef-forming corals under thermal stre.pdf",1,269876c98de32a715acd92af0d2d587e3af5a1a6,269876c98de32a715acd92af0d2d587e3af5a1a6,hash_match
"literature/Diaz-Pulido et al. - 2009 - Doom and Boom on a Resilient Reef Climate Change, Algal Overgrowth and Coral Recovery.pdf","literature/EXCLUDED_FINAL/Diaz-Pulido et al. - 2009 - Doom and Boom on a Resilient Reef Climate Change, Algal Overgrowth and Coral Recovery.pdf",1,d10fd8ca569ff99d3dac328b6df1240b87163836,d10fd8ca569ff99d3dac328b6df1240b87163836,hash_match
literature/Doo et al. - 2018 - Obligate ectosymbionts increase the physiological .pdf,literature/EXCLUDED_FINAL/Doo et al. - 2018 - Obligate ectosymbionts increase the physiological .pdf,1,b77f8c64a5c6c352cda3512bd66676b9ad6bdc87,b77f8c64a5c6c352cda3512bd66676b9ad6bdc87,hash_match
literature/D’Angelo et al. - 2012 - Locally accelerated growth is part of the innate immune response and repair mechanisms in reef-build.pdf,literature/MECHANISMS_ONLY/D’Angelo et al. - 2012 - Locally accelerated growth is part of the innate immune response and repair mechanisms in reef-build.pdf,1,8cd50e6f6e27afc6136d88b82a8bae51ae9e085b,8cd50e6f6e27afc6136d88b82a8bae51ae9e085b,hash_match
literature/E and Y - 1996 - Regeneration versus budding in fungiid corals a trade-off.pdf,literature/META_ANALYSIS_POOL/E and Y - 1996 - Regeneration versus budding in fungiid corals a trade-off.pdf,1,5a568a9e85ab192dfa5e3faf9f52fb6c4ba66565,5a568a9e85ab192dfa5e3faf9f52fb6c4ba66565,hash_match
literature/Edmunds and Burgess - 2016 - Size-dependent physiological responses of the bran.pdf,literature/EXCLUDED_FINAL/Edmunds and Burgess - 2016 - Size-dependent physiological responses of the bran.pdf,1,a40c37991804cbdb9f36417dacf040b17365f58a,a40c37991804cbdb9f36417dacf040b17365f58a,hash_match
literature/Edmunds and Burgess - 2017 - Colony size and turbulent flow speed modulate the .pdf,literature/EXCLUDED_FINAL/Edmunds and Burgess - 2017 - Colony size and turbulent flow speed modulate the .pdf,1,f2b93fadf77d2b4ddd2cb7559cae544d7bbb2eda,f2b93fadf77d2b4ddd2cb7559cae544d7bbb2eda,hash_match
literature/Edmunds and Lenihan - 2010 - Effect of sub-lethal damage to juvenile colonies of massive Porites spp. under contrasting regimes o.pdf,literature/META_ANALYSIS_POOL/Edmunds and Lenihan - 2010 - Effect of sub-lethal damage to juvenile colonies of massive Porites spp. under contrasting regimes o.pdf,1,6734cfd9038df16d4b10530840b0f758276b09c6,6734cfd9038df16d4b10530840b0f758276b09c6,hash_match
literature/Edmunds and Yarid - 2017 - The effects of ocean acidification on wound repair in the coral Porites spp..pdf,literature/META_ANALYSIS_POOL/Edmunds and Yarid - 2017 - The effects of ocean acidification on wound repair in the coral Porites spp..pdf,1,3eb3bb41bd6338b71c3ddb5f4fcef7f7a272e71d,3eb3bb41bd6338b71c3ddb5f4fcef7f7a272e71d,hash_match
literature/Edmunds et al. - 2018 - Density-dependence mediates coral assemblage struc.pdf,literature/EXCLUDED_FINAL/Edmunds et al. - 2018 - Density-dependence mediates coral assemblage struc.pdf,1,9ca5a94d64bdfcc9806bf61a7fdb292737a73559,9ca5a94d64bdfcc9806bf61a7fdb292737a73559,hash_match
literature/Edmunds et al. - 2025 - A physiological crisis drives the coral recruitmen.pdf,literature/EXCLUDED_FINAL/Edmunds et al. - 2025 - A physiological crisis drives the coral recruitmen.pdf,1,40df6a8ee0528817deefbe8fdf3868c38cfbebfd,40df6a8ee0528817deefbe8fdf3868c38cfbebfd,hash_match
literature/Eh and Rpm - 1995 - Age-related deterioration of a physiological function in the branching coral Acropora palmata.pdf,literature/META_ANALYSIS_POOL/Eh and Rpm - 1995 - Age-related deterioration of a physiological function in the branching coral Acropora palmata.pdf,1,1a59ebd9d92156a1f94e1c363120784ae7babcce,1a59ebd9d92156a1f94e1c363120784ae7babcce,hash_match
literature/Eh et al. - 1997 - Predicting regeneration of physical damage on a reef-building coral by regeneration capacity and les.pdf,literature/META_ANALYSIS_POOL/Eh et al. - 1997 - Predicting regeneration of physical damage on a reef-building coral by regeneration capacity and les.pdf,1,67e5d2644661983aba42dabfc171c99378519f9a,67e5d2644661983aba42dabfc171c99378519f9a,hash_match
literature/Enochs and Glynn - 2017 - Corallivory in the Eastern Pacific.pdf,literature/EXCLUDED_FINAL/Enochs and Glynn - 2017 - Corallivory in the Eastern Pacific.pdf,1,6f2938c5058cffb54e7bb844c9114b23d15565a3,6f2938c5058cffb54e7bb844c9114b23d15565a3,hash_match
literature/Fine et al. - 2002 - Bleaching effect on regeneration and resource translocation in the coral Oculina patagonica.pdf,literature/META_ANALYSIS_POOL/Fine et al. - 2002 - Bleaching effect on regeneration and resource translocation in the coral Oculina patagonica.pdf,1,b3b8fade188c1a1b4434403c22064988a5f3b153,b3b8fade188c1a1b4434403c22064988a5f3b153,hash_match
literature/Fisher et al. - 2007 - Lesion regeneration rates in reef-building corals Montastraea spp. as indicators of colony condition.pdf,literature/META_ANALYSIS_POOL/Fisher et al. - 2007 - Lesion regeneration rates in reef-building corals Montastraea spp. as indicators of colony condition.pdf,1,4c645d47e37460841966b6d586289cccc7b466ac,4c645d47e37460841966b6d586289cccc7b466ac,hash_match
literature/Fong and Lirman - 1995 - Hurricanes Cause Population Expansion of the Branching Coral Acropora palmata (Scleractinia).pdf,literature/META_ANALYSIS_POOL/Fong and Lirman - 1995 - Hurricanes Cause Population Expansion of the Branching Coral Acropora palmata (Scleractinia).pdf,1,07961bb0a3e81b577597606e51cb8b1cc876d27f,07961bb0a3e81b577597606e51cb8b1cc876d27f,hash_match
literature/Fox et al. - 2019 - Trophic plasticity in a common reef-building coral.pdf,literature/EXCLUDED_FINAL/Fox et al. - 2019 - Trophic plasticity in a common reef-building coral.pdf,1,68ecb13ff173757812ea80bb849b51f3edfd08c6,68ecb13ff173757812ea80bb849b51f3edfd08c6,hash_match
literature/Furby et al. - 2014 - Incidence of lesions on Fungiidae corals in the eastern Red Sea is related to water temperature and.pdf,literature/EXCLUDED_FINAL/Furby et al. - 2014 - Incidence of lesions on Fungiidae corals in the eastern Red Sea is related to water temperature and.pdf,1,b468db8ff5743dfdc87f622ff950f6a679bb8d3c,b468db8ff5743dfdc87f622ff950f6a679bb8d3c,hash_match
literature/Gardner et al. - 2019 - Coral microbiome diversity reflects mass coral ble.pdf,literature/EXCLUDED_FINAL/Gardner et al. - 2019 - Coral microbiome diversity reflects mass coral ble.pdf,1,30f019a14871d42a582e41b15e95879368c7a4ee,30f019a14871d42a582e41b15e95879368c7a4ee,hash_match
literature/Glynn et al. - 2025 - The role of holobiont composition and environmenta.pdf,literature/EXCLUDED_FINAL/Glynn et al. - 2025 - The role of holobiont composition and environmenta.pdf,1,52981d559e262c456a4596fa30aafae0ad44c659,52981d559e262c456a4596fa30aafae0ad44c659,hash_match
"literature/Guzmán et al. - 1994 - Injury, regeneration and growth of Caribbean reef corals after a major oil spill in Panama.pdf","literature/META_ANALYSIS_POOL/Guzmán et al. - 1994 - Injury, regeneration and growth of Caribbean reef corals after a major oil spill in Panama.pdf",1,4fc4356e86aaf22533d286a613fc56ab27caa012,4fc4356e86aaf22533d286a613fc56ab27caa012,hash_match
literature/Hall - 1997 - Interspecific differences in the regeneration of artificial injuries on scleractinian corals.pdf,literature/META_ANALYSIS_POOL/Hall - 1997 - Interspecific differences in the regeneration of artificial injuries on scleractinian corals.pdf,1,aa5096d8e6bb047eaf1c4e9a7229815b16a47840,aa5096d8e6bb047eaf1c4e9a7229815b16a47840,hash_match
literature/Hall - 2001 - The response of Acropora hyacinthus and Montipora tuberculosa to three different types of colony dam.pdf,literature/META_ANALYSIS_POOL/Hall - 2001 - The response of Acropora hyacinthus and Montipora tuberculosa to three different types of colony dam.pdf,1,a5b10e3bd03a48707fb73953cfbbd04180a668ff,a5b10e3bd03a48707fb73953cfbbd04180a668ff,hash_match
literature/Hall et al. - 2015 - Lesion recovery of two scleractinian corals under low pH conditions Implications for restoration ef.pdf,literature/META_ANALYSIS_POOL/Hall et al. - 2015 - Lesion recovery of two scleractinian corals under low pH conditions Implications for restoration ef.pdf,1,9e836a37d2ba06f014d047687dbd42579cf6a836,9e836a37d2ba06f014d047687dbd42579cf6a836,hash_match
"literature/Hamman - 2019 - Spatial distribution of damage affects the healing, growth, and morphology of coral.pdf","literature/META_ANALYSIS_POOL/Hamman - 2019 - Spatial distribution of damage affects the healing, growth, and morphology of coral.pdf",1,670d91a4f14ae6b253d29a32ec93817179c9bf8a,670d91a4f14ae6b253d29a32ec93817179c9bf8a,hash_match
literature/Han et al. - 2025 - In-depth single-cell transcriptomic exploration of the regenerative dynamics in stony coral.pdf,literature/MECHANISMS_ONLY/Han et al. - 2025 - In-depth single-cell transcriptomic exploration of the regenerative dynamics in stony coral.pdf,1,9e27986d248737af6d509f3cd139f0fe6914ec6c,9e27986d248737af6d509f3cd139f0fe6914ec6c,hash_match
literature/Henry and Hart - 2005 - Regeneration from Injury and Resource Allocation in Sponges and Corals - a Review.pdf,literature/EXCLUDED_FINAL/Henry and Hart - 2005 - Regeneration from Injury and Resource Allocation in Sponges and Corals - a Review.pdf,1,8c6aaa16da3392cd51e56e5fd6bc17bf9a7ea4cd,8c6aaa16da3392cd51e56e5fd6bc17bf9a7ea4cd,hash_match
literature/Honeycutt et al. - 2023 - Farmerfish gardens help buffer stony corals agains.pdf,literature/EXCLUDED_FINAL/Honeycutt et al. - 2023 - Farmerfish gardens help buffer stony corals agains.pdf,1,927804028aae491d60766f57920c11c55576e587,927804028aae491d60766f57920c11c55576e587,hash_match
literature/Horricks et al. - 2019 - Differential protein abundance during the first month of regeneration of the Caribbean star coral Mo.pdf,literature/META_ANALYSIS_POOL/Horricks et al. - 2019 - Differential protein abundance during the first month of regeneration of the Caribbean star coral Mo.pdf,1,531e823be7c84a062ba4ab024813f1d19184a0ec,531e823be7c84a062ba4ab024813f1d19184a0ec,hash_match
literature/Horwitz and Fine - 2014 - High CO2 detrimentally affects tissue regeneration of Red Sea corals.pdf,literature/META_ANALYSIS_POOL/Horwitz and Fine - 2014 - High CO2 detrimentally affects tissue regeneration of Red Sea corals.pdf,1,c3d87e1687554b65b2babb44385c97949ec15b79,c3d87e1687554b65b2babb44385c97949ec15b79,hash_match
literature/INJURY AND REGENERATION OF COMMON REEF-CREST CORALS.pdf,literature/META_ANALYSIS_POOL/INJURY AND REGENERATION OF COMMON REEF-CREST CORALS.pdf,1,52c3e738e47c84a86a73a7bc14def3ee13a15872,52c3e738e47c84a86a73a7bc14def3ee13a15872,hash_match
literature/Jayewardene - 2010 - Experimental determination of the cost of lesion healing on Porites compressa growth.pdf,literature/META_ANALYSIS_POOL/Jayewardene - 2010 - Experimental determination of the cost of lesion healing on Porites compressa growth.pdf,1,3856a0c2fcaf6ec1ea5892a1c0cb16e66d1ed870,3856a0c2fcaf6ec1ea5892a1c0cb16e66d1ed870,hash_match
literature/Jayewardene and Birkeland - 2006 - Fish predation on Hawaiian corals.pdf,literature/EXCLUDED_FINAL/Jayewardene and Birkeland - 2006 - Fish predation on Hawaiian corals.pdf,1,ee80f0770e8b2617e6ea86f9ec2b99ebe20fdef6,ee80f0770e8b2617e6ea86f9ec2b99ebe20fdef6,hash_match
literature/Jayewardene et al. - 2009 - Effects of frequent fish predation on corals in Hawaii.pdf,literature/META_ANALYSIS_POOL/Jayewardene et al. - 2009 - Effects of frequent fish predation on corals in Hawaii.pdf,1,dea9eae72feb4a03fda4133e5514a13b7dcaecb3,dea9eae72feb4a03fda4133e5514a13b7dcaecb3,hash_match
literature/Jones and Barott - 2025 - Evidence of rare occurrences of the Phoenix effect in the Hawaiian corals Porites compressa a.pdf,literature/EXCLUDED_FINAL/Jones and Barott - 2025 - Evidence of rare occurrences of the Phoenix effect in the Hawaiian corals Porites compressa a.pdf,1,f504f36d0f8c12da351dd1c6ec8b05f4d8f07d24,f504f36d0f8c12da351dd1c6ec8b05f4d8f07d24,hash_match
literature/Kaufman et al. - 2021 - Thermal history influences lesion recovery of the threatened Caribbean staghorn coral Acropora cervi.pdf,literature/META_ANALYSIS_POOL/Kaufman et al. - 2021 - Thermal history influences lesion recovery of the threatened Caribbean staghorn coral Acropora cervi.pdf,1,d3186c41354d1b0975c8e2b5b825bec79c7962bf,d3186c41354d1b0975c8e2b5b825bec79c7962bf,hash_match
literature/Kersting and Linares - 2019 - Living evidence of a fossil survival strategy raises hope for warming-affected corals.pdf,literature/EXCLUDED_FINAL/Kersting and Linares - 2019 - Living evidence of a fossil survival strategy raises hope for warming-affected corals.pdf,1,3eb79602d458c595e8758eb16b9b9a72d3fc7c0a,3eb79602d458c595e8758eb16b9b9a72d3fc7c0a,hash_match
literature/Kokita and Nakazono - 2001 - Rapid response of an obligately corallivorous filefish Oxymonacanthus longirostris (Monacanthidae) t.pdf,literature/EXCLUDED_FINAL/Kokita and Nakazono - 2001 - Rapid response of an obligately corallivorous filefish Oxymonacanthus longirostris (Monacanthidae) t.pdf,1,34f9cab953cbc04776146ca9cbc57e3fc759e4bb,34f9cab953cbc04776146ca9cbc57e3fc759e4bb,hash_match
literature/Kordas et al. - 2011 - Community ecology in a warming world The influence of temperature on interspecific interactions in.pdf,literature/EXCLUDED_FINAL/Kordas et al. - 2011 - Community ecology in a warming world The influence of temperature on interspecific interactions in.pdf,1,0d00c7d9d8776abc012b17a46e63be42b5e3fdec,0d00c7d9d8776abc012b17a46e63be42b5e3fdec,hash_match
literature/Kramarsky-Winter and Loya - 2000 - Tissue regeneration in the coral Fungia granulosa  the effect of extrinsic and intrinsic factors.pdf,literature/META_ANALYSIS_POOL/Kramarsky-Winter and Loya - 2000 - Tissue regeneration in the coral Fungia granulosa  the effect of extrinsic and intrinsic factors.pdf,1,e0baac5a3882a6273c148c3396b1d998c1244176,e0baac5a3882a6273c148c3396b1d998c1244176,hash_match
literature/Lenihan and Edmunds - 2010 - Response of Pocillopora verrucosa to corallivory varies with environmental conditions.pdf,literature/META_ANALYSIS_POOL/Lenihan and Edmunds - 2010 - Response of Pocillopora verrucosa to corallivory varies with environmental conditions.pdf,1,124247b2b3b127f1bc4d7dfa6fa70f06dd081fff,124247b2b3b127f1bc4d7dfa6fa70f06dd081fff,hash_match
literature/Lenihan et al. - 2015 - Hydrodynamics influence coral performance through simultaneous direct and indirect effects.pdf,literature/META_ANALYSIS_POOL/Lenihan et al. - 2015 - Hydrodynamics influence coral performance through simultaneous direct and indirect effects.pdf,1,1261199b2e8bc73931eb1b44d2e2f0fc07e7c3f1,1261199b2e8bc73931eb1b44d2e2f0fc07e7c3f1,hash_match
literature/Lester and Bak - 1985 - Effects of environment on regeneration rate of tissue lesions in the reef coral Montastrea annularis.pdf,literature/META_ANALYSIS_POOL/Lester and Bak - 1985 - Effects of environment on regeneration rate of tissue lesions in the reef coral Montastrea annularis.pdf,1,1910995b3a286239ebcfa0e659777181b0c1dc5e,1910995b3a286239ebcfa0e659777181b0c1dc5e,hash_match
literature/Leuzinger et al. - 2012 - Energy allocation in a reef coral under varying resource availability.pdf,literature/EXCLUDED_FINAL/Leuzinger et al. - 2012 - Energy allocation in a reef coral under varying resource availability.pdf,1,4c7063347b6b3f237ceb94f74348ba34aecc8385,4c7063347b6b3f237ceb94f74348ba34aecc8385,hash_match
literature/Levanoni - 2021 - Coral Tissue Growth and Regeneration Conjoin the Advent of Adult Stem Cell-Like Cells.pdf,literature/MECHANISMS_ONLY/Levanoni - 2021 - Coral Tissue Growth and Regeneration Conjoin the Advent of Adult Stem Cell-Like Cells.pdf,1,ed3d4049a03a9b92cea386d1ae84fb86e920d356,ed3d4049a03a9b92cea386d1ae84fb86e920d356,hash_match
literature/Levanoni et al. - 2024 - Coral Tissue Regeneration and Growth Is Associated with the Presence of Stem-like Cells.pdf,literature/MECHANISMS_ONLY/Levanoni et al. - 2024 - Coral Tissue Regeneration and Growth Is Associated with the Presence of Stem-like Cells.pdf,1,7c37790e4acefffb6f6511f3e05507eb42f23dbe,7c37790e4acefffb6f6511f3e05507eb42f23dbe,hash_match
"literature/Lirman - 2000 - Fragmentation in the branching coral Acropora palmata (Lamarck) growth, survivorship, and reproduct.pdf","literature/META_ANALYSIS_POOL/Lirman - 2000 - Fragmentation in the branching coral Acropora palmata (Lamarck) growth, survivorship, and reproduct.pdf",1,ddd62a46e2714ce997b37fb713b83d5cbc2a7319,ddd62a46e2714ce997b37fb713b83d5cbc2a7319,hash_match
"literature/Lirman - 2000 - Lesion regeneration in the branching coral Acropora palmata effects of colonization, colony size, l.pdf","literature/META_ANALYSIS_POOL/Lirman - 2000 - Lesion regeneration in the branching coral Acropora palmata effects of colonization, colony size, l.pdf",1,890fd0d2d083804c5d9ec42fd92ce3ca7b9c5371,890fd0d2d083804c5d9ec42fd92ce3ca7b9c5371,hash_match
literature/Lirman et al. - 2010 - Propagation of the threatened staghorn coral Acropora cervicornis methods to minimize the impacts o.pdf,literature/META_ANALYSIS_POOL/Lirman et al. - 2010 - Propagation of the threatened staghorn coral Acropora cervicornis methods to minimize the impacts o.pdf,1,44f6403f9994b16bb7dfefdc43daade214b6f713,44f6403f9994b16bb7dfefdc43daade214b6f713,hash_match
"literature/Lock - Quantifying physiological responses to physical injury in Porites lobata, using a transcriptomic app.pdf","literature/DUPLICATES/Lock - Quantifying physiological responses to physical injury in Porites lobata, using a transcriptomic app.pdf",1,244aad2f70e77896a1e8b10d2db6b4de6d99c03f,244aad2f70e77896a1e8b10d2db6b4de6d99c03f,hash_match
literature/Lock et al. - 2022 - Calcium homeostasis disruption initiates rapid growth after micro-fragmentation in the scleractinian.pdf,literature/DUPLICATES/Lock et al. - 2022 - Calcium homeostasis disruption initiates rapid growth after micro-fragmentation in the scleractinian.pdf,1,074acce287e0751d1cb2f1df9ae8caa23b89ab60,074acce287e0751d1cb2f1df9ae8caa23b89ab60,hash_match
literature/Lock et al. - 2022 - Calcium homeostasis disruption initiates rapid growth after micro‐fragmentation in the scleractinian.pdf,literature/MECHANISMS_ONLY/Lock et al. - 2022 - Calcium homeostasis disruption initiates rapid growth after micro‐fragmentation in the scleractinian.pdf,1,ba2d42982b4729bf2388bc9bfe644067b18af3fa,ba2d42982b4729bf2388bc9bfe644067b18af3fa,hash_match
literature/Loya - 1976 - Skeletal regeneration in a Red Sea scleractinian coral population.pdf,literature/META_ANALYSIS_POOL/Loya - 1976 - Skeletal regeneration in a Red Sea scleractinian coral population.pdf,1,74085766d1527db54df79853051c7ad5dd559d44,74085766d1527db54df79853051c7ad5dd559d44,hash_match
literature/Luz et al. - 2018 - A polyp from nothing The extreme regeneration capacity of the Atlantic invasive sun corals Tubastra.pdf,literature/EXCLUDED_FINAL/Luz et al. - 2018 - A polyp from nothing The extreme regeneration capacity of the Atlantic invasive sun corals Tubastra.pdf,1,7a83ec3b03e8ea51b755b4a31911bf88e63759b8,7a83ec3b03e8ea51b755b4a31911bf88e63759b8,hash_match
"literature/Luz et al. - 2021 - High regenerative capacity is a general feature within colonial dendrophylliid corals (Anthozoa, Scl.pdf","literature/EXCLUDED_FINAL/Luz et al. - 2021 - High regenerative capacity is a general feature within colonial dendrophylliid corals (Anthozoa, Scl.pdf",1,e3216d5fbe1fcbba4b3e2bbacbe45b7b4d0a4fb4,e3216d5fbe1fcbba4b3e2bbacbe45b7b4d0a4fb4,hash_match
literature/Madeira et al. - 2022 - Does Predation Exacerbate the Risk of Endosymbiont Loss in Heat Stressed Hermatypic Corals Molecula.pdf,literature/MECHANISMS_ONLY/Madeira et al. - 2022 - Does Predation Exacerbate the Risk of Endosymbiont Loss in Heat Stressed Hermatypic Corals Molecula.pdf,1,3445771b23cb1b28eb66efa6e7f8c8d165d8823b,3445771b23cb1b28eb66efa6e7f8c8d165d8823b,hash_match
literature/Maher et al. - 2019 - Multiple stressors interact primarily through antagonism to drive changes in the coral microbiome.pdf,literature/MECHANISMS_ONLY/Maher et al. - 2019 - Multiple stressors interact primarily through antagonism to drive changes in the coral microbiome.pdf,1,7cdb77946b2baeabe9cf0920f284dcae1aacbfc6,7cdb77946b2baeabe9cf0920f284dcae1aacbfc6,hash_match
literature/Mass et al. - 2016 - Temporal and spatial expression patterns of biomin.pdf,literature/EXCLUDED_FINAL/Mass et al. - 2016 - Temporal and spatial expression patterns of biomin.pdf,1,7e290c8aba98400c23f424dc8b21a6521f92d32d,7e290c8aba98400c23f424dc8b21a6521f92d32d,hash_match
literature/Meesters and Bak - 1993 - Effects of coral bleaching on tissue regeneration potential and colony survival.pdf,literature/META_ANALYSIS_POOL/Meesters and Bak - 1993 - Effects of coral bleaching on tissue regeneration potential and colony survival.pdf,1,b146b80645a93253cc8724c08bea556318a7f4a0,b146b80645a93253cc8724c08bea556318a7f4a0,hash_match
literature/Meesters et al 1992 sedimentation and lesion position.pdf,literature/META_ANALYSIS_POOL/Meesters et al 1992 sedimentation and lesion position.pdf,1,eb1d39ba1da74aff5873afee35d10e4adc65d415,eb1d39ba1da74aff5873afee35d10e4adc65d415,hash_match
literature/Meesters et al. - 1994 - Damage and regeneration links to growth in the reef-building coral Montastrea annularis.pdf,literature/META_ANALYSIS_POOL/Meesters et al. - 1994 - Damage and regeneration links to growth in the reef-building coral Montastrea annularis.pdf,1,5e24cb0f36b7a6c754cfda1dab7bd29b8004f85b,5e24cb0f36b7a6c754cfda1dab7bd29b8004f85b,hash_match
literature/Meesters et al. - 1996 - Partial Mortality in Three Species of Reef-Building Corals and the Relation with Colony Morphology.pdf,literature/META_ANALYSIS_POOL/Meesters et al. - 1996 - Partial Mortality in Three Species of Reef-Building Corals and the Relation with Colony Morphology.pdf,1,7d839ac622d452a32bd5d7c981f4ec1501d3685c,7d839ac622d452a32bd5d7c981f4ec1501d3685c,hash_match
"literature/Meszaros and Bigger - 1999 - Qualitative and Quantitative Study of Wound Healing Processes in the Coelenterate,Plexaurella fusife.pdf","literature/EXCLUDED_FINAL/Meszaros and Bigger - 1999 - Qualitative and Quantitative Study of Wound Healing Processes in the Coelenterate,Plexaurella fusife.pdf",1,117b56184419f7393343904cf522d2d69a9bd643,117b56184419f7393343904cf522d2d69a9bd643,hash_match
literature/Miller and Hay - 1998 - Effects of fish predation and seaweed competition on the survival and growth of corals.pdf,literature/META_ANALYSIS_POOL/Miller and Hay - 1998 - Effects of fish predation and seaweed competition on the survival and growth of corals.pdf,1,1008e05ac5e5a16d4f0b7464d04b8a17f40bb478,1008e05ac5e5a16d4f0b7464d04b8a17f40bb478,hash_match
literature/Moses and Hallock - 2015 - Coral Regeneration Assay.pdf,literature/EXCLUDED_FINAL/Moses and Hallock - 2015 - Coral Regeneration Assay.pdf,1,e04f4593b55fd057753652d2f463edb4397b5e17,e04f4593b55fd057753652d2f463edb4397b5e17,hash_match
literature/Nagelkerken and Bak - 1998 - Differential regeneration of artificial lesions among sympatric morphs of the Caribbean corals Porit.pdf,literature/META_ANALYSIS_POOL/Nagelkerken and Bak - 1998 - Differential regeneration of artificial lesions among sympatric morphs of the Caribbean corals Porit.pdf,1,d610aa8b8dfa1b2ca7fe2e09fc5968592b01252b,d610aa8b8dfa1b2ca7fe2e09fc5968592b01252b,hash_match
literature/Nagelkerken et al. - 1999 - Depth-related variation in regeneration of artificial lesions in the Caribbean corals Porites ast.pdf,literature/META_ANALYSIS_POOL/Nagelkerken et al. - 1999 - Depth-related variation in regeneration of artificial lesions in the Caribbean corals Porites ast.pdf,1,e5399e910ff5e17957ad89246e295c3d8157afdf,e5399e910ff5e17957ad89246e295c3d8157afdf,hash_match
literature/Nicolet et al. - 2018 - Predation scars may influence host susceptibility to pathogens evaluating the role of corallivores.pdf,literature/META_ANALYSIS_POOL/Nicolet et al. - 2018 - Predation scars may influence host susceptibility to pathogens evaluating the role of corallivores.pdf,1,dacb55dbca50b1bb894a2d6b62fd14c178bcadd8,dacb55dbca50b1bb894a2d6b62fd14c178bcadd8,hash_match
literature/Okubo - 2008 - Size-independent investment allocation to regeneration and growth of the branching coral Acropora mu.pdf,literature/META_ANALYSIS_POOL/Okubo - 2008 - Size-independent investment allocation to regeneration and growth of the branching coral Acropora mu.pdf,1,96ebd4081d332daecae8efab374cfdf4d5fb1e7c,96ebd4081d332daecae8efab374cfdf4d5fb1e7c,hash_match
literature/Oren et al. - 1997 - Effect of lesion size and shape on regeneration of the Red Sea coral Favia favus.pdf,literature/META_ANALYSIS_POOL/Oren et al. - 1997 - Effect of lesion size and shape on regeneration of the Red Sea coral Favia favus.pdf,1,bc4cc09de07d4c5dbc939a6a188a3a50ca589d26,bc4cc09de07d4c5dbc939a6a188a3a50ca589d26,hash_match
literature/Oren et al. - 1997 - Oriented intra-colonial transport of 14C labeled materials during coral regeneration.pdf,literature/MECHANISMS_ONLY/Oren et al. - 1997 - Oriented intra-colonial transport of 14C labeled materials during coral regeneration.pdf,1,8da7a09982a8b69ec6c502db419aeff502240ecc,8da7a09982a8b69ec6c502db419aeff502240ecc,hash_match
"literature/Oren et al. - 1998 - Prudent sessile feeding by the corallivore snail, Coralliophila violacea on coral energy sinks.pdf","literature/MECHANISMS_ONLY/Oren et al. - 1998 - Prudent sessile feeding by the corallivore snail, Coralliophila violacea on coral energy sinks.pdf",1,805e17cb1d495735c3f092c881159bf164c86824,805e17cb1d495735c3f092c881159bf164c86824,hash_match
literature/Oren et al. - 2001 - Colony Integration during Regeneration in the Stony Coral Favia favus.pdf,literature/META_ANALYSIS_POOL/Oren et al. - 2001 - Colony Integration during Regeneration in the Stony Coral Favia favus.pdf,1,55f8868dede4d1513d5df3f6444d49904b9150a8,55f8868dede4d1513d5df3f6444d49904b9150a8,hash_match
literature/Page and Willis - 2008 - Epidemiology of skeletal eroding band on the Great Barrier Reef and the role of injury in the initia.pdf,literature/META_ANALYSIS_POOL/Page and Willis - 2008 - Epidemiology of skeletal eroding band on the Great Barrier Reef and the role of injury in the initia.pdf,1,3220a67558891a4e585f36e9ce6f34f216b3062c,3220a67558891a4e585f36e9ce6f34f216b3062c,hash_match
literature/Palacio-Castro et al. - 2023 - Increased dominance of heat-tolerant symbionts cre.pdf,literature/EXCLUDED_FINAL/Palacio-Castro et al. - 2023 - Increased dominance of heat-tolerant symbionts cre.pdf,1,a28072025de3a8e9a35401399d5608ac04824490,a28072025de3a8e9a35401399d5608ac04824490,hash_match
literature/Palacios et al. - 2014 - Fish corallivory on a pocilloporid reef and experimental coral responses to predation.pdf,literature/META_ANALYSIS_POOL/Palacios et al. - 2014 - Fish corallivory on a pocilloporid reef and experimental coral responses to predation.pdf,1,ff0714ff208a33d7ae39f781b407708f8645ce77,ff0714ff208a33d7ae39f781b407708f8645ce77,hash_match
literature/Palmer et al. - 2011 - Corals Use Similar Immune Cells and Wound-Healing Processes as Those of Higher Organisms.pdf,literature/MECHANISMS_ONLY/Palmer et al. - 2011 - Corals Use Similar Immune Cells and Wound-Healing Processes as Those of Higher Organisms.pdf,1,0e9426d9eb144700cb16995c8eb4be3b5e41d59e,0e9426d9eb144700cb16995c8eb4be3b5e41d59e,hash_match
literature/Paradis et al. - 2019 - Compound effects of thermal stress and tissue abrasion on photosynthesis and respiration in the reef.pdf,literature/MECHANISMS_ONLY/Paradis et al. - 2019 - Compound effects of thermal stress and tissue abrasion on photosynthesis and respiration in the reef.pdf,1,2aab8292bbfd42fb27c211302785468c4f52fc17,2aab8292bbfd42fb27c211302785468c4f52fc17,hash_match
literature/Pavia Jr and Estacion - 2019 - Survival and Growth of Isolated Polyps of Galaxea fascicularis (Linnaeus 1767) on Six Kinds of Cultu.pdf,literature/EXCLUDED_FINAL/Pavia Jr and Estacion - 2019 - Survival and Growth of Isolated Polyps of Galaxea fascicularis (Linnaeus 1767) on Six Kinds of Cultu.pdf,1,397141880035861ffe0745be81ba3ed0595706a8,397141880035861ffe0745be81ba3ed0595706a8,hash_match
literature/Paz-García - 2006 - Temporal variation in the regeneration rate of artificial lesions in two morphotypes of Porites pana.pdf,literature/META_ANALYSIS_POOL/Paz-García - 2006 - Temporal variation in the regeneration rate of artificial lesions in two morphotypes of Porites pana.pdf,1,2a2670447e6461b5a11f9f528a91603f1340cff3,2a2670447e6461b5a11f9f528a91603f1340cff3,hash_match
literature/Pisapia et al. - 2016 - Temporal consistency in background mortality of four dominant coral taxa along Australia’s Great Bar.pdf,literature/EXCLUDED_FINAL/Pisapia et al. - 2016 - Temporal consistency in background mortality of four dominant coral taxa along Australia’s Great Bar.pdf,1,b36a0e9da975d0abb3b99dd0d050411c8d780a51,b36a0e9da975d0abb3b99dd0d050411c8d780a51,hash_match
literature/Pogoreutz et al. - 2017 - Sugar enrichment provides evidence for a role of n.pdf,literature/EXCLUDED_FINAL/Pogoreutz et al. - 2017 - Sugar enrichment provides evidence for a role of n.pdf,1,726b47a66d153d8543a7abaf3e6b4e4f9f9fcb84,726b47a66d153d8543a7abaf3e6b4e4f9f9fcb84,hash_match
literature/Putnam and Gates - 2015 - Preconditioning in the reef-building coral Pocillo.pdf,literature/EXCLUDED_FINAL/Putnam and Gates - 2015 - Preconditioning in the reef-building coral Pocillo.pdf,1,dcb1b6f462bdb4cec158059a0d2a37723ffe2d82,dcb1b6f462bdb4cec158059a0d2a37723ffe2d82,hash_match
literature/Rapuano et al. - 2023 - Coming of age Annual onset of coral reproduction is determined by age rather than size.pdf,literature/EXCLUDED_FINAL/Rapuano et al. - 2023 - Coming of age Annual onset of coral reproduction is determined by age rather than size.pdf,1,130db57657ec8074e425fe0b09e89ed7b699ff40,130db57657ec8074e425fe0b09e89ed7b699ff40,hash_match
literature/Raymundo et al. - 2016 - Effects of Coralliophila violacea on tissue loss in the scleractinian corals Porites spp. depend on.pdf,literature/META_ANALYSIS_POOL/Raymundo et al. - 2016 - Effects of Coralliophila violacea on tissue loss in the scleractinian corals Porites spp. depend on.pdf,1,fbfd280bbc536825e03f8227bd19016fafe4c3ea,fbfd280bbc536825e03f8227bd19016fafe4c3ea,hash_match
literature/Renegar - 2015 - Histology and ultrastructure of Montastraea cavernosa  and Porites astreoides during regeneration an.pdf,literature/MECHANISMS_ONLY/Renegar - 2015 - Histology and ultrastructure of Montastraea cavernosa  and Porites astreoides during regeneration an.pdf,1,4f0f598c70b773452bfc188de12704095b6a5dfd,4f0f598c70b773452bfc188de12704095b6a5dfd,hash_match
literature/Renegar et al. - Coral Ultrastructural Response to Elevated pCO2 and Nutrients During Tissue Repair and Regeneration.pdf,literature/MECHANISMS_ONLY/Renegar et al. - Coral Ultrastructural Response to Elevated pCO2 and Nutrients During Tissue Repair and Regeneration.pdf,1,fd84091459ac3f2ddfcdfbde0daf345cca7c4558,fd84091459ac3f2ddfcdfbde0daf345cca7c4558,hash_match
literature/Rice et al. - 2019 - Different nitrogen sources speed recovery from corallivory and uniquely alter the microbiome of a re.pdf,literature/META_ANALYSIS_POOL/Rice et al. - 2019 - Different nitrogen sources speed recovery from corallivory and uniquely alter the microbiome of a re.pdf,1,0e6b55ed11f6efd0e113a7b34d27813b17601512,0e6b55ed11f6efd0e113a7b34d27813b17601512,hash_match
literature/Rice et al. - 2021 - Complex interactions with nutrients and sediment a.pdf,literature/META_ANALYSIS_POOL/Rice et al. - 2021 - Complex interactions with nutrients and sediment a.pdf,1,763481f1d9be87e95bb40387c3fe29f02b263f47,763481f1d9be87e95bb40387c3fe29f02b263f47,hash_match
literature/Rinkevich - 1996 - Do reproduction and regeneration in damaged corals compete for energy allocation.pdf,literature/MECHANISMS_ONLY/Rinkevich - 1996 - Do reproduction and regeneration in damaged corals compete for energy allocation.pdf,1,648638eaf327e712e7e5ea5788f578617f085a5e,648638eaf327e712e7e5ea5788f578617f085a5e,hash_match
literature/Rodríguez-Villalobos et al. - 2015 - Explained and unexplained tissue loss in corals fr.pdf,literature/EXCLUDED_FINAL/Rodríguez-Villalobos et al. - 2015 - Explained and unexplained tissue loss in corals fr.pdf,1,3973cd0b00bea20b1e2fbd97e1abf127fcf49413,3973cd0b00bea20b1e2fbd97e1abf127fcf49413,hash_match
literature/Rodríguez-Villalobos et al. - 2016 - Wound repair in Pocillopora.pdf,literature/MECHANISMS_ONLY/Rodríguez-Villalobos et al. - 2016 - Wound repair in Pocillopora.pdf,1,3a8b1b1af4a4b555a7031fa73f95b8c7d7510a50,3a8b1b1af4a4b555a7031fa73f95b8c7d7510a50,hash_match
literature/Roff et al. - 2014 - Porites and the Phoenix effect unprecedented recovery after a mass coral bleaching event at Rangiro.pdf,literature/EXCLUDED_FINAL/Roff et al. - 2014 - Porites and the Phoenix effect unprecedented recovery after a mass coral bleaching event at Rangiro.pdf,1,d5d4fe964fd69230b976f50d4888fc41fc028af9,d5d4fe964fd69230b976f50d4888fc41fc028af9,hash_match
literature/Rotjan and Lewis - 2009 - Predators selectively graze reproductive structures in a clonal marine organism.pdf,literature/META_ANALYSIS_POOL/Rotjan and Lewis - 2009 - Predators selectively graze reproductive structures in a clonal marine organism.pdf,1,f58c1b41e267573d755748afbd8a009ac0a14edb,f58c1b41e267573d755748afbd8a009ac0a14edb,hash_match
literature/Rotjan et al. - 2006 - Chronic parrotfish grazing impedes coral recovery after bleaching.pdf,literature/META_ANALYSIS_POOL/Rotjan et al. - 2006 - Chronic parrotfish grazing impedes coral recovery after bleaching.pdf,1,cca29e11ee2262523b3c55d747ef399c1bbc85d7,cca29e11ee2262523b3c55d747ef399c1bbc85d7,hash_match
literature/Sabine et al. - 2015 - Environmental conditions influence tissue regeneration rates in scleractinian corals.pdf,literature/META_ANALYSIS_POOL/Sabine et al. - 2015 - Environmental conditions influence tissue regeneration rates in scleractinian corals.pdf,1,74cee77489b435a9c6d986d987121d8eaf77c2b4,74cee77489b435a9c6d986d987121d8eaf77c2b4,hash_match
literature/Samsuri et al. - 2018 - The effectiveness of Trapezia cymodoce in defendin.pdf,literature/EXCLUDED_FINAL/Samsuri et al. - 2018 - The effectiveness of Trapezia cymodoce in defendin.pdf,1,da7ef0bdb1317e82ddf54ecb74b21cb429662166,da7ef0bdb1317e82ddf54ecb74b21cb429662166,hash_match
literature/Sani et al. - 2024 - Ocean warming and acidification detrimentally affect coral tissue regeneration at a Mediterranean CO.pdf,literature/META_ANALYSIS_POOL/Sani et al. - 2024 - Ocean warming and acidification detrimentally affect coral tissue regeneration at a Mediterranean CO.pdf,1,add47840e39819badff3859bf625970ba8d5035c,add47840e39819badff3859bf625970ba8d5035c,hash_match
literature/Shantz et al. - 2023 - Positive interactions between corals and damselfis.pdf,literature/EXCLUDED_FINAL/Shantz et al. - 2023 - Positive interactions between corals and damselfis.pdf,1,99c7700ca7dec0c583d56057232615752ff7fd56,99c7700ca7dec0c583d56057232615752ff7fd56,hash_match
literature/Shaver et al. - 2017 - Effects of predation and nutrient enrichment on the success and microbiome of a foundational coral.pdf,literature/META_ANALYSIS_POOL/Shaver et al. - 2017 - Effects of predation and nutrient enrichment on the success and microbiome of a foundational coral.pdf,1,d83d7cb443963f0723b66b3985c559282b56d477,d83d7cb443963f0723b66b3985c559282b56d477,hash_match
literature/Shirur et al. - 2016 - Lesion recovery and the bacterial microbiome in two Caribbean gorgonian corals.pdf,literature/EXCLUDED_FINAL/Shirur et al. - 2016 - Lesion recovery and the bacterial microbiome in two Caribbean gorgonian corals.pdf,1,187cfabeee5b5beba32c03015d96c9a966b2fbf6,187cfabeee5b5beba32c03015d96c9a966b2fbf6,hash_match
literature/Sogin et al. - 2016 - Metabolomic signatures of increases in temperature.pdf,literature/EXCLUDED_FINAL/Sogin et al. - 2016 - Metabolomic signatures of increases in temperature.pdf,1,1c64e86dccf8009930e47014d7e188a1a4969328,1c64e86dccf8009930e47014d7e188a1a4969328,hash_match
literature/Soong and Lang - 1992 - Reproductive Integration in Reef Corals.pdf,literature/META_ANALYSIS_POOL/Soong and Lang - 1992 - Reproductive Integration in Reef Corals.pdf,1,70278e58e23e7f0130b1f12af6a2092b6528c5e6,70278e58e23e7f0130b1f12af6a2092b6528c5e6,hash_match
literature/Titlyanov and Titlyanova - 2008 - Coral-algal competition on damaged reefs.pdf,literature/EXCLUDED_FINAL/Titlyanov and Titlyanova - 2008 - Coral-algal competition on damaged reefs.pdf,1,228f390b7c7fb23b9bcf04f90afa815edfe4a144,228f390b7c7fb23b9bcf04f90afa815edfe4a144,hash_match
literature/Titlyanov and Titlyanova - 2009 - The dynamics of the restoration of mechanical damage to colonies of the scleractinian coral Porites.pdf,literature/META_ANALYSIS_POOL/Titlyanov and Titlyanova - 2009 - The dynamics of the restoration of mechanical damage to colonies of the scleractinian coral Porites.pdf,1,109ed977303d1e73bba600e5e58f7141b506e26b,109ed977303d1e73bba600e5e58f7141b506e26b,hash_match
literature/Titlyanov et al. - 2005 - Regeneration of artificial injuries on scleractinian corals and coralalgal competition for newly fo.pdf,literature/META_ANALYSIS_POOL/Titlyanov et al. - 2005 - Regeneration of artificial injuries on scleractinian corals and coralalgal competition for newly fo.pdf,1,7231868a476553feea559a288b139cab84afd54e,7231868a476553feea559a288b139cab84afd54e,hash_match
literature/Titlyanov et al. - 2006 - Three stages of injuries regeneration on scleractinian corals.pdf,literature/META_ANALYSIS_POOL/Titlyanov et al. - 2006 - Three stages of injuries regeneration on scleractinian corals.pdf,1,30b58efed982d466812976d19107981b6aa3c58e,30b58efed982d466812976d19107981b6aa3c58e,hash_match
literature/Townsend et al. - 2023 - Differing lesion recovery rates of two Caribbean stony coral species across a shallow water to mesop.pdf,literature/META_ANALYSIS_POOL/Townsend et al. - 2023 - Differing lesion recovery rates of two Caribbean stony coral species across a shallow water to mesop.pdf,1,23cc6f495df4b08621e5ecc3b161aaad5eaae878,23cc6f495df4b08621e5ecc3b161aaad5eaae878,hash_match
literature/Traylor-Knowles - 2016 - Distinctive wound-healing characteristics in the c.pdf,literature/DUPLICATES/Traylor-Knowles - 2016 - Distinctive wound-healing characteristics in the c.pdf,1,5eba52114c75b28058db834b1d559b8b8eb9c116,5eba52114c75b28058db834b1d559b8b8eb9c116,hash_match
literature/Traylor-Knowles - 2016 - Distinctive wound-healing characteristics in the corals Pocillopora damicornis and Acropora hyacinth.pdf,literature/MECHANISMS_ONLY/Traylor-Knowles - 2016 - Distinctive wound-healing characteristics in the corals Pocillopora damicornis and Acropora hyacinth.pdf,1,5eba52114c75b28058db834b1d559b8b8eb9c116,5eba52114c75b28058db834b1d559b8b8eb9c116,hash_match
literature/Van De Water et al. - 2015 - Elevated seawater temperatures have a limited impact on the coral immune response following physical.pdf,literature/MECHANISMS_ONLY/Van De Water et al. - 2015 - Elevated seawater temperatures have a limited impact on the coral immune response following physical.pdf,1,9b2a8e1fe9afea3a592f5df7c8ea6ed455b2e14e,9b2a8e1fe9afea3a592f5df7c8ea6ed455b2e14e,hash_match
literature/Van De Water et al. - 2015 - The coral immune response facilitates protection against microbes during tissue regeneration.pdf,literature/MECHANISMS_ONLY/Van De Water et al. - 2015 - The coral immune response facilitates protection against microbes during tissue regeneration.pdf,1,49c9b20263773519352926d401814126d2c9ea60,49c9b20263773519352926d401814126d2c9ea60,hash_match
literature/Van Veghel and Bak - 1994 - Reproductive characteristics of the polymorphic Caribbean reef building coral Montastrea annularis..pdf,literature/META_ANALYSIS_POOL/Van Veghel and Bak - 1994 - Reproductive characteristics of the polymorphic Caribbean reef building coral Montastrea annularis..pdf,1,d2bc4878751008e9ad62845b50c95a1316e6785c,d2bc4878751008e9ad62845b50c95a1316e6785c,hash_match
literature/Van Woesik - 1998 - Lesion healing on massive Porites spp. corals.pdf,literature/META_ANALYSIS_POOL/Van Woesik - 1998 - Lesion healing on massive Porites spp. corals.pdf,1,123210d36151cd00155f9265e955b387812104f2,123210d36151cd00155f9265e955b387812104f2,hash_match
literature/Wahle - 1983 - Regeneration of injuries among jamaican gorgonians the roles of colony physiology and environment.pdf,literature/EXCLUDED_FINAL/Wahle - 1983 - Regeneration of injuries among jamaican gorgonians the roles of colony physiology and environment.pdf,1,0528de0837d4c1ae770faa14dbdc87deb891ebd4,0528de0837d4c1ae770faa14dbdc87deb891ebd4,hash_match
"literature/Ward - 1995 - The effect of damage on the growth, reproduction and storage of lipids in the scleractinian coral Po.pdf","literature/META_ANALYSIS_POOL/Ward - 1995 - The effect of damage on the growth, reproduction and storage of lipids in the scleractinian coral Po.pdf",1,3d164f7718f5057afd368bca60ac250b18574d15,3d164f7718f5057afd368bca60ac250b18574d15,hash_match
literature/Welsh et al. - 2015 - Clustered parrotfish feeding scars trigger partial coral mortality of massive Porites colonies on th.pdf,literature/META_ANALYSIS_POOL/Welsh et al. - 2015 - Clustered parrotfish feeding scars trigger partial coral mortality of massive Porites colonies on th.pdf,1,aee8cd56baa67b3f8e7907d6fcfbf572df0eea74,aee8cd56baa67b3f8e7907d6fcfbf572df0eea74,hash_match
literature/Wesseling et al. - 2001 - Partial Mortality in Porites Corals Variation among Philippine Reefs.pdf,literature/META_ANALYSIS_POOL/Wesseling et al. - 2001 - Partial Mortality in Porites Corals Variation among Philippine Reefs.pdf,1,39b4d5133285515a2d4ea4be6e494a2b6d3dca4f,39b4d5133285515a2d4ea4be6e494a2b6d3dca4f,hash_match
literature/Wolf and Nugues - 2013 - Synergistic effects of algal overgrowth and corallivory on Caribbean reef‐building corals.pdf,literature/META_ANALYSIS_POOL/Wolf and Nugues - 2013 - Synergistic effects of algal overgrowth and corallivory on Caribbean reef‐building corals.pdf,1,694df23b00a99d3fd5bbe077682f63e9aec170cd,694df23b00a99d3fd5bbe077682f63e9aec170cd,hash_match
literature/Work and Aeby - 2010 - Wound repair in Montipora capitata.pdf,literature/MECHANISMS_ONLY/Work and Aeby - 2010 - Wound repair in Montipora capitata.pdf,1,66b5fd69cb8d90f082f04ad685117beeef5a1649,66b5fd69cb8d90f082f04ad685117beeef5a1649,hash_match
literature/Xu et al. - 2023 - Wound healing and regeneration in the reef building coral Acropora millepora.pdf,literature/MECHANISMS_ONLY/Xu et al. - 2023 - Wound healing and regeneration in the reef building coral Acropora millepora.pdf,1,e10bd4379599d86051da0038280eb86104536c22,e10bd4379599d86051da0038280eb86104536c22,hash_match
literature/Yap and Gomez - 1984 - Growth of Acropora pulchra II. Responses of natural and transplanted colonies to temperature and da.pdf,literature/META_ANALYSIS_POOL/Yap and Gomez - 1984 - Growth of Acropora pulchra II. Responses of natural and transplanted colonies to temperature and da.pdf,1,4627a7f86625de4dd5ed7fcbd2ef0662c0704650,4627a7f86625de4dd5ed7fcbd2ef0662c0704650,hash_match
