source_id,paper_title,final_status,extraction_readiness,local_relpath,current_folder,notebook_present,local_present,local_file_exists,expected_folder_group,folder_status,local_presence_status
5e605749-8df3-44d9-8113-3b61c21f4386,Ayling - 1983 - GROWTH AND REGENERATION RATES IN THINLY ENCRUSTING DEMOSPONGIAE FROM TEMPERATE WATERS.pdf,exclude_scope,not_for_extraction,literature/EXCLUDED_FINAL/Ayling - 1983 - GROWTH AND REGENERATION RATES IN THINLY ENCRUSTING DEMOSPONGIAE FROM TEMPERATE WATERS.pdf,EXCLUDED_FINAL,1,1,1,EXCLUDED_FINAL,ok,ok
12e9e864-5ff1-42c4-a63d-19b5d62a7464,Bak and Es - REGENERATION OF SUPERFICIAL DAMAGE IN THE SCLERACTINIAN CORALS AGARCA AGARCTES F. PURPUREA AND P.pdf,include_primary,needs_digitization,literature/META_ANALYSIS_POOL/Bak and Es - REGENERATION OF SUPERFICIAL DAMAGE IN THE SCLERACTINIAN CORALS AGARCA AGARCTES F. PURPUREA AND P.pdf,META_ANALYSIS_POOL,1,1,1,META_ANALYSIS_POOL,ok,ok
dde85c3e-6c0d-4057-9a5a-116138865992,"Bak - 1983 - Neoplasia, regeneration and growth in the reef-building coral Acropora palmata.pdf",include_primary,needs_digitization,"literature/META_ANALYSIS_POOL/Bak - 1983 - Neoplasia, regeneration and growth in the reef-building coral Acropora palmata.pdf",META_ANALYSIS_POOL,1,1,1,META_ANALYSIS_POOL,ok,ok
,Barrientos-Lujan et al. - 2019 - Ecological and functional diversity of gastropods .pdf,exclude_scope,not_for_extraction,literature/EXCLUDED_FINAL/Barrientos-Lujan et al. - 2019 - Ecological and functional diversity of gastropods .pdf,EXCLUDED_FINAL,0,1,1,EXCLUDED_FINAL,ok,ok
e5029ad6-d2ad-4e7a-86eb-d54975b0d760,Barton et al. - 2017 - Coral propagation a review of techniques for ornamental trade and reef restoration.pdf,exclude_review,not_for_extraction,literature/EXCLUDED_FINAL/Barton et al. - 2017 - Coral propagation a review of techniques for ornamental trade and reef restoration.pdf,EXCLUDED_FINAL,1,1,1,EXCLUDED_FINAL,ok,ok
,Biscéré et al. - 2018 - Enhancement of coral calcification via the interpl.pdf,exclude_scope,not_for_extraction,literature/EXCLUDED_FINAL/Biscéré et al. - 2018 - Enhancement of coral calcification via the interpl.pdf,EXCLUDED_FINAL,0,1,1,EXCLUDED_FINAL,ok,ok
12939915-cb9c-4190-9682-7477eb8d2698,Bonesso et al. - 2017 - Exposure to elevated sea-surface temperatures below the bleaching threshold impairs coral recovery a.pdf,include_primary,ready_extract,literature/META_ANALYSIS_POOL/Bonesso et al. - 2017 - Exposure to elevated sea-surface temperatures below the bleaching threshold impairs coral recovery a.pdf,META_ANALYSIS_POOL,1,1,1,META_ANALYSIS_POOL,ok,ok
7b6c3c16-42d6-411f-8069-1ae430f0761d,Brown et al. - 2021 - Extended phenotypes on coral reefs cryptic phenotypes modulate coral-vermetid interactions.pdf,exclude_scope,not_for_extraction,,,1,0,0,EXCLUDED_FINAL,ok,ok
c50bc867-17ea-4393-80b1-b34f18d5fde2,Bruckner et al. - 2000 - Parrotfish predation on live coral “spot biting” and “focused biting”.pdf,exclude_scope,not_for_extraction,literature/EXCLUDED_FINAL/Bruckner et al. - 2000 - Parrotfish predation on live coral “spot biting” and “focused biting”.pdf,EXCLUDED_FINAL,1,1,1,EXCLUDED_FINAL,ok,ok
,Brush - 2024 - Ecology of Fishes and Invertebrates Inhabiting the.pdf,exclude_scope,not_for_extraction,literature/EXCLUDED_FINAL/Brush - 2024 - Ecology of Fishes and Invertebrates Inhabiting the.pdf,EXCLUDED_FINAL,0,1,1,EXCLUDED_FINAL,ok,ok
,Brush - 2025 - Assemblage structure of fishes and invertebrates i.pdf,exclude_scope,not_for_extraction,literature/EXCLUDED_FINAL/Brush - 2025 - Assemblage structure of fishes and invertebrates i.pdf,EXCLUDED_FINAL,0,1,1,EXCLUDED_FINAL,ok,ok
,Buck-Wiese et al. - 2018 - Patterns in sexual reproduction of the dominant sc.pdf,exclude_scope,not_for_extraction,literature/EXCLUDED_FINAL/Buck-Wiese et al. - 2018 - Patterns in sexual reproduction of the dominant sc.pdf,EXCLUDED_FINAL,0,1,1,EXCLUDED_FINAL,ok,ok
9616c9c9-f92f-4a43-8be4-4bd0b5875f3c,"Burmester et al. - 2017 - Temperature and symbiosis affect lesion recovery in experimentally wounded, facultatively symbiotic.pdf",include_primary,ready_extract,"literature/META_ANALYSIS_POOL/Burmester et al. - 2017 - Temperature and symbiosis affect lesion recovery in experimentally wounded, facultatively symbiotic.pdf",META_ANALYSIS_POOL,1,1,1,META_ANALYSIS_POOL,ok,ok
daec544d-cfab-46db-be2a-1d3596bc0395,Burmester et al. - 2018 - The impact of autotrophic versus heterotrophic nutritional pathways on colony health and wound recov.pdf,include_primary,needs_digitization,literature/META_ANALYSIS_POOL/Burmester et al. - 2018 - The impact of autotrophic versus heterotrophic nutritional pathways on colony health and wound recov.pdf,META_ANALYSIS_POOL,1,1,1,META_ANALYSIS_POOL,ok,ok
26babed0-9e6c-4621-9dca-9253eb39b9fb,Cameron and Edmunds - 2014 - Effects of simulated fish predation on small colonies of massive Porites spp. and Pocillopora meandr.pdf,include_primary,ready_extract,literature/META_ANALYSIS_POOL/Cameron and Edmunds - 2014 - Effects of simulated fish predation on small colonies of massive Porites spp. and Pocillopora meandr.pdf,META_ANALYSIS_POOL,1,1,1,META_ANALYSIS_POOL,ok,ok
9f7a74ab-485d-44be-88c3-28c6b4a7c491,Chadwick and Loya - 1990 - Regeneration after experimental breakage in the solitary reef coral Fungia granulosa Klunzing.pdf,include_primary,needs_digitization,literature/META_ANALYSIS_POOL/Chadwick and Loya - 1990 - Regeneration after experimental breakage in the solitary reef coral Fungia granulosa Klunzing.pdf,META_ANALYSIS_POOL,1,1,1,META_ANALYSIS_POOL,ok,ok
4e3fb9f0-e78a-40f5-abc2-01412b9ab7fb,Chong-Seng et al. - 2011 - Selective feeding by coral reef fishes on coral lesions associated with brown band and black band di.pdf,exclude_scope,not_for_extraction,literature/EXCLUDED_FINAL/Chong-Seng et al. - 2011 - Selective feeding by coral reef fishes on coral lesions associated with brown band and black band di.pdf,EXCLUDED_FINAL,1,1,1,EXCLUDED_FINAL,ok,ok
d86a557e-5735-4326-9f08-979e13c7ee6d,Comeau et al. - 2014 - Effects of irradiance on the response of the coral Acropora pulchra and the calcifying alga Hydrolit.pdf,exclude_scope,not_for_extraction,literature/EXCLUDED_FINAL/Comeau et al. - 2014 - Effects of irradiance on the response of the coral Acropora pulchra and the calcifying alga Hydrolit.pdf,EXCLUDED_FINAL,1,1,1,EXCLUDED_FINAL,ok,ok
d4f87f68-6209-4973-bf99-fac310af5656,Coral-Damsel-Wounding-Manuscript.pdf,include_primary,needs_digitization,literature/META_ANALYSIS_POOL/Coral-Damsel-Wounding-Manuscript.pdf,META_ANALYSIS_POOL,1,1,1,META_ANALYSIS_POOL,ok,ok
deff576c-ed14-48e7-884a-51d6447654a4,Coral_Regeneration_Review_Annual_Review_Marine_Science_10_31_2025.pdf,exclude_review,not_for_extraction,,,1,0,0,EXCLUDED_FINAL,ok,ok
,Counsell - 2018 - Assembly Dynamics for a Coral-Associated Reef Comm.pdf,exclude_scope,not_for_extraction,literature/EXCLUDED_FINAL/Counsell - 2018 - Assembly Dynamics for a Coral-Associated Reef Comm.pdf,EXCLUDED_FINAL,0,1,1,EXCLUDED_FINAL,ok,ok
,Counsell et al. - 2019 - Colony size and depth affect wound repair in a bra.pdf,duplicate_alias,not_for_extraction,literature/DUPLICATES/Counsell et al. - 2019 - Colony size and depth affect wound repair in a bra.pdf,DUPLICATES,0,1,1,DUPLICATES,ok,ok
ec19aed9-6875-473a-accb-914b065e6e10,Counsell et al. - 2019 - Colony size and depth affect wound repair in a branching coral.pdf,include_primary,needs_digitization,literature/META_ANALYSIS_POOL/Counsell et al. - 2019 - Colony size and depth affect wound repair in a branching coral.pdf,META_ANALYSIS_POOL,1,1,1,META_ANALYSIS_POOL,ok,ok
740435e0-2577-4691-baa4-77cc09e904e9,Cox - 2014 - Corallivory The Coral’s Point of View.pdf,exclude_review,not_for_extraction,literature/EXCLUDED_FINAL/Cox - 2014 - Corallivory The Coral’s Point of View.pdf,EXCLUDED_FINAL,1,1,1,EXCLUDED_FINAL,ok,ok
034d4e10-aee2-4964-9c77-cb6f4174bd3e,Cróquer et al. - 2002 - Environmental factors affecting tissue regeneration of the reef - building coral Montastraea annular.pdf,include_primary,needs_digitization,literature/META_ANALYSIS_POOL/Cróquer et al. - 2002 - Environmental factors affecting tissue regeneration of the reef - building coral Montastraea annular.pdf,META_ANALYSIS_POOL,1,1,1,META_ANALYSIS_POOL,ok,ok
bcc5b4a2-3f38-42ed-8309-63964483f263,Cunning et al. - 2018 - Comparative analysis of the Pocillopora damicornis genome highlights role of immune system in coral.pdf,exclude_scope,not_for_extraction,literature/EXCLUDED_FINAL/Cunning et al. - 2018 - Comparative analysis of the Pocillopora damicornis genome highlights role of immune system in coral.pdf,EXCLUDED_FINAL,1,1,1,EXCLUDED_FINAL,ok,ok
2f44d6fc-1aa4-4747-a000-1c5be042d723,D’Angelo et al. - 2012 - Locally accelerated growth is part of the innate immune response and repair mechanisms in reef-build.pdf,include_mechanism_only,not_for_extraction,literature/MECHANISMS_ONLY/D’Angelo et al. - 2012 - Locally accelerated growth is part of the innate immune response and repair mechanisms in reef-build.pdf,MECHANISMS_ONLY,1,1,1,MECHANISMS_ONLY,ok,ok
83a15da3-d64e-494a-94ee-a253c2392c96,"Da Silveira and Van’T Hof - 1977 - Regeneration in the Gorgonian Plexura Flexuosa (Cnidaria, Octocorallia).pdf",exclude_scope,not_for_extraction,"literature/EXCLUDED_FINAL/Da Silveira and Van’T Hof - 1977 - Regeneration in the Gorgonian Plexura Flexuosa (Cnidaria, Octocorallia).pdf",EXCLUDED_FINAL,1,1,1,EXCLUDED_FINAL,ok,ok
28b1e816-45f3-42fc-a2b0-0cfea52a0adc,"DeFilippo et al. - 2016 - Patterns of surface lesion recovery in the Northern Star Coral, Astrangia poculata.pdf",include_primary,needs_digitization,"literature/META_ANALYSIS_POOL/DeFilippo et al. - 2016 - Patterns of surface lesion recovery in the Northern Star Coral, Astrangia poculata.pdf",META_ANALYSIS_POOL,1,1,1,META_ANALYSIS_POOL,ok,ok
09f69156-3ca0-4bf2-98e2-fe2b25612587,Denis et al. - 2011 - Lesion regeneration capacities in populations of the massive coral Porites lutea at Réunion Island.pdf,include_primary,ready_extract,literature/META_ANALYSIS_POOL/Denis et al. - 2011 - Lesion regeneration capacities in populations of the massive coral Porites lutea at Réunion Island.pdf,META_ANALYSIS_POOL,1,1,1,META_ANALYSIS_POOL,ok,ok
4d1dfa9c-9c0b-438d-bf33-ec928b7d6696,Denis_2013_Fast_Growth_May_Impair_Regeneration_Capacity_in_th..._doi-10.1371-journal.pone.0072618.pdf,include_primary,ready_extract,literature/META_ANALYSIS_POOL/Denis et al. - 2013 - Fast Growth May Impair Regeneration Capacity in the Branching Coral Acropora muricata.pdf,META_ANALYSIS_POOL,1,1,1,META_ANALYSIS_POOL,ok,ok
3d374a40-79d3-413b-99c2-670f9da97bef,"Dias et al. - 2018 - Mortality, growth and regeneration following fragmentation of reef-forming corals under thermal stre.pdf",include_primary,needs_digitization,"literature/META_ANALYSIS_POOL/Dias et al. - 2018 - Mortality, growth and regeneration following fragmentation of reef-forming corals under thermal stre.pdf",META_ANALYSIS_POOL,1,1,1,META_ANALYSIS_POOL,ok,ok
a1481487-85d7-43d6-9260-5bdb0970ebdd,"Diaz-Pulido et al. - 2009 - Doom and Boom on a Resilient Reef Climate Change, Algal Overgrowth and Coral Recovery.pdf",exclude_scope,not_for_extraction,"literature/EXCLUDED_FINAL/Diaz-Pulido et al. - 2009 - Doom and Boom on a Resilient Reef Climate Change, Algal Overgrowth and Coral Recovery.pdf",EXCLUDED_FINAL,1,1,1,EXCLUDED_FINAL,ok,ok
,Doo et al. - 2018 - Obligate ectosymbionts increase the physiological .pdf,exclude_scope,not_for_extraction,literature/EXCLUDED_FINAL/Doo et al. - 2018 - Obligate ectosymbionts increase the physiological .pdf,EXCLUDED_FINAL,0,1,1,EXCLUDED_FINAL,ok,ok
c849a042-644e-4b4f-a530-33cfb800d9a9,E and Y - 1996 - Regeneration versus budding in fungiid corals a trade-off.pdf,include_primary,needs_digitization,literature/META_ANALYSIS_POOL/E and Y - 1996 - Regeneration versus budding in fungiid corals a trade-off.pdf,META_ANALYSIS_POOL,1,1,1,META_ANALYSIS_POOL,ok,ok
,Edmunds and Burgess - 2016 - Size-dependent physiological responses of the bran.pdf,exclude_scope,not_for_extraction,literature/EXCLUDED_FINAL/Edmunds and Burgess - 2016 - Size-dependent physiological responses of the bran.pdf,EXCLUDED_FINAL,0,1,1,EXCLUDED_FINAL,ok,ok
,Edmunds and Burgess - 2017 - Colony size and turbulent flow speed modulate the .pdf,exclude_scope,not_for_extraction,literature/EXCLUDED_FINAL/Edmunds and Burgess - 2017 - Colony size and turbulent flow speed modulate the .pdf,EXCLUDED_FINAL,0,1,1,EXCLUDED_FINAL,ok,ok
,Edmunds et al. - 2018 - Density-dependence mediates coral assemblage struc.pdf,exclude_scope,not_for_extraction,literature/EXCLUDED_FINAL/Edmunds et al. - 2018 - Density-dependence mediates coral assemblage struc.pdf,EXCLUDED_FINAL,0,1,1,EXCLUDED_FINAL,ok,ok
,Edmunds et al. - 2025 - A physiological crisis drives the coral recruitmen.pdf,exclude_scope,not_for_extraction,literature/EXCLUDED_FINAL/Edmunds et al. - 2025 - A physiological crisis drives the coral recruitmen.pdf,EXCLUDED_FINAL,0,1,1,EXCLUDED_FINAL,ok,ok
b0949a7c-520e-4a37-af04-25979598ec2d,Edmunds and Lenihan - 2010 - Effect of sub-lethal damage to juvenile colonies of massive Porites spp. under contrasting regimes o.pdf,include_primary,ready_extract,literature/META_ANALYSIS_POOL/Edmunds and Lenihan - 2010 - Effect of sub-lethal damage to juvenile colonies of massive Porites spp. under contrasting regimes o.pdf,META_ANALYSIS_POOL,1,1,1,META_ANALYSIS_POOL,ok,ok
2e3b055f-28df-4def-97aa-660ac537a95f,Edmunds and Yarid - 2017 - The effects of ocean acidification on wound repair in the coral Porites spp..pdf,include_primary,ready_extract,literature/META_ANALYSIS_POOL/Edmunds and Yarid - 2017 - The effects of ocean acidification on wound repair in the coral Porites spp..pdf,META_ANALYSIS_POOL,1,1,1,META_ANALYSIS_POOL,ok,ok
f7335f31-f560-4d42-9f0d-52fdbec8ece6,Meesters et al 1992 sedimentation and lesion position.pdf,include_primary,needs_digitization,literature/META_ANALYSIS_POOL/Meesters et al 1992 sedimentation and lesion position.pdf,META_ANALYSIS_POOL,1,1,1,META_ANALYSIS_POOL,ok,ok
348d7203-b68d-472c-89da-e3e6704b2f50,Eh and Rpm - 1995 - Age-related deterioration of a physiological function in the branching coral Acropora palmata.pdf,include_primary,ready_extract,literature/META_ANALYSIS_POOL/Eh and Rpm - 1995 - Age-related deterioration of a physiological function in the branching coral Acropora palmata.pdf,META_ANALYSIS_POOL,1,1,1,META_ANALYSIS_POOL,ok,ok
1d9e4e6d-fe25-4609-b0ac-78fdb306c80b,Eh et al. - 1997 - Predicting regeneration of physical damage on a reef-building coral by regeneration capacity and les.pdf,include_primary,ready_extract,literature/META_ANALYSIS_POOL/Eh et al. - 1997 - Predicting regeneration of physical damage on a reef-building coral by regeneration capacity and les.pdf,META_ANALYSIS_POOL,1,1,1,META_ANALYSIS_POOL,ok,ok
c6b2ff5b-0225-4b9a-92e7-8dfa6a6debeb,Enochs and Glynn - 2017 - Corallivory in the Eastern Pacific.pdf,exclude_review,not_for_extraction,literature/EXCLUDED_FINAL/Enochs and Glynn - 2017 - Corallivory in the Eastern Pacific.pdf,EXCLUDED_FINAL,1,1,1,EXCLUDED_FINAL,ok,ok
ad751939-b061-4323-9097-c1e7d2e9576f,Fine et al. - 2002 - Bleaching effect on regeneration and resource translocation in the coral Oculina patagonica.pdf,include_primary,needs_digitization,literature/META_ANALYSIS_POOL/Fine et al. - 2002 - Bleaching effect on regeneration and resource translocation in the coral Oculina patagonica.pdf,META_ANALYSIS_POOL,1,1,1,META_ANALYSIS_POOL,ok,ok
a1e7fabd-36e1-4556-804c-e6f1a9c17581,Fisher et al. - 2007 - Lesion regeneration rates in reef-building corals Montastraea spp. as indicators of colony condition.pdf,include_primary,ready_extract,literature/META_ANALYSIS_POOL/Fisher et al. - 2007 - Lesion regeneration rates in reef-building corals Montastraea spp. as indicators of colony condition.pdf,META_ANALYSIS_POOL,1,1,1,META_ANALYSIS_POOL,ok,ok
3a3fb59c-a303-49f1-aa80-21ffe7d182cf,Fong and Lirman - 1995 - Hurricanes Cause Population Expansion of the Branching Coral Acropora palmata (Scleractinia).pdf,include_primary,ready_extract,literature/META_ANALYSIS_POOL/Fong and Lirman - 1995 - Hurricanes Cause Population Expansion of the Branching Coral Acropora palmata (Scleractinia).pdf,META_ANALYSIS_POOL,1,1,1,META_ANALYSIS_POOL,ok,ok
,Fox et al. - 2019 - Trophic plasticity in a common reef-building coral.pdf,exclude_scope,not_for_extraction,literature/EXCLUDED_FINAL/Fox et al. - 2019 - Trophic plasticity in a common reef-building coral.pdf,EXCLUDED_FINAL,0,1,1,EXCLUDED_FINAL,ok,ok
d9c94f19-8bd1-4d12-b7e2-d2962add9961,Furby et al. - 2014 - Incidence of lesions on Fungiidae corals in the eastern Red Sea is related to water temperature and.pdf,exclude_scope,not_for_extraction,literature/EXCLUDED_FINAL/Furby et al. - 2014 - Incidence of lesions on Fungiidae corals in the eastern Red Sea is related to water temperature and.pdf,EXCLUDED_FINAL,1,1,1,EXCLUDED_FINAL,ok,ok
,Gardner et al. - 2019 - Coral microbiome diversity reflects mass coral ble.pdf,exclude_scope,not_for_extraction,literature/EXCLUDED_FINAL/Gardner et al. - 2019 - Coral microbiome diversity reflects mass coral ble.pdf,EXCLUDED_FINAL,0,1,1,EXCLUDED_FINAL,ok,ok
,Glynn et al. - 2025 - The role of holobiont composition and environmenta.pdf,exclude_scope,not_for_extraction,literature/EXCLUDED_FINAL/Glynn et al. - 2025 - The role of holobiont composition and environmenta.pdf,EXCLUDED_FINAL,0,1,1,EXCLUDED_FINAL,ok,ok
6a14a9e9-da4e-425f-bf9d-59fa573487e1,"Guzmán et al. - 1994 - Injury, regeneration and growth of Caribbean reef corals after a major oil spill in Panama.pdf",include_primary,ready_extract,"literature/META_ANALYSIS_POOL/Guzmán et al. - 1994 - Injury, regeneration and growth of Caribbean reef corals after a major oil spill in Panama.pdf",META_ANALYSIS_POOL,1,1,1,META_ANALYSIS_POOL,ok,ok
e2191f69-a271-4c74-be4c-ebe977248362,Hall - 1997 - Interspecific differences in the regeneration of artificial injuries on scleractinian corals.pdf,include_primary,needs_digitization,literature/META_ANALYSIS_POOL/Hall - 1997 - Interspecific differences in the regeneration of artificial injuries on scleractinian corals.pdf,META_ANALYSIS_POOL,1,1,1,META_ANALYSIS_POOL,ok,ok
b9536b7f-eb24-428a-8a9f-9750a74faa1f,Hall - 2001 - The response of Acropora hyacinthus and Montipora tuberculosa to three different types of colony dam.pdf,include_primary,needs_digitization,literature/META_ANALYSIS_POOL/Hall - 2001 - The response of Acropora hyacinthus and Montipora tuberculosa to three different types of colony dam.pdf,META_ANALYSIS_POOL,1,1,1,META_ANALYSIS_POOL,ok,ok
33b7b9b2-9041-454b-bba3-abfadd68029f,Hall et al. - 2015 - Lesion recovery of two scleractinian corals under low pH conditions Implications for restoration ef.pdf,include_primary,needs_digitization,literature/META_ANALYSIS_POOL/Hall et al. - 2015 - Lesion recovery of two scleractinian corals under low pH conditions Implications for restoration ef.pdf,META_ANALYSIS_POOL,1,1,1,META_ANALYSIS_POOL,ok,ok
2b8676ad-34ad-450c-8649-095d5be68458,Hall_Injury_and_regeneration_of_common_reef-crest_corals.pdf,include_primary,needs_digitization,literature/META_ANALYSIS_POOL/INJURY AND REGENERATION OF COMMON REEF-CREST CORALS.pdf,META_ANALYSIS_POOL,1,1,1,META_ANALYSIS_POOL,ok,ok
58b15640-3061-4ea9-a606-877701eef38c,"Hamman - 2019 - Spatial distribution of damage affects the healing, growth, and morphology of coral.pdf",include_primary,needs_digitization,"literature/META_ANALYSIS_POOL/Hamman - 2019 - Spatial distribution of damage affects the healing, growth, and morphology of coral.pdf",META_ANALYSIS_POOL,1,1,1,META_ANALYSIS_POOL,ok,ok
da92c7b5-90a6-48e9-a3d2-259a6f48a6ad,Han et al. - 2025 - In-depth single-cell transcriptomic exploration of the regenerative dynamics in stony coral.pdf,include_mechanism_only,not_for_extraction,literature/MECHANISMS_ONLY/Han et al. - 2025 - In-depth single-cell transcriptomic exploration of the regenerative dynamics in stony coral.pdf,MECHANISMS_ONLY,1,1,1,MECHANISMS_ONLY,ok,ok
cb1f9bbe-6aa5-4797-9d01-731edf7e49f6,Henry and Hart - 2005 - Regeneration from Injury and Resource Allocation in Sponges and Corals - a Review.pdf,exclude_review,not_for_extraction,literature/EXCLUDED_FINAL/Henry and Hart - 2005 - Regeneration from Injury and Resource Allocation in Sponges and Corals - a Review.pdf,EXCLUDED_FINAL,1,1,1,EXCLUDED_FINAL,ok,ok
,Honeycutt et al. - 2023 - Farmerfish gardens help buffer stony corals agains.pdf,exclude_scope,not_for_extraction,literature/EXCLUDED_FINAL/Honeycutt et al. - 2023 - Farmerfish gardens help buffer stony corals agains.pdf,EXCLUDED_FINAL,0,1,1,EXCLUDED_FINAL,ok,ok
65ccf3b6-92c0-416b-93ba-1cfd827b1ba1,Horricks et al. - 2019 - Differential protein abundance during the first month of regeneration of the Caribbean star coral Mo.pdf,include_primary,ready_extract,literature/META_ANALYSIS_POOL/Horricks et al. - 2019 - Differential protein abundance during the first month of regeneration of the Caribbean star coral Mo.pdf,META_ANALYSIS_POOL,1,1,1,META_ANALYSIS_POOL,ok,ok
5f4a560f-1449-4b1d-96ad-236a0da5fcb7,Horwitz and Fine - 2014 - High CO2 detrimentally affects tissue regeneration of Red Sea corals.pdf,include_primary,needs_digitization,literature/META_ANALYSIS_POOL/Horwitz and Fine - 2014 - High CO2 detrimentally affects tissue regeneration of Red Sea corals.pdf,META_ANALYSIS_POOL,1,1,1,META_ANALYSIS_POOL,ok,ok
,INJURY AND REGENERATION OF COMMON REEF-CREST CORALS.pdf,duplicate_alias,not_for_extraction,,DUPLICATES,0,0,0,DUPLICATES,ok,ok
586216bb-828d-498e-b006-03caade92e8c,Jayewardene and Birkeland - 2006 - Fish predation on Hawaiian corals.pdf,exclude_scope,not_for_extraction,literature/EXCLUDED_FINAL/Jayewardene and Birkeland - 2006 - Fish predation on Hawaiian corals.pdf,EXCLUDED_FINAL,1,1,1,EXCLUDED_FINAL,ok,ok
45fcfd8e-a2d2-4345-aec0-baeb03f883a4,Jayewardene et al. - 2009 - Effects of frequent fish predation on corals in Hawaii.pdf,include_primary,needs_digitization,literature/META_ANALYSIS_POOL/Jayewardene et al. - 2009 - Effects of frequent fish predation on corals in Hawaii.pdf,META_ANALYSIS_POOL,1,1,1,META_ANALYSIS_POOL,ok,ok
4cc9b30b-9ed8-4123-82aa-2f182db391b7,Jayewardene - 2010 - Experimental determination of the cost of lesion healing on Porites compressa growth.pdf,include_primary,needs_digitization,literature/META_ANALYSIS_POOL/Jayewardene - 2010 - Experimental determination of the cost of lesion healing on Porites compressa growth.pdf,META_ANALYSIS_POOL,1,1,1,META_ANALYSIS_POOL,ok,ok
25b69d4e-602d-40e8-93a0-17ae973a2af5,Jones and Barott - 2025 - Evidence of rare occurrences of the Phoenix effect in the Hawaiian corals Porites compressa a.pdf,exclude_scope,not_for_extraction,literature/EXCLUDED_FINAL/Jones and Barott - 2025 - Evidence of rare occurrences of the Phoenix effect in the Hawaiian corals Porites compressa a.pdf,EXCLUDED_FINAL,1,1,1,EXCLUDED_FINAL,ok,ok
acf00158-0890-4388-9a0e-da9194664ef6,Kaufman et al. - 2021 - Thermal history influences lesion recovery of the threatened Caribbean staghorn coral Acropora cervi.pdf,include_primary,needs_digitization,literature/META_ANALYSIS_POOL/Kaufman et al. - 2021 - Thermal history influences lesion recovery of the threatened Caribbean staghorn coral Acropora cervi.pdf,META_ANALYSIS_POOL,1,1,1,META_ANALYSIS_POOL,ok,ok
bc157775-6a45-4c5c-a760-6d3550b31229,Kersting and Linares - 2019 - Living evidence of a fossil survival strategy raises hope for warming-affected corals.pdf,exclude_scope,not_for_extraction,literature/EXCLUDED_FINAL/Kersting and Linares - 2019 - Living evidence of a fossil survival strategy raises hope for warming-affected corals.pdf,EXCLUDED_FINAL,1,1,1,EXCLUDED_FINAL,ok,ok
716978e8-7256-4c47-9ccf-35ff6c3ed3cc,Kokita and Nakazono - 2001 - Rapid response of an obligately corallivorous filefish Oxymonacanthus longirostris (Monacanthidae) t.pdf,exclude_scope,not_for_extraction,literature/EXCLUDED_FINAL/Kokita and Nakazono - 2001 - Rapid response of an obligately corallivorous filefish Oxymonacanthus longirostris (Monacanthidae) t.pdf,EXCLUDED_FINAL,1,1,1,EXCLUDED_FINAL,ok,ok
,Kordas et al. - 2011 - Community ecology in a warming world The influence of temperature on interspecific interactions in.pdf,exclude_review,not_for_extraction,literature/EXCLUDED_FINAL/Kordas et al. - 2011 - Community ecology in a warming world The influence of temperature on interspecific interactions in.pdf,EXCLUDED_FINAL,0,1,1,EXCLUDED_FINAL,ok,ok
04e10b24-592e-4cf3-8f94-226c7904262d,Kramarsky-Winter and Loya - 2000 - Tissue regeneration in the coral Fungia granulosa  the effect of extrinsic and intrinsic factors.pdf,include_primary,needs_digitization,literature/META_ANALYSIS_POOL/Kramarsky-Winter and Loya - 2000 - Tissue regeneration in the coral Fungia granulosa  the effect of extrinsic and intrinsic factors.pdf,META_ANALYSIS_POOL,1,1,1,META_ANALYSIS_POOL,ok,ok
40359446-8345-4a72-8169-af86ad3de9d6,Lenihan and Edmunds - 2010 - Response of Pocillopora verrucosa to corallivory varies with environmental conditions.pdf,include_primary,needs_digitization,literature/META_ANALYSIS_POOL/Lenihan and Edmunds - 2010 - Response of Pocillopora verrucosa to corallivory varies with environmental conditions.pdf,META_ANALYSIS_POOL,1,1,1,META_ANALYSIS_POOL,ok,ok
a67392b0-7a7e-43ad-917d-94febf750c1a,Lenihan et al. - 2015 - Hydrodynamics influence coral performance through simultaneous direct and indirect effects.pdf,include_primary,needs_digitization,literature/META_ANALYSIS_POOL/Lenihan et al. - 2015 - Hydrodynamics influence coral performance through simultaneous direct and indirect effects.pdf,META_ANALYSIS_POOL,1,1,1,META_ANALYSIS_POOL,ok,ok
cf0dfa52-c9e6-4d7f-9ae1-5970162a807f,Lester and Bak - 1985 - Effects of environment on regeneration rate of tissue lesions in the reef coral Montastrea annularis.pdf,include_primary,ready_extract,literature/META_ANALYSIS_POOL/Lester and Bak - 1985 - Effects of environment on regeneration rate of tissue lesions in the reef coral Montastrea annularis.pdf,META_ANALYSIS_POOL,1,1,1,META_ANALYSIS_POOL,ok,ok
f4fefc50-aaa5-4724-8463-16f6f62dcb9f,Leuzinger et al. - 2012 - Energy allocation in a reef coral under varying resource availability.pdf,exclude_scope,not_for_extraction,literature/EXCLUDED_FINAL/Leuzinger et al. - 2012 - Energy allocation in a reef coral under varying resource availability.pdf,EXCLUDED_FINAL,1,1,1,EXCLUDED_FINAL,ok,ok
bbeda1b0-0f29-4d5b-aca5-7a930eb1be76,Levanoni - 2021 - Coral Tissue Growth and Regeneration Conjoin the Advent of Adult Stem Cell-Like Cells.pdf,include_mechanism_only,not_for_extraction,literature/MECHANISMS_ONLY/Levanoni - 2021 - Coral Tissue Growth and Regeneration Conjoin the Advent of Adult Stem Cell-Like Cells.pdf,MECHANISMS_ONLY,1,1,1,MECHANISMS_ONLY,ok,ok
bf7c803e-e2d9-4ba0-9d47-d645896f4be4,Levanoni et al. - 2024 - Coral Tissue Regeneration and Growth Is Associated with the Presence of Stem-like Cells.pdf,include_mechanism_only,not_for_extraction,literature/MECHANISMS_ONLY/Levanoni et al. - 2024 - Coral Tissue Regeneration and Growth Is Associated with the Presence of Stem-like Cells.pdf,MECHANISMS_ONLY,1,1,1,MECHANISMS_ONLY,ok,ok
e1fe67b6-7beb-43ff-bb09-b0b2262e6d05,"Lirman - 2000 - Fragmentation in the branching coral Acropora palmata (Lamarck) growth, survivorship, and reproduct.pdf",include_primary,ready_extract,"literature/META_ANALYSIS_POOL/Lirman - 2000 - Fragmentation in the branching coral Acropora palmata (Lamarck) growth, survivorship, and reproduct.pdf",META_ANALYSIS_POOL,1,1,1,META_ANALYSIS_POOL,ok,ok
3764e810-0eb0-4d34-baca-2c5136c95bc8,"Lirman - 2000 - Lesion regeneration in the branching coral Acropora palmata effects of colonization, colony size, l.pdf",include_primary,ready_extract,"literature/META_ANALYSIS_POOL/Lirman - 2000 - Lesion regeneration in the branching coral Acropora palmata effects of colonization, colony size, l.pdf",META_ANALYSIS_POOL,1,1,1,META_ANALYSIS_POOL,ok,ok
d110a8f5-278e-4ba7-a502-32eb61aed5cb,Lirman et al. - 2010 - Propagation of the threatened staghorn coral Acropora cervicornis methods to minimize the impacts o.pdf,include_primary,needs_digitization,literature/META_ANALYSIS_POOL/Lirman et al. - 2010 - Propagation of the threatened staghorn coral Acropora cervicornis methods to minimize the impacts o.pdf,META_ANALYSIS_POOL,1,1,1,META_ANALYSIS_POOL,ok,ok
,Lock et al. - 2022 - Calcium homeostasis disruption initiates rapid growth after micro-fragmentation in the scleractinian.pdf,duplicate_alias,not_for_extraction,literature/DUPLICATES/Lock et al. - 2022 - Calcium homeostasis disruption initiates rapid growth after micro-fragmentation in the scleractinian.pdf,DUPLICATES,0,1,1,DUPLICATES,ok,ok
3077a17c-6c27-4f2e-9b9c-6efea0b17328,Lock et al. - 2022 - Calcium homeostasis disruption initiates rapid growth after micro‐fragmentation in the scleractinian.pdf,include_mechanism_only,not_for_extraction,literature/MECHANISMS_ONLY/Lock et al. - 2022 - Calcium homeostasis disruption initiates rapid growth after micro‐fragmentation in the scleractinian.pdf,MECHANISMS_ONLY,1,1,1,MECHANISMS_ONLY,ok,ok
d3d8c44a-eb30-458a-9f59-d93894d9305b,"Lock - Quantifying physiological responses to physical injury in Porites lobata, using a transcriptomic app.pdf",duplicate_alias,not_for_extraction,"literature/DUPLICATES/Lock - Quantifying physiological responses to physical injury in Porites lobata, using a transcriptomic app.pdf",DUPLICATES,1,1,1,DUPLICATES,ok,ok
070cf5f2-ae03-4d99-8e1b-7e07f8428803,Loya - 1976 - Skeletal regeneration in a Red Sea scleractinian coral population.pdf,include_primary,needs_digitization,literature/META_ANALYSIS_POOL/Loya - 1976 - Skeletal regeneration in a Red Sea scleractinian coral population.pdf,META_ANALYSIS_POOL,1,1,1,META_ANALYSIS_POOL,ok,ok
9189fc2a-add9-4066-aebe-ad7bfaa7973b,Luz et al. - 2018 - A polyp from nothing The extreme regeneration capacity of the Atlantic invasive sun corals Tubastra.pdf,exclude_scope,not_for_extraction,literature/EXCLUDED_FINAL/Luz et al. - 2018 - A polyp from nothing The extreme regeneration capacity of the Atlantic invasive sun corals Tubastra.pdf,EXCLUDED_FINAL,1,1,1,EXCLUDED_FINAL,ok,ok
6627c0f6-ee21-4eef-9651-e3312a7695dc,"Luz et al. - 2021 - High regenerative capacity is a general feature within colonial dendrophylliid corals (Anthozoa, Scl.pdf",exclude_scope,not_for_extraction,"literature/EXCLUDED_FINAL/Luz et al. - 2021 - High regenerative capacity is a general feature within colonial dendrophylliid corals (Anthozoa, Scl.pdf",EXCLUDED_FINAL,1,1,1,EXCLUDED_FINAL,ok,ok
66c25dd3-3ef3-4d36-9930-e9b3e852913d,Madeira et al. - 2022 - Does Predation Exacerbate the Risk of Endosymbiont Loss in Heat Stressed Hermatypic Corals Molecula.pdf,include_mechanism_only,not_for_extraction,literature/MECHANISMS_ONLY/Madeira et al. - 2022 - Does Predation Exacerbate the Risk of Endosymbiont Loss in Heat Stressed Hermatypic Corals Molecula.pdf,MECHANISMS_ONLY,1,1,1,MECHANISMS_ONLY,ok,ok
9a245adb-106c-490c-947c-09299931b851,Maher et al. - 2019 - Multiple stressors interact primarily through antagonism to drive changes in the coral microbiome.pdf,include_mechanism_only,not_for_extraction,literature/MECHANISMS_ONLY/Maher et al. - 2019 - Multiple stressors interact primarily through antagonism to drive changes in the coral microbiome.pdf,MECHANISMS_ONLY,1,1,1,MECHANISMS_ONLY,ok,ok
,Mass et al. - 2016 - Temporal and spatial expression patterns of biomin.pdf,exclude_scope,not_for_extraction,literature/EXCLUDED_FINAL/Mass et al. - 2016 - Temporal and spatial expression patterns of biomin.pdf,EXCLUDED_FINAL,0,1,1,EXCLUDED_FINAL,ok,ok
6b96575e-9bf7-46f2-a12e-73b565f46629,Meesters and Bak - 1993 - Effects of coral bleaching on tissue regeneration potential and colony survival.pdf,include_primary,ready_extract,literature/META_ANALYSIS_POOL/Meesters and Bak - 1993 - Effects of coral bleaching on tissue regeneration potential and colony survival.pdf,META_ANALYSIS_POOL,1,1,1,META_ANALYSIS_POOL,ok,ok
c84ce087-58f5-4e19-a373-34f57299f6d0,Meesters et al. - 1994 - Damage and regeneration links to growth in the reef-building coral Montastrea annularis.pdf,include_primary,needs_digitization,literature/META_ANALYSIS_POOL/Meesters et al. - 1994 - Damage and regeneration links to growth in the reef-building coral Montastrea annularis.pdf,META_ANALYSIS_POOL,1,1,1,META_ANALYSIS_POOL,ok,ok
398d01aa-1e0e-4c46-9989-8490ca8748d5,Meesters et al. - 1996 - Partial Mortality in Three Species of Reef-Building Corals and the Relation with Colony Morphology.pdf,include_primary,needs_digitization,literature/META_ANALYSIS_POOL/Meesters et al. - 1996 - Partial Mortality in Three Species of Reef-Building Corals and the Relation with Colony Morphology.pdf,META_ANALYSIS_POOL,1,1,1,META_ANALYSIS_POOL,ok,ok
e957b976-8e47-418c-be44-723926e87225,"Meszaros and Bigger - 1999 - Qualitative and Quantitative Study of Wound Healing Processes in the Coelenterate,Plexaurella fusife.pdf",exclude_scope,not_for_extraction,"literature/EXCLUDED_FINAL/Meszaros and Bigger - 1999 - Qualitative and Quantitative Study of Wound Healing Processes in the Coelenterate,Plexaurella fusife.pdf",EXCLUDED_FINAL,1,1,1,EXCLUDED_FINAL,ok,ok
f46ad039-b2d6-4a0a-860d-98cf61f2a7de,Miller and Hay - 1998 - Effects of fish predation and seaweed competition on the survival and growth of corals.pdf,include_primary,needs_digitization,literature/META_ANALYSIS_POOL/Miller and Hay - 1998 - Effects of fish predation and seaweed competition on the survival and growth of corals.pdf,META_ANALYSIS_POOL,1,1,1,META_ANALYSIS_POOL,ok,ok
d09112aa-142c-46bf-bddf-1e2fd6d45003,Moses and Hallock - 2015 - Coral Regeneration Assay.pdf,exclude_review,not_for_extraction,literature/EXCLUDED_FINAL/Moses and Hallock - 2015 - Coral Regeneration Assay.pdf,EXCLUDED_FINAL,1,1,1,EXCLUDED_FINAL,ok,ok
c9a7e412-6f2f-4baf-9cde-29e23e6aeeb0,Barbara - Host and Symbiont Physiology During Wound Regeneration in Acropora pulchra Under.pdf,include_primary,ready_extract,literature/META_ANALYSIS_POOL/Barbara - Host and Symbiont Physiology During Wound Regeneration in Acropora pulchra Under.pdf,META_ANALYSIS_POOL,1,1,1,META_ANALYSIS_POOL,ok,ok
8c205a55-4093-46c5-a7c2-e356c8bf6a7c,Nagelkerken and Bak - 1998 - Differential regeneration of artificial lesions among sympatric morphs of the Caribbean corals Porit.pdf,include_primary,needs_digitization,literature/META_ANALYSIS_POOL/Nagelkerken and Bak - 1998 - Differential regeneration of artificial lesions among sympatric morphs of the Caribbean corals Porit.pdf,META_ANALYSIS_POOL,1,1,1,META_ANALYSIS_POOL,ok,ok
b2eaa7a6-c475-4f8e-bec2-2a52585da7c3,Nagelkerken et al. - 1999 - Depth-related variation in regeneration of artificial lesions in the Caribbean corals Porites ast.pdf,include_primary,needs_digitization,literature/META_ANALYSIS_POOL/Nagelkerken et al. - 1999 - Depth-related variation in regeneration of artificial lesions in the Caribbean corals Porites ast.pdf,META_ANALYSIS_POOL,1,1,1,META_ANALYSIS_POOL,ok,ok
9f560a14-a39a-4d71-8d68-9c14a4001c75,Nicolet et al. - 2018 - Predation scars may influence host susceptibility to pathogens evaluating the role of corallivores.pdf,include_primary,needs_digitization,literature/META_ANALYSIS_POOL/Nicolet et al. - 2018 - Predation scars may influence host susceptibility to pathogens evaluating the role of corallivores.pdf,META_ANALYSIS_POOL,1,1,1,META_ANALYSIS_POOL,ok,ok
d17e3c0b-32a1-4c10-94fa-7558d22f726e,Okubo - 2008 - Size-independent investment allocation to regeneration and growth of the branching coral Acropora mu.pdf,include_primary,needs_digitization,literature/META_ANALYSIS_POOL/Okubo - 2008 - Size-independent investment allocation to regeneration and growth of the branching coral Acropora mu.pdf,META_ANALYSIS_POOL,1,1,1,META_ANALYSIS_POOL,ok,ok
84a7b2a4-6982-4dce-a39a-2d4f07d0176b,Oren et al. - 1997 - Effect of lesion size and shape on regeneration of the Red Sea coral Favia favus.pdf,include_primary,needs_digitization,literature/META_ANALYSIS_POOL/Oren et al. - 1997 - Effect of lesion size and shape on regeneration of the Red Sea coral Favia favus.pdf,META_ANALYSIS_POOL,1,1,1,META_ANALYSIS_POOL,ok,ok
86b70912-c65a-4dfd-8cdc-211d14ecd270,Oren et al. - 1997 - Oriented intra-colonial transport of 14C labeled materials during coral regeneration.pdf,include_mechanism_only,not_for_extraction,literature/MECHANISMS_ONLY/Oren et al. - 1997 - Oriented intra-colonial transport of 14C labeled materials during coral regeneration.pdf,MECHANISMS_ONLY,1,1,1,MECHANISMS_ONLY,ok,ok
dde2eb4e-630f-4dd2-a809-c749772d9523,"Oren et al. - 1998 - Prudent sessile feeding by the corallivore snail, Coralliophila violacea on coral energy sinks.pdf",include_mechanism_only,not_for_extraction,"literature/MECHANISMS_ONLY/Oren et al. - 1998 - Prudent sessile feeding by the corallivore snail, Coralliophila violacea on coral energy sinks.pdf",MECHANISMS_ONLY,1,1,1,MECHANISMS_ONLY,ok,ok
a3b88246-eb7f-49ed-a997-67c6d36e9413,Oren et al. - 2001 - Colony Integration during Regeneration in the Stony Coral Favia favus.pdf,include_primary,needs_digitization,literature/META_ANALYSIS_POOL/Oren et al. - 2001 - Colony Integration during Regeneration in the Stony Coral Favia favus.pdf,META_ANALYSIS_POOL,1,1,1,META_ANALYSIS_POOL,ok,ok
d7f996dc-c00b-423c-b424-965cd78f9d1b,Page and Willis - 2008 - Epidemiology of skeletal eroding band on the Great Barrier Reef and the role of injury in the initia.pdf,include_primary,needs_digitization,literature/META_ANALYSIS_POOL/Page and Willis - 2008 - Epidemiology of skeletal eroding band on the Great Barrier Reef and the role of injury in the initia.pdf,META_ANALYSIS_POOL,1,1,1,META_ANALYSIS_POOL,ok,ok
,Palacio-Castro et al. - 2023 - Increased dominance of heat-tolerant symbionts cre.pdf,exclude_scope,not_for_extraction,literature/EXCLUDED_FINAL/Palacio-Castro et al. - 2023 - Increased dominance of heat-tolerant symbionts cre.pdf,EXCLUDED_FINAL,0,1,1,EXCLUDED_FINAL,ok,ok
3f852e08-6b2f-488b-9351-0f78b2ba41a5,Palacios et al. - 2014 - Fish corallivory on a pocilloporid reef and experimental coral responses to predation.pdf,include_primary,needs_digitization,literature/META_ANALYSIS_POOL/Palacios et al. - 2014 - Fish corallivory on a pocilloporid reef and experimental coral responses to predation.pdf,META_ANALYSIS_POOL,1,1,1,META_ANALYSIS_POOL,ok,ok
2e735d26-55d4-4833-a8a9-56496e2d0d3c,Palmer et al. - 2011 - Corals Use Similar Immune Cells and Wound-Healing Processes as Those of Higher Organisms.pdf,include_mechanism_only,not_for_extraction,literature/MECHANISMS_ONLY/Palmer et al. - 2011 - Corals Use Similar Immune Cells and Wound-Healing Processes as Those of Higher Organisms.pdf,MECHANISMS_ONLY,1,1,1,MECHANISMS_ONLY,ok,ok
b2fc2ce3-e11e-4453-a3be-0df3d15d5454,Paradis et al. - 2019 - Compound effects of thermal stress and tissue abrasion on photosynthesis and respiration in the reef.pdf,include_mechanism_only,not_for_extraction,literature/MECHANISMS_ONLY/Paradis et al. - 2019 - Compound effects of thermal stress and tissue abrasion on photosynthesis and respiration in the reef.pdf,MECHANISMS_ONLY,1,1,1,MECHANISMS_ONLY,ok,ok
2eab453f-4b4d-4f55-9502-32cb410dbaad,Pavia Jr and Estacion - 2019 - Survival and Growth of Isolated Polyps of Galaxea fascicularis (Linnaeus 1767) on Six Kinds of Cultu.pdf,exclude_scope,not_for_extraction,literature/EXCLUDED_FINAL/Pavia Jr and Estacion - 2019 - Survival and Growth of Isolated Polyps of Galaxea fascicularis (Linnaeus 1767) on Six Kinds of Cultu.pdf,EXCLUDED_FINAL,1,1,1,EXCLUDED_FINAL,ok,ok
6f750c49-3261-482c-ade2-373835f7cf40,Paz-García - 2006 - Temporal variation in the regeneration rate of artificial lesions in two morphotypes of Porites pana.pdf,include_primary,needs_digitization,literature/META_ANALYSIS_POOL/Paz-García - 2006 - Temporal variation in the regeneration rate of artificial lesions in two morphotypes of Porites pana.pdf,META_ANALYSIS_POOL,1,1,1,META_ANALYSIS_POOL,ok,ok
df211e9f-33ed-4631-b952-6d5cf48724c8,Pisapia et al. - 2016 - Temporal consistency in background mortality of four dominant coral taxa along Australia’s Great Bar.pdf,exclude_scope,not_for_extraction,literature/EXCLUDED_FINAL/Pisapia et al. - 2016 - Temporal consistency in background mortality of four dominant coral taxa along Australia’s Great Bar.pdf,EXCLUDED_FINAL,1,1,1,EXCLUDED_FINAL,ok,ok
,Pogoreutz et al. - 2017 - Sugar enrichment provides evidence for a role of n.pdf,exclude_scope,not_for_extraction,literature/EXCLUDED_FINAL/Pogoreutz et al. - 2017 - Sugar enrichment provides evidence for a role of n.pdf,EXCLUDED_FINAL,0,1,1,EXCLUDED_FINAL,ok,ok
,Putnam and Gates - 2015 - Preconditioning in the reef-building coral Pocillo.pdf,exclude_scope,not_for_extraction,literature/EXCLUDED_FINAL/Putnam and Gates - 2015 - Preconditioning in the reef-building coral Pocillo.pdf,EXCLUDED_FINAL,0,1,1,EXCLUDED_FINAL,ok,ok
f03ad219-9305-4be5-87b2-05d117103745,Rapuano et al. - 2023 - Coming of age Annual onset of coral reproduction is determined by age rather than size.pdf,exclude_scope,not_for_extraction,literature/EXCLUDED_FINAL/Rapuano et al. - 2023 - Coming of age Annual onset of coral reproduction is determined by age rather than size.pdf,EXCLUDED_FINAL,1,1,1,EXCLUDED_FINAL,ok,ok
06ab1757-8fe9-4325-96ed-6f3106b325e4,Raymundo et al. - 2016 - Effects of Coralliophila violacea on tissue loss in the scleractinian corals Porites spp. depend on.pdf,include_primary,needs_digitization,literature/META_ANALYSIS_POOL/Raymundo et al. - 2016 - Effects of Coralliophila violacea on tissue loss in the scleractinian corals Porites spp. depend on.pdf,META_ANALYSIS_POOL,1,1,1,META_ANALYSIS_POOL,ok,ok
3c3ec990-34c7-4bdb-bb49-e8d31bf6c201,Renegar et al. - Coral Ultrastructural Response to Elevated pCO2 and Nutrients During Tissue Repair and Regeneration.pdf,include_mechanism_only,not_for_extraction,literature/MECHANISMS_ONLY/Renegar et al. - Coral Ultrastructural Response to Elevated pCO2 and Nutrients During Tissue Repair and Regeneration.pdf,MECHANISMS_ONLY,1,1,1,MECHANISMS_ONLY,ok,ok
6587b0e6-d462-492e-b2aa-177f3d11247d,Renegar - 2015 - Histology and ultrastructure of Montastraea cavernosa  and Porites astreoides during regeneration an.pdf,include_mechanism_only,not_for_extraction,literature/MECHANISMS_ONLY/Renegar - 2015 - Histology and ultrastructure of Montastraea cavernosa  and Porites astreoides during regeneration an.pdf,MECHANISMS_ONLY,1,1,1,MECHANISMS_ONLY,ok,ok
0ccdd954-1740-44d7-a2c6-6280125057b5,Rice et al. - 2019 - Different nitrogen sources speed recovery from corallivory and uniquely alter the microbiome of a re.pdf,include_primary,needs_digitization,literature/META_ANALYSIS_POOL/Rice et al. - 2019 - Different nitrogen sources speed recovery from corallivory and uniquely alter the microbiome of a re.pdf,META_ANALYSIS_POOL,1,1,1,META_ANALYSIS_POOL,ok,ok
002a60bc-55c8-4fdb-860a-1169fc99b2a8,Rice et al. - 2021 - Complex interactions with nutrients and sediment a.pdf,include_primary,needs_digitization,literature/META_ANALYSIS_POOL/Rice et al. - 2021 - Complex interactions with nutrients and sediment a.pdf,META_ANALYSIS_POOL,1,1,1,META_ANALYSIS_POOL,ok,ok
c7986629-6d1d-454e-891d-dbd1b6664310,Rinkevich - 1996 - Do reproduction and regeneration in damaged corals compete for energy allocation.pdf,include_mechanism_only,not_for_extraction,literature/MECHANISMS_ONLY/Rinkevich - 1996 - Do reproduction and regeneration in damaged corals compete for energy allocation.pdf,MECHANISMS_ONLY,1,1,1,MECHANISMS_ONLY,ok,ok
e2690aff-5a20-4205-9f93-4c0f46c8d749,Rodríguez-Villalobos et al. - 2016 - Wound repair in Pocillopora.pdf,include_mechanism_only,not_for_extraction,literature/MECHANISMS_ONLY/Rodríguez-Villalobos et al. - 2016 - Wound repair in Pocillopora.pdf,MECHANISMS_ONLY,1,1,1,MECHANISMS_ONLY,ok,ok
,Rodríguez-Villalobos et al. - 2015 - Explained and unexplained tissue loss in corals fr.pdf,exclude_scope,not_for_extraction,literature/EXCLUDED_FINAL/Rodríguez-Villalobos et al. - 2015 - Explained and unexplained tissue loss in corals fr.pdf,EXCLUDED_FINAL,0,1,1,EXCLUDED_FINAL,ok,ok
0fef76ae-f8a7-4598-a71e-60277ed13b79,Roff et al. - 2014 - Porites and the Phoenix effect unprecedented recovery after a mass coral bleaching event at Rangiro.pdf,exclude_scope,not_for_extraction,literature/EXCLUDED_FINAL/Roff et al. - 2014 - Porites and the Phoenix effect unprecedented recovery after a mass coral bleaching event at Rangiro.pdf,EXCLUDED_FINAL,1,1,1,EXCLUDED_FINAL,ok,ok
33d2bc0d-ec51-4225-a216-bf74b34fa89d,Rotjan et al. - 2006 - Chronic parrotfish grazing impedes coral recovery after bleaching.pdf,include_primary,needs_digitization,literature/META_ANALYSIS_POOL/Rotjan et al. - 2006 - Chronic parrotfish grazing impedes coral recovery after bleaching.pdf,META_ANALYSIS_POOL,1,1,1,META_ANALYSIS_POOL,ok,ok
fe532d7a-f878-4a85-962a-7de43d06a80c,Rotjan and Lewis - 2009 - Predators selectively graze reproductive structures in a clonal marine organism.pdf,include_primary,ready_extract,literature/META_ANALYSIS_POOL/Rotjan and Lewis - 2009 - Predators selectively graze reproductive structures in a clonal marine organism.pdf,META_ANALYSIS_POOL,1,1,1,META_ANALYSIS_POOL,ok,ok
6da70b1c-7428-4a76-904c-b69d981f2824,Sabine et al. - 2015 - Environmental conditions influence tissue regeneration rates in scleractinian corals.pdf,include_primary,needs_digitization,literature/META_ANALYSIS_POOL/Sabine et al. - 2015 - Environmental conditions influence tissue regeneration rates in scleractinian corals.pdf,META_ANALYSIS_POOL,1,1,1,META_ANALYSIS_POOL,ok,ok
,Samsuri et al. - 2018 - The effectiveness of Trapezia cymodoce in defendin.pdf,exclude_scope,not_for_extraction,literature/EXCLUDED_FINAL/Samsuri et al. - 2018 - The effectiveness of Trapezia cymodoce in defendin.pdf,EXCLUDED_FINAL,0,1,1,EXCLUDED_FINAL,ok,ok
2059b598-335f-4890-8512-6e1f86fed557,Sani et al. - 2024 - Ocean warming and acidification detrimentally affect coral tissue regeneration at a Mediterranean CO.pdf,include_primary,needs_digitization,literature/META_ANALYSIS_POOL/Sani et al. - 2024 - Ocean warming and acidification detrimentally affect coral tissue regeneration at a Mediterranean CO.pdf,META_ANALYSIS_POOL,1,1,1,META_ANALYSIS_POOL,ok,ok
8a06a65f-c6b4-427b-8157-52dd6f988da2,Sani et al. - 2024 - Ocean warming and acidification detrimentally affect coral tissue regeneration at a Mediterranean CO.pdf,duplicate_alias,not_for_extraction,,DUPLICATES,1,0,0,DUPLICATES,ok,ok
,Shantz et al. - 2023 - Positive interactions between corals and damselfis.pdf,exclude_scope,not_for_extraction,literature/EXCLUDED_FINAL/Shantz et al. - 2023 - Positive interactions between corals and damselfis.pdf,EXCLUDED_FINAL,0,1,1,EXCLUDED_FINAL,ok,ok
9d6998fc-caf1-4dbd-883f-ad9b9184d062,Shaver et al. - 2017 - Effects of predation and nutrient enrichment on the success and microbiome of a foundational coral.pdf,include_primary,needs_digitization,literature/META_ANALYSIS_POOL/Shaver et al. - 2017 - Effects of predation and nutrient enrichment on the success and microbiome of a foundational coral.pdf,META_ANALYSIS_POOL,1,1,1,META_ANALYSIS_POOL,ok,ok
3b500dbd-57b5-46ab-83a1-bacffec122a8,Shirur et al. - 2016 - Lesion recovery and the bacterial microbiome in two Caribbean gorgonian corals.pdf,exclude_scope,not_for_extraction,literature/EXCLUDED_FINAL/Shirur et al. - 2016 - Lesion recovery and the bacterial microbiome in two Caribbean gorgonian corals.pdf,EXCLUDED_FINAL,1,1,1,EXCLUDED_FINAL,ok,ok
,Sogin et al. - 2016 - Metabolomic signatures of increases in temperature.pdf,exclude_scope,not_for_extraction,literature/EXCLUDED_FINAL/Sogin et al. - 2016 - Metabolomic signatures of increases in temperature.pdf,EXCLUDED_FINAL,0,1,1,EXCLUDED_FINAL,ok,ok
635d9cb2-270b-4bcc-b676-c84b81b0620b,Soong and Lang - 1992 - Reproductive Integration in Reef Corals.pdf,include_primary,needs_digitization,literature/META_ANALYSIS_POOL/Soong and Lang - 1992 - Reproductive Integration in Reef Corals.pdf,META_ANALYSIS_POOL,1,1,1,META_ANALYSIS_POOL,ok,ok
b269f689-c2c5-48a1-8ecb-f284c3ed7edc,Titlyanov et al. - 2005 - Regeneration of artificial injuries on scleractinian corals and coralalgal competition for newly fo.pdf,include_primary,needs_digitization,literature/META_ANALYSIS_POOL/Titlyanov et al. - 2005 - Regeneration of artificial injuries on scleractinian corals and coralalgal competition for newly fo.pdf,META_ANALYSIS_POOL,1,1,1,META_ANALYSIS_POOL,ok,ok
9c887b4c-dae5-4725-96db-948c2491e53d,Titlyanov et al. - 2006 - Three stages of injuries regeneration on scleractinian corals.pdf,include_primary,needs_digitization,literature/META_ANALYSIS_POOL/Titlyanov et al. - 2006 - Three stages of injuries regeneration on scleractinian corals.pdf,META_ANALYSIS_POOL,1,1,1,META_ANALYSIS_POOL,ok,ok
2cd850ba-5662-43f4-afba-0ed8cf21b77f,Titlyanov and Titlyanova - 2008 - Coral-algal competition on damaged reefs.pdf,exclude_review,not_for_extraction,literature/EXCLUDED_FINAL/Titlyanov and Titlyanova - 2008 - Coral-algal competition on damaged reefs.pdf,EXCLUDED_FINAL,1,1,1,EXCLUDED_FINAL,ok,ok
292bbd72-e4b1-422c-8fbb-5b3201d2cd0c,Titlyanov and Titlyanova - 2009 - The dynamics of the restoration of mechanical damage to colonies of the scleractinian coral Porites.pdf,include_primary,needs_digitization,literature/META_ANALYSIS_POOL/Titlyanov and Titlyanova - 2009 - The dynamics of the restoration of mechanical damage to colonies of the scleractinian coral Porites.pdf,META_ANALYSIS_POOL,1,1,1,META_ANALYSIS_POOL,ok,ok
347f789a-ef73-4089-aa77-0e46f2b2d196,Townsend et al. - 2023 - Differing lesion recovery rates of two Caribbean stony coral species across a shallow water to mesop.pdf,include_primary,needs_digitization,literature/META_ANALYSIS_POOL/Townsend et al. - 2023 - Differing lesion recovery rates of two Caribbean stony coral species across a shallow water to mesop.pdf,META_ANALYSIS_POOL,1,1,1,META_ANALYSIS_POOL,ok,ok
,Traylor-Knowles - 2016 - Distinctive wound-healing characteristics in the c.pdf,duplicate_alias,not_for_extraction,literature/DUPLICATES/Traylor-Knowles - 2016 - Distinctive wound-healing characteristics in the c.pdf,DUPLICATES,0,1,1,DUPLICATES,ok,ok
4bbb3e36-0aa5-4900-b239-5002ab60869e,Traylor-Knowles - 2016 - Distinctive wound-healing characteristics in the corals Pocillopora damicornis and Acropora hyacinth.pdf,include_mechanism_only,not_for_extraction,literature/MECHANISMS_ONLY/Traylor-Knowles - 2016 - Distinctive wound-healing characteristics in the corals Pocillopora damicornis and Acropora hyacinth.pdf,MECHANISMS_ONLY,1,1,1,MECHANISMS_ONLY,ok,ok
52ab8446-3076-4c6b-84e1-6fcad1419ebf,Van De Water et al. - 2015 - Elevated seawater temperatures have a limited impact on the coral immune response following physical.pdf,include_mechanism_only,not_for_extraction,literature/MECHANISMS_ONLY/Van De Water et al. - 2015 - Elevated seawater temperatures have a limited impact on the coral immune response following physical.pdf,MECHANISMS_ONLY,1,1,1,MECHANISMS_ONLY,ok,ok
f14968a0-2ca3-4c70-8902-48fef9e009ea,Van De Water et al. - 2015 - The coral immune response facilitates protection against microbes during tissue regeneration.pdf,include_mechanism_only,not_for_extraction,literature/MECHANISMS_ONLY/Van De Water et al. - 2015 - The coral immune response facilitates protection against microbes during tissue regeneration.pdf,MECHANISMS_ONLY,1,1,1,MECHANISMS_ONLY,ok,ok
2e76dce4-6cb4-46c0-b8c4-a1cc91b1578c,Van Veghel and Bak - 1994 - Reproductive characteristics of the polymorphic Caribbean reef building coral Montastrea annularis..pdf,include_primary,needs_digitization,literature/META_ANALYSIS_POOL/Van Veghel and Bak - 1994 - Reproductive characteristics of the polymorphic Caribbean reef building coral Montastrea annularis..pdf,META_ANALYSIS_POOL,1,1,1,META_ANALYSIS_POOL,ok,ok
26d408bb-bf97-4b1a-8b59-a62f74d3d475,Van Woesik - 1998 - Lesion healing on massive Porites spp. corals.pdf,include_primary,needs_digitization,literature/META_ANALYSIS_POOL/Van Woesik - 1998 - Lesion healing on massive Porites spp. corals.pdf,META_ANALYSIS_POOL,1,1,1,META_ANALYSIS_POOL,ok,ok
4fc235cc-a40d-405f-b8f5-2e7a160ba81d,Wahle - 1983 - Regeneration of injuries among jamaican gorgonians the roles of colony physiology and environment.pdf,exclude_scope,not_for_extraction,literature/EXCLUDED_FINAL/Wahle - 1983 - Regeneration of injuries among jamaican gorgonians the roles of colony physiology and environment.pdf,EXCLUDED_FINAL,1,1,1,EXCLUDED_FINAL,ok,ok
6dffe94d-a664-4a6c-8daf-f25ecfa5b50d,"Ward - 1995 - The effect of damage on the growth, reproduction and storage of lipids in the scleractinian coral Po.pdf",include_primary,needs_digitization,"literature/META_ANALYSIS_POOL/Ward - 1995 - The effect of damage on the growth, reproduction and storage of lipids in the scleractinian coral Po.pdf",META_ANALYSIS_POOL,1,1,1,META_ANALYSIS_POOL,ok,ok
32a1561c-9cd6-4e97-9287-c9e5eafafc22,Welsh et al. - 2015 - Clustered parrotfish feeding scars trigger partial coral mortality of massive Porites colonies on th.pdf,include_primary,needs_digitization,literature/META_ANALYSIS_POOL/Welsh et al. - 2015 - Clustered parrotfish feeding scars trigger partial coral mortality of massive Porites colonies on th.pdf,META_ANALYSIS_POOL,1,1,1,META_ANALYSIS_POOL,ok,ok
d48f4420-bee1-4bd3-95e6-7f646095131b,Wesseling et al. - 2001 - Partial Mortality in Porites Corals Variation among Philippine Reefs.pdf,include_primary,ready_extract,literature/META_ANALYSIS_POOL/Wesseling et al. - 2001 - Partial Mortality in Porites Corals Variation among Philippine Reefs.pdf,META_ANALYSIS_POOL,1,1,1,META_ANALYSIS_POOL,ok,ok
1d237b2c-1d5d-479a-985a-bde3d28a4fce,Wolf and Nugues - 2013 - Synergistic effects of algal overgrowth and corallivory on Caribbean reef‐building corals.pdf,include_primary,needs_digitization,literature/META_ANALYSIS_POOL/Wolf and Nugues - 2013 - Synergistic effects of algal overgrowth and corallivory on Caribbean reef‐building corals.pdf,META_ANALYSIS_POOL,1,1,1,META_ANALYSIS_POOL,ok,ok
e7ee472d-e9fc-4023-a4ff-b860c0de5b21,Work and Aeby - 2010 - Wound repair in Montipora capitata.pdf,include_mechanism_only,not_for_extraction,literature/MECHANISMS_ONLY/Work and Aeby - 2010 - Wound repair in Montipora capitata.pdf,MECHANISMS_ONLY,1,1,1,MECHANISMS_ONLY,ok,ok
433e1015-ffac-46ef-ba6e-e4c132eac52b,Xu et al. - 2023 - Wound healing and regeneration in the reef building coral Acropora millepora.pdf,include_mechanism_only,not_for_extraction,literature/MECHANISMS_ONLY/Xu et al. - 2023 - Wound healing and regeneration in the reef building coral Acropora millepora.pdf,MECHANISMS_ONLY,1,1,1,MECHANISMS_ONLY,ok,ok
9cbae935-6259-4ba6-a2ec-44d3f3bc0902,Yap and Gomez - 1984 - Growth of Acropora pulchra II. Responses of natural and transplanted colonies to temperature and da.pdf,include_primary,needs_digitization,literature/META_ANALYSIS_POOL/Yap and Gomez - 1984 - Growth of Acropora pulchra II. Responses of natural and transplanted colonies to temperature and da.pdf,META_ANALYSIS_POOL,1,1,1,META_ANALYSIS_POOL,ok,ok
