source_id,paper_title,local_relpath,response_type,source_match_status,figure_or_table_label,page,panel_label,extraction_provenance,qa_status,Author,Year,Species,Outcome_Type,Control_Mean,Control_Var,Wounded_Mean,Wounded_Var,Var_Type,Sample_Size,Stressor,Notes
2b8676ad-34ad-450c-8649-095d5be68458,Hall_Injury_and_regeneration_of_common_reef-crest_corals.pdf,literature/META_ANALYSIS_POOL/INJURY AND REGENERATION OF COMMON REEF-CREST CORALS.pdf,reproduction,manual_source_match,,,,legacy_extraction_row; exact figure/table provenance not yet recorded,needs_source_provenance_review,Hall,1998,Acropora hyacinthus,Egg Number/Polyp,6.2,0.08,5.1,0.07,SE,57,Experimental Wounding,Sampled near vs away from injury
2b8676ad-34ad-450c-8649-095d5be68458,Hall_Injury_and_regeneration_of_common_reef-crest_corals.pdf,literature/META_ANALYSIS_POOL/INJURY AND REGENERATION OF COMMON REEF-CREST CORALS.pdf,reproduction,manual_source_match,,,,legacy_extraction_row; exact figure/table provenance not yet recorded,needs_source_provenance_review,Hall,1998,Acropora gemmifera,Egg Number/Polyp,6.0,0.08,5.0,0.06,SE,57,Experimental Wounding,Sampled near vs away from injury
a3b88246-eb7f-49ed-a997-67c6d36e9413,Oren et al. - 2001 - Colony Integration during Regeneration in the Stony Coral Favia favus.pdf,literature/META_ANALYSIS_POOL/Oren et al. - 2001 - Colony Integration during Regeneration in the Stony Coral Favia favus.pdf,reproduction,manual_source_match,,,,legacy_extraction_row; exact figure/table provenance not yet recorded,needs_source_provenance_review,Oren,2001,Favia favus,Oocytes/Septum,14.5,2.5,0.9,1.1,SD,18,Monthly Repeated Lesion,Large E-10 lesions at 1cm distance
2e76dce4-6cb4-46c0-b8c4-a1cc91b1578c,Van Veghel and Bak - 1994 - Reproductive characteristics of the polymorphic Caribbean reef building coral Montastrea annularis..pdf,literature/META_ANALYSIS_POOL/Van Veghel and Bak - 1994 - Reproductive characteristics of the polymorphic Caribbean reef building coral Montastrea annularis..pdf,reproduction,manual_source_match,,,,legacy_extraction_row; exact figure/table provenance not yet recorded,needs_source_provenance_review,Van Veghel,1994,Montastraea annularis (Bumpy),Eggs/Polyp,69.9,46,35.0,40,SD,225,Natural/Regenerating Lesion,Control sampled >20cm away
2e76dce4-6cb4-46c0-b8c4-a1cc91b1578c,Van Veghel and Bak - 1994 - Reproductive characteristics of the polymorphic Caribbean reef building coral Montastrea annularis..pdf,literature/META_ANALYSIS_POOL/Van Veghel and Bak - 1994 - Reproductive characteristics of the polymorphic Caribbean reef building coral Montastrea annularis..pdf,reproduction,manual_source_match,,,,legacy_extraction_row; exact figure/table provenance not yet recorded,needs_source_provenance_review,Van Veghel,1994,Montastraea annularis (Massive),Eggs/Polyp,29.2,37,7.6,15,SD,261,Natural/Regenerating Lesion,Significant reduction in fecundity
6dffe94d-a664-4a6c-8daf-f25ecfa5b50d,"Ward - 1995 - The effect of damage on the growth, reproduction and storage of lipids in the scleractinian coral Po.pdf","literature/META_ANALYSIS_POOL/Ward - 1995 - The effect of damage on the growth, reproduction and storage of lipids in the scleractinian coral Po.pdf",reproduction,manual_source_match,,,,legacy_extraction_row; exact figure/table provenance not yet recorded,needs_source_provenance_review,Ward,1995,Pocillopora damicornis,Reproductive Potential (IRP),43.94,4.57,59.58,4.55,SE,36,Experimental Fragmentation,Counter-intuitive increase in fecundity
635d9cb2-270b-4bcc-b676-c84b81b0620b,Soong and Lang - 1992 - Reproductive Integration in Reef Corals.pdf,literature/META_ANALYSIS_POOL/Soong and Lang - 1992 - Reproductive Integration in Reef Corals.pdf,reproduction,manual_source_match,,,,legacy_extraction_row; exact figure/table provenance not yet recorded,needs_source_provenance_review,Soong,1992,Siderastrea radians,Eggs/20 mesenteries,13.0,0,6.0,0,None,29,Experimental Artificial Margin,Paired comparison within colony
e1fe67b6-7beb-43ff-bb09-b0b2262e6d05,"Lirman - 2000 - Fragmentation in the branching coral Acropora palmata (Lamarck) growth, survivorship, and reproduct.pdf","literature/META_ANALYSIS_POOL/Lirman - 2000 - Fragmentation in the branching coral Acropora palmata (Lamarck) growth, survivorship, and reproduct.pdf",reproduction,manual_source_match,,,,legacy_extraction_row; exact figure/table provenance not yet recorded,needs_source_provenance_review,Lirman,2000,Acropora palmata,% Colonies with Gametes,80,0,0,0,None,10,Natural Hurricane Damage,Comparison of undamaged vs damaged colonies
fe532d7a-f878-4a85-962a-7de43d06a80c,Rotjan and Lewis - 2009 - Predators selectively graze reproductive structures in a clonal marine organism.pdf,literature/META_ANALYSIS_POOL/Rotjan and Lewis - 2009 - Predators selectively graze reproductive structures in a clonal marine organism.pdf,reproduction,manual_source_match,,,,legacy_extraction_row; exact figure/table provenance not yet recorded,needs_source_provenance_review,Rotjan,2009,Montastraea annularis,Egg Area (mm2),0.055,0.005,0.049,0.006,SE,24,Parrotfish Grazing,Sampled adjacent to scars
26babed0-9e6c-4621-9dca-9253eb39b9fb,Cameron and Edmunds - 2014 - Effects of simulated fish predation on small colonies of massive Porites spp. and Pocillopora meandr.pdf,literature/META_ANALYSIS_POOL/Cameron and Edmunds - 2014 - Effects of simulated fish predation on small colonies of massive Porites spp. and Pocillopora meandr.pdf,growth,manual_source_match,,,,legacy_extraction_row; exact figure/table provenance not yet recorded,needs_source_provenance_review,Cameron,2014,Porites spp. (massive),Growth (mg cm-2 d-1),2.83,0.15,1.72,0.12,SE,8,Excavated Damage,Significant growth reduction
26babed0-9e6c-4621-9dca-9253eb39b9fb,Cameron and Edmunds - 2014 - Effects of simulated fish predation on small colonies of massive Porites spp. and Pocillopora meandr.pdf,literature/META_ANALYSIS_POOL/Cameron and Edmunds - 2014 - Effects of simulated fish predation on small colonies of massive Porites spp. and Pocillopora meandr.pdf,growth,manual_source_match,,,,legacy_extraction_row; exact figure/table provenance not yet recorded,needs_source_provenance_review,Cameron,2014,Pocillopora meandrina,Growth (mg cm-2 d-1),2.15,0.09,0.99,0.08,SE,8,Excavated Damage,54% reduction in growth
b0949a7c-520e-4a37-af04-25979598ec2d,Edmunds and Lenihan - 2010 - Effect of sub-lethal damage to juvenile colonies of massive Porites spp. under contrasting regimes o.pdf,literature/META_ANALYSIS_POOL/Edmunds and Lenihan - 2010 - Effect of sub-lethal damage to juvenile colonies of massive Porites spp. under contrasting regimes o.pdf,growth,manual_source_match,,,,legacy_extraction_row; exact figure/table provenance not yet recorded,needs_source_provenance_review,Edmunds,2010,Porites spp. (massive),Growth (mg cm-2 d-1),1.39,0.2,1.74,0.2,SE,10,Wounding (26.7C),Compensatory growth observed
b0949a7c-520e-4a37-af04-25979598ec2d,Edmunds and Lenihan - 2010 - Effect of sub-lethal damage to juvenile colonies of massive Porites spp. under contrasting regimes o.pdf,literature/META_ANALYSIS_POOL/Edmunds and Lenihan - 2010 - Effect of sub-lethal damage to juvenile colonies of massive Porites spp. under contrasting regimes o.pdf,growth,manual_source_match,,,,legacy_extraction_row; exact figure/table provenance not yet recorded,needs_source_provenance_review,Edmunds,2010,Porites spp. (massive),Growth (mg cm-2 d-1),1.58,0.2,1.18,0.2,SE,10,Wounding (29.6C),Growth inhibition at high temp
2e3b055f-28df-4def-97aa-660ac537a95f,Edmunds and Yarid - 2017 - The effects of ocean acidification on wound repair in the coral Porites spp..pdf,literature/META_ANALYSIS_POOL/Edmunds and Yarid - 2017 - The effects of ocean acidification on wound repair in the coral Porites spp..pdf,growth,manual_source_match,,,,legacy_extraction_row; exact figure/table provenance not yet recorded,needs_source_provenance_review,Edmunds,2017,Porites spp. (massive),Calcification (mg cm-2 d-1),0.79,0.08,0.6,0.05,SE,20,Acidification (pH 7.6),No significant wounding effect
c84ce087-58f5-4e19-a373-34f57299f6d0,Meesters et al. - 1994 - Damage and regeneration links to growth in the reef-building coral Montastrea annularis.pdf,literature/META_ANALYSIS_POOL/Meesters et al. - 1994 - Damage and regeneration links to growth in the reef-building coral Montastrea annularis.pdf,growth,manual_source_match,,,,legacy_extraction_row; exact figure/table provenance not yet recorded,needs_source_provenance_review,Meesters,1994,Montastraea annularis,Calcification (mg cm-2 d-1),2.19,0.05,1.49,0.1,SE,20,Experimental Lesion,Immediate calcification decrease
d110a8f5-278e-4ba7-a502-32eb61aed5cb,Lirman et al. - 2010 - Propagation of the threatened staghorn coral Acropora cervicornis methods to minimize the impacts o.pdf,literature/META_ANALYSIS_POOL/Lirman et al. - 2010 - Propagation of the threatened staghorn coral Acropora cervicornis methods to minimize the impacts o.pdf,growth,manual_source_match,,,,legacy_extraction_row; exact figure/table provenance not yet recorded,needs_source_provenance_review,Lirman,2010,Acropora cervicornis,Linear Growth (cm d-1),0.04,0.01,0.015,0.01,SD,30,Fragmentation,Short-term growth slowdown
