source_id,paper_title,missing_location_raw,missing_exact_coords_latlon,missing_best_coords_latlon,missing_depth,missing_growth_form,missing_tissue_type,missing_area_mm2,missing_temperature_c,missing_sample_size,remaining_issue_count,remaining_issues
12e9e864-5ff1-42c4-a63d-19b5d62a7464,Bak and Es - REGENERATION OF SUPERFICIAL DAMAGE IN THE SCLERACTINIAN CORALS AGARCA AGARCTES F. PURPUREA AND P.pdf,0,1,0,0,0,0,0,1,0,2,missing_exact_coords_latlon; missing_temperature_c
dde85c3e-6c0d-4057-9a5a-116138865992,"Bak - 1983 - Neoplasia, regeneration and growth in the reef-building coral Acropora palmata.pdf",0,1,0,0,0,0,0,1,0,2,missing_exact_coords_latlon; missing_temperature_c
12939915-cb9c-4190-9682-7477eb8d2698,Bonesso et al. - 2017 - Exposure to elevated sea-surface temperatures below the bleaching threshold impairs coral recovery a.pdf,0,0,0,0,0,0,1,0,0,1,missing_area_mm2
9616c9c9-f92f-4a43-8be4-4bd0b5875f3c,"Burmester et al. - 2017 - Temperature and symbiosis affect lesion recovery in experimentally wounded, facultatively symbiotic.pdf",0,0,0,0,1,0,0,0,0,1,missing_growth_form
9f7a74ab-485d-44be-88c3-28c6b4a7c491,Chadwick and Loya - 1990 - Regeneration after experimental breakage in the solitary reef coral Fungia granulosa Klunzing.pdf,0,1,0,0,0,1,1,1,0,4,missing_exact_coords_latlon; missing_tissue_type; missing_area_mm2; missing_temperature_c
d4f87f68-6209-4973-bf99-fac310af5656,Coral-Damsel-Wounding-Manuscript.pdf,0,0,0,1,0,0,0,1,0,2,missing_depth; missing_temperature_c
ec19aed9-6875-473a-accb-914b065e6e10,Counsell et al. - 2019 - Colony size and depth affect wound repair in a branching coral.pdf,0,0,0,0,0,0,1,0,0,1,missing_area_mm2
740435e0-2577-4691-baa4-77cc09e904e9,Cox - 2014 - Corallivory The Coral’s Point of View.pdf,1,1,1,1,0,1,1,1,1,8,missing_location_raw; missing_exact_coords_latlon; missing_best_coords_latlon; missing_depth; missing_tissue_type; missing_area_mm2; missing_temperature_c; missing_sample_size
034d4e10-aee2-4964-9c77-cb6f4174bd3e,Cróquer et al. - 2002 - Environmental factors affecting tissue regeneration of the reef - building coral Montastraea annular.pdf,0,0,0,0,0,0,1,0,0,1,missing_area_mm2
28b1e816-45f3-42fc-a2b0-0cfea52a0adc,"DeFilippo et al. - 2016 - Patterns of surface lesion recovery in the Northern Star Coral, Astrangia poculata.pdf",0,1,0,0,1,0,1,0,0,3,missing_exact_coords_latlon; missing_growth_form; missing_area_mm2
4d1dfa9c-9c0b-438d-bf33-ec928b7d6696,Denis_2013_Fast_Growth_May_Impair_Regeneration_Capacity_in_th..._doi-10.1371-journal.pone.0072618.pdf,0,0,0,0,0,0,0,1,0,1,missing_temperature_c
3d374a40-79d3-413b-99c2-670f9da97bef,"Dias et al. - 2018 - Mortality, growth and regeneration following fragmentation of reef-forming corals under thermal stre.pdf",0,1,0,1,0,0,0,0,0,2,missing_exact_coords_latlon; missing_depth
c849a042-644e-4b4f-a530-33cfb800d9a9,E and Y - 1996 - Regeneration versus budding in fungiid corals a trade-off.pdf,0,1,0,1,0,0,1,0,0,3,missing_exact_coords_latlon; missing_depth; missing_area_mm2
2e3b055f-28df-4def-97aa-660ac537a95f,Edmunds and Yarid - 2017 - The effects of ocean acidification on wound repair in the coral Porites spp..pdf,0,1,0,0,0,0,0,0,0,1,missing_exact_coords_latlon
f7335f31-f560-4d42-9f0d-52fdbec8ece6,Meesters et al 1992 sedimentation and lesion position.pdf,0,1,0,0,0,0,0,1,0,2,missing_exact_coords_latlon; missing_temperature_c
348d7203-b68d-472c-89da-e3e6704b2f50,Eh and Rpm - 1995 - Age-related deterioration of a physiological function in the branching coral Acropora palmata.pdf,0,1,0,0,0,0,0,1,0,2,missing_exact_coords_latlon; missing_temperature_c
1d9e4e6d-fe25-4609-b0ac-78fdb306c80b,Eh et al. - 1997 - Predicting regeneration of physical damage on a reef-building coral by regeneration capacity and les.pdf,0,1,0,0,0,0,0,1,0,2,missing_exact_coords_latlon; missing_temperature_c
ad751939-b061-4323-9097-c1e7d2e9576f,Fine et al. - 2002 - Bleaching effect on regeneration and resource translocation in the coral Oculina patagonica.pdf,0,0,0,0,0,0,0,1,0,1,missing_temperature_c
a1e7fabd-36e1-4556-804c-e6f1a9c17581,Fisher et al. - 2007 - Lesion regeneration rates in reef-building corals Montastraea spp. as indicators of colony condition.pdf,0,0,0,0,0,0,0,1,0,1,missing_temperature_c
3a3fb59c-a303-49f1-aa80-21ffe7d182cf,Fong and Lirman - 1995 - Hurricanes Cause Population Expansion of the Branching Coral Acropora palmata (Scleractinia).pdf,0,0,0,1,0,0,1,1,0,3,missing_depth; missing_area_mm2; missing_temperature_c
6a14a9e9-da4e-425f-bf9d-59fa573487e1,"Guzmán et al. - 1994 - Injury, regeneration and growth of Caribbean reef corals after a major oil spill in Panama.pdf",0,1,0,0,0,0,0,1,0,2,missing_exact_coords_latlon; missing_temperature_c
e2191f69-a271-4c74-be4c-ebe977248362,Hall - 1997 - Interspecific differences in the regeneration of artificial injuries on scleractinian corals.pdf,0,0,0,1,0,0,0,1,0,2,missing_depth; missing_temperature_c
b9536b7f-eb24-428a-8a9f-9750a74faa1f,Hall - 2001 - The response of Acropora hyacinthus and Montipora tuberculosa to three different types of colony dam.pdf,0,0,0,1,0,0,0,1,0,2,missing_depth; missing_temperature_c
2b8676ad-34ad-450c-8649-095d5be68458,Hall_Injury_and_regeneration_of_common_reef-crest_corals.pdf,0,0,0,1,0,0,0,1,0,2,missing_depth; missing_temperature_c
58b15640-3061-4ea9-a606-877701eef38c,"Hamman - 2019 - Spatial distribution of damage affects the healing, growth, and morphology of coral.pdf",0,1,0,0,0,0,0,1,0,2,missing_exact_coords_latlon; missing_temperature_c
65ccf3b6-92c0-416b-93ba-1cfd827b1ba1,Horricks et al. - 2019 - Differential protein abundance during the first month of regeneration of the Caribbean star coral Mo.pdf,0,0,0,0,0,0,0,1,0,1,missing_temperature_c
45fcfd8e-a2d2-4345-aec0-baeb03f883a4,Jayewardene et al. - 2009 - Effects of frequent fish predation on corals in Hawaii.pdf,0,1,0,0,0,0,0,1,0,2,missing_exact_coords_latlon; missing_temperature_c
4cc9b30b-9ed8-4123-82aa-2f182db391b7,Jayewardene - 2010 - Experimental determination of the cost of lesion healing on Porites compressa growth.pdf,0,1,0,0,0,0,0,0,0,1,missing_exact_coords_latlon
04e10b24-592e-4cf3-8f94-226c7904262d,Kramarsky-Winter and Loya - 2000 - Tissue regeneration in the coral Fungia granulosa  the effect of extrinsic and intrinsic factors.pdf,0,1,0,0,0,1,1,0,0,3,missing_exact_coords_latlon; missing_tissue_type; missing_area_mm2
a67392b0-7a7e-43ad-917d-94febf750c1a,Lenihan et al. - 2015 - Hydrodynamics influence coral performance through simultaneous direct and indirect effects.pdf,0,0,0,1,0,0,1,0,0,2,missing_depth; missing_area_mm2
cf0dfa52-c9e6-4d7f-9ae1-5970162a807f,Lester and Bak - 1985 - Effects of environment on regeneration rate of tissue lesions in the reef coral Montastrea annularis.pdf,0,1,0,0,0,0,0,0,0,1,missing_exact_coords_latlon
e1fe67b6-7beb-43ff-bb09-b0b2262e6d05,"Lirman - 2000 - Fragmentation in the branching coral Acropora palmata (Lamarck) growth, survivorship, and reproduct.pdf",0,0,0,0,0,0,1,1,0,2,missing_area_mm2; missing_temperature_c
3764e810-0eb0-4d34-baca-2c5136c95bc8,"Lirman - 2000 - Lesion regeneration in the branching coral Acropora palmata effects of colonization, colony size, l.pdf",0,0,0,0,0,0,0,1,0,1,missing_temperature_c
d110a8f5-278e-4ba7-a502-32eb61aed5cb,Lirman et al. - 2010 - Propagation of the threatened staghorn coral Acropora cervicornis methods to minimize the impacts o.pdf,0,0,0,0,0,0,1,1,0,2,missing_area_mm2; missing_temperature_c
070cf5f2-ae03-4d99-8e1b-7e07f8428803,Loya - 1976 - Skeletal regeneration in a Red Sea scleractinian coral population.pdf,0,1,0,0,0,0,1,1,0,3,missing_exact_coords_latlon; missing_area_mm2; missing_temperature_c
6b96575e-9bf7-46f2-a12e-73b565f46629,Meesters and Bak - 1993 - Effects of coral bleaching on tissue regeneration potential and colony survival.pdf,0,1,0,0,0,0,0,0,0,1,missing_exact_coords_latlon
c84ce087-58f5-4e19-a373-34f57299f6d0,Meesters et al. - 1994 - Damage and regeneration links to growth in the reef-building coral Montastrea annularis.pdf,0,1,0,0,0,0,0,1,0,2,missing_exact_coords_latlon; missing_temperature_c
398d01aa-1e0e-4c46-9989-8490ca8748d5,Meesters et al. - 1996 - Partial Mortality in Three Species of Reef-Building Corals and the Relation with Colony Morphology.pdf,0,1,0,0,0,0,0,1,0,2,missing_exact_coords_latlon; missing_temperature_c
f46ad039-b2d6-4a0a-860d-98cf61f2a7de,Miller and Hay - 1998 - Effects of fish predation and seaweed competition on the survival and growth of corals.pdf,0,0,0,0,0,0,1,1,0,2,missing_area_mm2; missing_temperature_c
c9a7e412-6f2f-4baf-9cde-29e23e6aeeb0,Barbara - Host and Symbiont Physiology During Wound Regeneration in Acropora pulchra Under.pdf,0,0,0,1,0,0,0,0,0,1,missing_depth
8c205a55-4093-46c5-a7c2-e356c8bf6a7c,Nagelkerken and Bak - 1998 - Differential regeneration of artificial lesions among sympatric morphs of the Caribbean corals Porit.pdf,0,1,0,0,0,0,0,1,0,2,missing_exact_coords_latlon; missing_temperature_c
b2eaa7a6-c475-4f8e-bec2-2a52585da7c3,Nagelkerken et al. - 1999 - Depth-related variation in regeneration of artificial lesions in the Caribbean corals Porites ast.pdf,0,1,0,0,0,0,0,1,0,2,missing_exact_coords_latlon; missing_temperature_c
9f560a14-a39a-4d71-8d68-9c14a4001c75,Nicolet et al. - 2018 - Predation scars may influence host susceptibility to pathogens evaluating the role of corallivores.pdf,0,0,0,0,0,0,0,1,0,1,missing_temperature_c
d17e3c0b-32a1-4c10-94fa-7558d22f726e,Okubo - 2008 - Size-independent investment allocation to regeneration and growth of the branching coral Acropora mu.pdf,0,1,0,0,0,0,0,1,0,2,missing_exact_coords_latlon; missing_temperature_c
84a7b2a4-6982-4dce-a39a-2d4f07d0176b,Oren et al. - 1997 - Effect of lesion size and shape on regeneration of the Red Sea coral Favia favus.pdf,0,1,0,0,0,0,1,1,0,3,missing_exact_coords_latlon; missing_area_mm2; missing_temperature_c
a3b88246-eb7f-49ed-a997-67c6d36e9413,Oren et al. - 2001 - Colony Integration during Regeneration in the Stony Coral Favia favus.pdf,0,1,0,0,0,0,0,1,0,2,missing_exact_coords_latlon; missing_temperature_c
d7f996dc-c00b-423c-b424-965cd78f9d1b,Page and Willis - 2008 - Epidemiology of skeletal eroding band on the Great Barrier Reef and the role of injury in the initia.pdf,0,0,0,0,0,0,0,1,0,1,missing_temperature_c
06ab1757-8fe9-4325-96ed-6f3106b325e4,Raymundo et al. - 2016 - Effects of Coralliophila violacea on tissue loss in the scleractinian corals Porites spp. depend on.pdf,0,1,0,1,0,0,1,1,0,4,missing_exact_coords_latlon; missing_depth; missing_area_mm2; missing_temperature_c
33d2bc0d-ec51-4225-a216-bf74b34fa89d,Rotjan et al. - 2006 - Chronic parrotfish grazing impedes coral recovery after bleaching.pdf,0,0,0,0,0,0,1,0,0,1,missing_area_mm2
fe532d7a-f878-4a85-962a-7de43d06a80c,Rotjan and Lewis - 2009 - Predators selectively graze reproductive structures in a clonal marine organism.pdf,0,0,0,0,0,0,1,1,0,2,missing_area_mm2; missing_temperature_c
2059b598-335f-4890-8512-6e1f86fed557,Sani et al. - 2024 - Ocean warming and acidification detrimentally affect coral tissue regeneration at a Mediterranean CO.pdf,0,0,0,0,0,0,1,0,0,1,missing_area_mm2
9d6998fc-caf1-4dbd-883f-ad9b9184d062,Shaver et al. - 2017 - Effects of predation and nutrient enrichment on the success and microbiome of a foundational coral.pdf,0,0,0,0,0,0,0,1,0,1,missing_temperature_c
635d9cb2-270b-4bcc-b676-c84b81b0620b,Soong and Lang - 1992 - Reproductive Integration in Reef Corals.pdf,0,1,1,0,0,0,0,1,0,3,missing_exact_coords_latlon; missing_best_coords_latlon; missing_temperature_c
b269f689-c2c5-48a1-8ecb-f284c3ed7edc,Titlyanov et al. - 2005 - Regeneration of artificial injuries on scleractinian corals and coralalgal competition for newly fo.pdf,0,0,0,0,0,0,1,0,0,1,missing_area_mm2
9c887b4c-dae5-4725-96db-948c2491e53d,Titlyanov et al. - 2006 - Three stages of injuries regeneration on scleractinian corals.pdf,0,0,0,0,0,0,1,0,0,1,missing_area_mm2
347f789a-ef73-4089-aa77-0e46f2b2d196,Townsend et al. - 2023 - Differing lesion recovery rates of two Caribbean stony coral species across a shallow water to mesop.pdf,0,1,0,0,0,0,0,1,0,2,missing_exact_coords_latlon; missing_temperature_c
2e76dce4-6cb4-46c0-b8c4-a1cc91b1578c,Van Veghel and Bak - 1994 - Reproductive characteristics of the polymorphic Caribbean reef building coral Montastrea annularis..pdf,0,1,0,0,0,0,0,1,0,2,missing_exact_coords_latlon; missing_temperature_c
26d408bb-bf97-4b1a-8b59-a62f74d3d475,Van Woesik - 1998 - Lesion healing on massive Porites spp. corals.pdf,0,0,0,0,0,0,0,1,0,1,missing_temperature_c
6dffe94d-a664-4a6c-8daf-f25ecfa5b50d,"Ward - 1995 - The effect of damage on the growth, reproduction and storage of lipids in the scleractinian coral Po.pdf",0,1,0,1,0,0,1,1,0,4,missing_exact_coords_latlon; missing_depth; missing_area_mm2; missing_temperature_c
32a1561c-9cd6-4e97-9287-c9e5eafafc22,Welsh et al. - 2015 - Clustered parrotfish feeding scars trigger partial coral mortality of massive Porites colonies on th.pdf,0,0,0,0,0,0,0,1,0,1,missing_temperature_c
d48f4420-bee1-4bd3-95e6-7f646095131b,Wesseling et al. - 2001 - Partial Mortality in Porites Corals Variation among Philippine Reefs.pdf,0,1,0,0,0,0,1,1,0,3,missing_exact_coords_latlon; missing_area_mm2; missing_temperature_c
9cbae935-6259-4ba6-a2ec-44d3f3bc0902,Yap and Gomez - 1984 - Growth of Acropora pulchra II. Responses of natural and transplanted colonies to temperature and da.pdf,0,1,0,0,0,0,1,0,0,2,missing_exact_coords_latlon; missing_area_mm2
