source_id,title,type,url,normalized_title,in_screening_final,in_primary_covariates,in_all_source_covariates,in_all_response_source_index,in_rate_source_index,in_extraction_workplan,in_digitization_queue,in_any_source_table,dataset_table_count
fb42b8e8-f3b2-4435-a918-95afe4883b65,Aronson_2001_WhitebanddiseaseCaribbean.pdf,pdf,,aronson2001whitebanddiseasecaribbeanpdf,0,0,0,0,0,0,0,0,0
57604503-4026-4a41-85c3-8b2af395335a,Arshad_2024_topical_probiotic_hydrogels_burns.pdf,pdf,,arshad2024topicalprobiotichydrogelsburnspdf,0,0,0,0,0,0,0,0,0
5e605749-8df3-44d9-8113-3b61c21f4386,Ayling_1983_Growth_and_regeneration_rates_in_thinly_encrusting_Demospon..._doi-10.2307-1541200.pdf,pdf,,ayling1983growthandregenerationratesinthinlyencrustingdemospondoi1023071541200pdf,1,0,1,0,0,0,0,1,6
cf2e6b65-032a-4cbb-96ea-906749830924,Azevedo_2011_Theregenerativecapacityofthezebrafi.pdf,pdf,,azevedo2011theregenerativecapacityofthezebrafipdf,0,0,0,0,0,0,0,0,0
b0be66ea-1ed4-4fc1-ab89-76a780d248ab,Baird_2009_Coralbleachingtheroleofthehost.pdf,pdf,,baird2009coralbleachingtheroleofthehostpdf,0,0,0,0,0,0,0,0,0
12e9e864-5ff1-42c4-a63d-19b5d62a7464,Bak_1980_Regeneration_of_superficial_damage_in_the_scleractinian_cora....pdf,pdf,,bak1980regenerationofsuperficialdamageinthescleractiniancorapdf,1,1,1,1,1,1,1,1,39
dde85c3e-6c0d-4057-9a5a-116138865992,Bak_1983_Neoplasia_regeneration_and_growth_in_the_reef-building_cora..._doi-10.1007-bf00395810.pdf,pdf,,bak1983neoplasiaregenerationandgrowthinthereefbuildingcoradoi101007bf00395810pdf,1,1,1,1,1,1,1,1,39
e5029ad6-d2ad-4e7a-86eb-d54975b0d760,Barton_2017_Coral_propagation_a_review_of_techniques_for_ornamental_tra..._doi-10.1111-raq.12135.pdf,pdf,,barton2017coralpropagationareviewoftechniquesforornamentaltradoi101111raq12135pdf,1,0,1,0,0,0,0,1,6
be3a5dc5-fba3-48d1-a931-fa48d54552c8,Barton_2019_ThelifecycleoftheiAcroporaico.pdf,pdf,,barton2019thelifecycleoftheiacroporaicopdf,0,0,0,0,0,0,0,0,0
f2a11355-63c1-4b5a-a0fc-4684ea680128,Barton_2020_BiologicalcontrolstomanageiAcropor.pdf,pdf,,barton2020biologicalcontrolstomanageiacroporpdf,0,0,0,0,0,0,0,0,0
6e58d54a-e63b-450c-9908-818a1df0c460,Baumgarten_2015_ThegenomeofiAiptasiaiaseaane.pdf,pdf,,baumgarten2015thegenomeofiaiptasiaiaseaanepdf,0,0,0,0,0,0,0,0,0
0f6e8b7a-8d4e-4dc5-a9cd-864dfd44eb0b,Bay_Palumbi_2014_multilocus_heat_resistance.pdf,pdf,,baypalumbi2014multilocusheatresistancepdf,0,0,0,0,0,0,0,0,0
f0d0b89e-fa8a-45e8-a73b-adbaf1ff13fc,Bayraktarov_2019_Motivationssuccessandcostofcoral.pdf,pdf,,bayraktarov2019motivationssuccessandcostofcoralpdf,0,0,0,0,0,0,0,0,0
0736b18e-01bd-48b8-a10e-77d8a94b491d,Becker_2020_Nutrientandsedimentloadingaffectmul.pdf,pdf,,becker2020nutrientandsedimentloadingaffectmulpdf,0,0,0,0,0,0,0,0,0
b2240dee-1178-44da-9814-86dc54f9628c,Bellwood_1990_Afunctionalanalysisofgrazinginparr.pdf,pdf,,bellwood1990afunctionalanalysisofgrazinginparrpdf,0,0,0,0,0,0,0,0,0
4759f206-92eb-434a-a822-28c26aa7d8be,Berenshtein_2015_Effectofoxygenoncoralfanningbymut.pdf,pdf,,berenshtein2015effectofoxygenoncoralfanningbymutpdf,0,0,0,0,0,0,0,0,0
561f543d-7624-4bf0-9c0e-cd1d2f13a56c,Blanchoud_2022_WholeBodyregenerationMethodsandpro.pdf,pdf,,blanchoud2022wholebodyregenerationmethodsandpropdf,0,0,0,0,0,0,0,0,0
6ca216e7-8798-40c8-b90e-53a91f6c656f,Bode_1996_Theinterstitialcelllineageofhydra.pdf,pdf,,bode1996theinterstitialcelllineageofhydrapdf,0,0,0,0,0,0,0,0,0
12939915-cb9c-4190-9682-7477eb8d2698,Bonesso_2017_Exposure_to_elevated_sea-surface_temperatures_below_the_blea..._doi-10.7717-peerj.3719.pdf,pdf,,bonesso2017exposuretoelevatedseasurfacetemperaturesbelowthebleadoi107717peerj3719pdf,1,1,1,1,1,1,0,1,26
17678182-7115-4240-8398-b3c821ff069f,Boström-Einarsson_2020_CoralrestorationAsystematicreview.pdf,pdf,,bostromeinarsson2020coralrestorationasystematicreviewpdf,0,0,0,0,0,0,0,0,0
743ada59-e8b2-4f32-b1f2-64ab9d50e8b3,Box_2007_Effectofmacroalgalcompetitionongrow.pdf,pdf,,box2007effectofmacroalgalcompetitionongrowpdf,0,0,0,0,0,0,0,0,0
7b6c3c16-42d6-411f-8069-1ae430f0761d,Brown et al. - 2021 - Extended phenotypes on coral reefs cryptic phenotypes modulate coral-vermetid interactions.pdf,pdf,,brownetal2021extendedphenotypesoncoralreefscrypticphenotypesmodulatecoralvermetidinteractionspdf,1,0,1,0,0,0,0,1,7
c50bc867-17ea-4393-80b1-b34f18d5fde2,Bruckner_2000_Parrotfish_predation_on_live_coral_spot_biting_and_focus..._doi-10.1007-s003380050225.pdf,pdf,,bruckner2000parrotfishpredationonlivecoralspotbitingandfocusdoi101007s003380050225pdf,1,0,1,0,0,0,0,1,9
e22974a1-a127-4975-813a-73a9676c00da,Bruckner_2017_PredationbyfeedingaggregationsofDru.pdf,pdf,,bruckner2017predationbyfeedingaggregationsofdrupdf,0,0,0,0,0,0,0,0,0
afb1ba05-9842-42a8-9b5c-f75c290f3d4b,Bruno_2007_Thermalstressandcoralcoverasdrivers.pdf,pdf,,bruno2007thermalstressandcoralcoverasdriverspdf,0,0,0,0,0,0,0,0,0
3294ac22-2081-4f0f-a1b0-c03432acbefa,Bryant_2017_Identificationofregenerativeroadblock.pdf,pdf,,bryant2017identificationofregenerativeroadblockpdf,0,0,0,0,0,0,0,0,0
47fa818d-033c-40b3-8a72-44042b8f0b7a,Burgo_2025_Thestructureandcompositionofmacroal.pdf,pdf,,burgo2025thestructureandcompositionofmacroalpdf,0,0,0,0,0,0,0,0,0
9616c9c9-f92f-4a43-8be4-4bd0b5875f3c,Burmester_2017_Temperature_and_symbiosis_affect_lesion_recovery_in_experime..._doi-10.3354-meps12114.pdf,pdf,,burmester2017temperatureandsymbiosisaffectlesionrecoveryinexperimedoi103354meps12114pdf,1,1,1,1,1,1,0,1,22
daec544d-cfab-46db-be2a-1d3596bc0395,Burmester_2018_The_impact_of_autotrophic_versus_heterotrophic_nutritional_p..._doi-10.1002-ece3.4531.pdf,pdf,,burmester2018theimpactofautotrophicversusheterotrophicnutritionalpdoi101002ece34531pdf,1,1,1,1,1,1,1,1,31
26babed0-9e6c-4621-9dca-9253eb39b9fb,Cameron_2014_Effects_of_simulated_fish_predation_on_small_colonies_of_mas..._doi-10.3354-meps10862.pdf,pdf,,cameron2014effectsofsimulatedfishpredationonsmallcoloniesofmasdoi103354meps10862pdf,1,1,1,1,1,1,0,1,27
ebf75858-cc3e-459d-a8a6-3bc79db9c130,Camp_2018_HowcanSupercoralsfacilitateglobal.pdf,pdf,,camp2018howcansupercoralsfacilitateglobalpdf,0,0,0,0,0,0,0,0,0
9f7a74ab-485d-44be-88c3-28c6b4a7c491,Chadwick_1990_Regeneration_after_experimental_breakage_in_the_solitary_ree..._doi-10.1016-0022-0981_90_90093-r.pdf,pdf,,chadwick1990regenerationafterexperimentalbreakageinthesolitaryreedoi101016002209819090093rpdf,1,1,1,1,1,1,1,1,32
859d6fbb-936e-4398-a4e1-ef8ff046cc61,Chase_2020_Damselfishesalleviatetheimpactsofse.pdf,pdf,,chase2020damselfishesalleviatetheimpactsofsepdf,0,0,0,0,0,0,0,0,0
4e3fb9f0-e78a-40f5-abc2-01412b9ab7fb,Chong-Seng_2011_Selective_feeding_by_coral_reef_fishes_on_coral_lesions_asso..._doi-10.1007-s00338-010-0707-1.pdf,pdf,,chongseng2011selectivefeedingbycoralreeffishesoncorallesionsassodoi101007s0033801007071pdf,1,0,1,0,0,0,0,1,6
8c750a8f-0fa1-4ba4-9835-9eb93984c035,Cleves_2018_CRISPRCas9mediatedgenomeeditingina.pdf,pdf,,cleves2018crisprcas9mediatedgenomeeditinginapdf,0,0,0,0,0,0,0,0,0
ce9b96cc-9a65-471a-9454-8ded193148c8,Cole_2009_Coralfeedingfishesslowprogressionof.pdf,pdf,,cole2009coralfeedingfishesslowprogressionofpdf,0,0,0,0,0,0,0,0,0
d86a557e-5735-4326-9f08-979e13c7ee6d,Comeau_2014_Effects_of_irradiance_on_the_response_of_the_coral_Acropora..._doi-10.1016-j.jembe.2013.12.013.pdf,pdf,,comeau2014effectsofirradianceontheresponseofthecoralacroporadoi101016jjembe201312013pdf,1,0,1,0,0,0,0,1,7
6a14f7f2-cf2e-482c-a165-39da37d6e537,Conti-Jerpe_2020_Trophicstrategyandbleachingresistanc.pdf,pdf,,contijerpe2020trophicstrategyandbleachingresistancpdf,0,0,0,0,0,0,0,0,0
d4f87f68-6209-4973-bf99-fac310af5656,Coral-Damsel-Wounding-Manuscript.pdf,pdf,,coraldamselwoundingmanuscriptpdf,1,1,1,1,1,1,1,1,33
deff576c-ed14-48e7-884a-51d6447654a4,Coral_Regeneration_Review_Annual_Review_Marine_Science_10_31_2025.pdf,pdf,,coralregenerationreviewannualreviewmarinescience10312025pdf,1,0,1,0,0,0,0,1,7
e52cb93b-464a-4983-94ea-aff0cf863664,Couch_2014_Spatialandtemporalpatternsofcoralh.pdf,pdf,,couch2014spatialandtemporalpatternsofcoralhpdf,0,0,0,0,0,0,0,0,0
ec19aed9-6875-473a-accb-914b065e6e10,Counsell_2019_Colony_size_and_depth_affect_wound_repair_in_a_branching_cor..._doi-10.1007-s00227-019-3601-6.pdf,pdf,,counsell2019colonysizeanddepthaffectwoundrepairinabranchingcordoi101007s0022701936016pdf,1,1,1,1,1,1,1,1,31
740435e0-2577-4691-baa4-77cc09e904e9,Cox_2014_Corallivory_The_Coral_s_Point_of_View.pdf,pdf,,cox2014corallivorythecoralspointofviewpdf,1,0,1,0,0,0,0,1,7
034d4e10-aee2-4964-9c77-cb6f4174bd3e,Croquer_2002_Environmental_factors_affecting_tissue_regeneration_of_the_r....pdf,pdf,,croquer2002environmentalfactorsaffectingtissueregenerationoftherpdf,1,1,1,1,1,1,1,1,31
69b21516-c093-461a-a55f-ebdb85f7fe84,Cunning_2013_Excessalgalsymbiontsincreasethesusc.pdf,pdf,,cunning2013excessalgalsymbiontsincreasethesuscpdf,0,0,0,0,0,0,0,0,0
bcc5b4a2-3f38-42ed-8309-63964483f263,Cunning_2018_Comparative_analysis_of_the_Pocillopora_damicornis_genome..._doi-10.1038-s41598-018-34459-8.pdf,pdf,,cunning2018comparativeanalysisofthepocilloporadamicornisgenomedoi101038s41598018344598pdf,1,0,1,0,0,0,0,1,8
2f44d6fc-1aa4-4747-a000-1c5be042d723,D_Angelo_2012_Locally_accelerated_growth_is_part_of_the_innate_immune_resp..._doi-10.1007-s00338-012-0926-8.pdf,pdf,,dangelo2012locallyacceleratedgrowthispartoftheinnateimmunerespdoi101007s0033801209268pdf,1,0,1,0,0,1,0,1,8
83a15da3-d64e-494a-94ee-a253c2392c96,Da_Silveira_1977_Regeneration_in_the_Gorgonian_Plexura_Flexuosa_Cnida..._doi-10.1163-26660644-04701002.pdf,pdf,,dasilveira1977regenerationinthegorgonianplexuraflexuosacnidadoi1011632666064404701002pdf,1,0,1,0,0,0,0,1,8
acd19f9e-8ad4-43ff-8a04-32d8f29c245d,Dagenais-Bellefeuille_2013_PuttingtheNindinoflagellates.pdf,pdf,,dagenaisbellefeuille2013puttingthenindinoflagellatespdf,0,0,0,0,0,0,0,0,0
28b1e816-45f3-42fc-a2b0-0cfea52a0adc,DeFilippo_2016_Patterns_of_surface_lesion_recovery_in_the_Northern_Star_..._doi-10.1016-j.jembe.2016.03.016.pdf,pdf,,defilippo2016patternsofsurfacelesionrecoveryinthenorthernstardoi101016jjembe201603016pdf,1,1,1,1,1,1,1,1,32
fa37f4ff-5d21-4eb1-a912-2262ea10ae22,DeFilippo_2016_Patternsofsurfacelesionrecoveryint.pdf,pdf,,defilippo2016patternsofsurfacelesionrecoveryintpdf,0,0,0,0,0,0,0,0,0
09f69156-3ca0-4bf2-98e2-fe2b25612587,Denis_2011_Lesion_regeneration_capacities_in_populations_of_the_massive..._doi-10.3354-meps09060.pdf,pdf,,denis2011lesionregenerationcapacitiesinpopulationsofthemassivedoi103354meps09060pdf,1,1,1,1,1,1,0,1,27
4d1dfa9c-9c0b-438d-bf33-ec928b7d6696,Denis_2013_Fast_Growth_May_Impair_Regeneration_Capacity_in_th..._doi-10.1371-journal.pone.0072618.pdf,pdf,,denis2013fastgrowthmayimpairregenerationcapacityinthdoi101371journalpone0072618pdf,1,1,1,1,1,1,0,1,27
3d374a40-79d3-413b-99c2-670f9da97bef,Dias_2018_Mortality_growth_and_regeneration_following_fragmentation_o..._doi-10.1016-j.seares.2018.08.008.pdf,pdf,,dias2018mortalitygrowthandregenerationfollowingfragmentationodoi101016jseares201808008pdf,1,1,1,1,1,1,1,1,32
ae291ca0-5066-42c8-b9c6-d84b72d96701,Dias_2018_Mortalitygrowthandregenerationfollo.pdf,pdf,,dias2018mortalitygrowthandregenerationfollopdf,0,0,0,0,0,0,0,0,0
a1481487-85d7-43d6-9260-5bdb0970ebdd,Diaz-Pulido_2009_Doom_and_Boom_on_a_Resilient_Reef_Climate_Change_..._doi-10.1371-journal.pone.0005239.pdf,pdf,,diazpulido2009doomandboomonaresilientreefclimatechangedoi101371journalpone0005239pdf,1,0,1,0,0,0,0,1,6
248d5d32-94b5-4fc3-8c90-0fbedb162e6a,Dixon_2015_coral_heat_tolerance.pdf,pdf,,dixon2015coralheattolerancepdf,0,0,0,0,0,0,0,0,0
66433d12-2f65-4853-a92d-6f288a259337,Donohue_2001_DerelictfishinggearintheNorthwester.pdf,pdf,,donohue2001derelictfishinggearinthenorthwesterpdf,0,0,0,0,0,0,0,0,0
f4f46928-cec3-4f11-88a1-92c420e0735b,Downs_2005_Shiftingtheparadigmofcoralreefhea.pdf,pdf,,downs2005shiftingtheparadigmofcoralreefheapdf,0,0,0,0,0,0,0,0,0
526cf185-fc92-483d-81a0-416a05bc8fe8,Drury_2017_Genotypeandlocalenvironmentdynamical.pdf,pdf,,drury2017genotypeandlocalenvironmentdynamicalpdf,0,0,0,0,0,0,0,0,0
c849a042-644e-4b4f-a530-33cfb800d9a9,E_1996_Regeneration_versus_budding_in_fungiid_corals_a_trade-off_doi-10.3354-meps134179.pdf,pdf,,e1996regenerationversusbuddinginfungiidcoralsatradeoffdoi103354meps134179pdf,1,1,1,1,1,1,1,1,32
e4086389-113b-4831-a7e2-eecf868d279c,Eddy_2021_Globaldeclineincapacityofcoralreef.pdf,pdf,,eddy2021globaldeclineincapacityofcoralreefpdf,0,0,0,0,0,0,0,0,0
b0949a7c-520e-4a37-af04-25979598ec2d,Edmunds_2010_Effect_of_sub-lethal_damage_to_juvenile_colonies_of_massive..._doi-10.1007-s00227-009-1372-1.pdf,pdf,,edmunds2010effectofsublethaldamagetojuvenilecoloniesofmassivedoi101007s0022700913721pdf,1,1,1,1,1,1,0,1,27
2e3b055f-28df-4def-97aa-660ac537a95f,Edmunds_2017_The_effects_of_ocean_acidification_on_wound_repair_in_the_co..._doi-10.1016-j.jembe.2016.10.001.pdf,pdf,,edmunds2017theeffectsofoceanacidificationonwoundrepairinthecodoi101016jjembe201610001pdf,1,1,1,1,1,1,0,1,29
f7335f31-f560-4d42-9f0d-52fdbec8ece6,Eh_1992_Effects_of_Sedimentation_and_Lesion_Position_on_Coral....pdf,pdf,,eh1992effectsofsedimentationandlesionpositiononcoralpdf,1,1,1,1,1,1,1,1,33
348d7203-b68d-472c-89da-e3e6704b2f50,Eh_1995_Age-related_deterioration_of_a_physiological_function_in_the..._doi-10.3354-meps121203.pdf,pdf,,eh1995agerelateddeteriorationofaphysiologicalfunctioninthedoi103354meps121203pdf,1,1,1,1,1,1,0,1,28
1d9e4e6d-fe25-4609-b0ac-78fdb306c80b,Eh_1997_Predicting_regeneration_of_physical_damage_on_a_reef-buildin..._doi-10.3354-meps146091.pdf,pdf,,eh1997predictingregenerationofphysicaldamageonareefbuildindoi103354meps146091pdf,1,1,1,1,1,1,0,1,30
06d58802-35d3-4e35-b374-827ac0e24521,Emerson_2017_PMC5451823.pdf,pdf,,emerson2017pmc5451823pdf,0,0,0,0,0,0,0,0,0
c6b2ff5b-0225-4b9a-92e7-8dfa6a6debeb,Enochs_2017_Corallivory_in_the_Eastern_Pacific_doi-10.1007-978-94-017-7499-4_10.pdf,pdf,,enochs2017corallivoryintheeasternpacificdoi101007978940177499410pdf,1,0,1,0,0,0,0,1,7
62810355-f1de-400d-9b67-0eb8b288d636,Estrada-Saldívar_2020_Reefscaleimpactsofthestonycoralti.pdf,pdf,,estradasaldivar2020reefscaleimpactsofthestonycoraltipdf,0,0,0,0,0,0,0,0,0
a7e2a67a-bfe1-417f-9f04-adff1dba48e7,Ezzat_2015_Newinsightsintocarbonacquisitionand.pdf,pdf,,ezzat2015newinsightsintocarbonacquisitionandpdf,0,0,0,0,0,0,0,0,0
7b941d8e-71d4-46a0-aecb-e18bbcd444b4,Ezzat_2019_Nutrientstarvationimpairsthetrophic.pdf,pdf,,ezzat2019nutrientstarvationimpairsthetrophicpdf,0,0,0,0,0,0,0,0,0
97c3dfdd-9805-41ef-ae43-ab1d0d8df0f4,Fabricius_2010_Threelinesofevidencetolinkoutbreak.pdf,pdf,,fabricius2010threelinesofevidencetolinkoutbreakpdf,0,0,0,0,0,0,0,0,0
d8e4314d-6771-4c36-ad40-36bd8f03cdf3,Fijan_2019_PMC6930797.pdf,pdf,,fijan2019pmc6930797pdf,0,0,0,0,0,0,0,0,0
ad751939-b061-4323-9097-c1e7d2e9576f,Fine_2002_Bleaching_effect_on_regeneration_and_resource_translocation..._doi-10.3354-meps234119.pdf,pdf,,fine2002bleachingeffectonregenerationandresourcetranslocationdoi103354meps234119pdf,1,1,1,1,1,1,1,1,32
a1e7fabd-36e1-4556-804c-e6f1a9c17581,Fisher_2007_Lesion_regeneration_rates_in_reef-building_corals_Montastra..._doi-10.3354-meps339061.pdf,pdf,,fisher2007lesionregenerationratesinreefbuildingcoralsmontastradoi103354meps339061pdf,1,1,1,1,1,1,0,1,26
3a3fb59c-a303-49f1-aa80-21ffe7d182cf,Fong_1995_Hurricanes_Cause_Population_Expansion_of_the_Branchin..._doi-10.1111-j.1439-0485.1995.tb00415.x.pdf,pdf,,fong1995hurricanescausepopulationexpansionofthebranchindoi101111j143904851995tb00415xpdf,1,1,1,1,1,1,0,1,26
0405a331-372f-4038-954d-d4198f47c221,Forrester_2020_Theinfluenceofboatmooringsonanchor.pdf,pdf,,forrester2020theinfluenceofboatmooringsonanchorpdf,0,0,0,0,0,0,0,0,0
d1c095ae-0175-4230-ac6e-e27e88efd04a,Fox_2006_Recoveryfromblastfishingoncoralree.pdf,pdf,,fox2006recoveryfromblastfishingoncoralreepdf,0,0,0,0,0,0,0,0,0
f7c32e11-6c7f-40d9-bdc4-9779b2515ee9,Frank_2020_ThecolonialcnidarianHydractinia.pdf,pdf,,frank2020thecolonialcnidarianhydractiniapdf,0,0,0,0,0,0,0,0,0
0828ffa3-7ce3-4d0c-8101-5b3f44ded726,Fuller_2020_Acropora_millepora_genomic.pdf,pdf,,fuller2020acroporamilleporagenomicpdf,0,0,0,0,0,0,0,0,0
d9c94f19-8bd1-4d12-b7e2-d2962add9961,Furby_2014_Incidence_of_lesions_on_Fungiidae_corals_in_the_eastern_R..._doi-10.1016-j.marenvres.2014.04.002.pdf,pdf,,furby2014incidenceoflesionsonfungiidaecoralsintheeasternrdoi101016jmarenvres201404002pdf,1,0,1,0,0,0,0,1,8
9fcf39f5-d844-4fad-8390-f9baca04f9b4,Gierer_1972_RegenerationofHydrafromReaggregated.pdf,pdf,,gierer1972regenerationofhydrafromreaggregatedpdf,0,0,0,0,0,0,0,0,0
a804f684-51ae-477a-b8c6-7aae3d02e490,Gil_2013_Unitythroughnonlinearityaunimodalcor.pdf,pdf,,gil2013unitythroughnonlinearityaunimodalcorpdf,0,0,0,0,0,0,0,0,0
e42596c9-675d-4acb-a954-751085a816cd,Glynn_1980_Defensebysymbioticcrustaceaofhostc.pdf,pdf,,glynn1980defensebysymbioticcrustaceaofhostcpdf,0,0,0,0,0,0,0,0,0
984869a9-b946-48e5-90a8-d8d80bf13a19,Glynn_1986_FeedingbiologyofaHawaiianseastarc.pdf,pdf,,glynn1986feedingbiologyofahawaiianseastarcpdf,0,0,0,0,0,0,0,0,0
81ddde62-4aaf-4ae9-888c-9054a16b288d,Gold_2013_StemcellbiologyintheCnidariafound.pdf,pdf,,gold2013stemcellbiologyinthecnidariafoundpdf,0,0,0,0,0,0,0,0,0
6a14a9e9-da4e-425f-bf9d-59fa573487e1,Guzman_1994_Injury_regeneration_and_growth_of_Caribbean_reef_corals_a..._doi-10.3354-meps105231.pdf,pdf,,guzman1994injuryregenerationandgrowthofcaribbeanreefcoralsadoi103354meps105231pdf,1,1,1,1,1,1,0,1,28
e2191f69-a271-4c74-be4c-ebe977248362,Hall_1997_Interspecific_differences_in_the_regeneration_of_artificial..._doi-10.1016-s0022-0981_96_02760-8.pdf,pdf,,hall1997interspecificdifferencesintheregenerationofartificialdoi101016s0022098196027608pdf,1,1,1,1,1,1,1,1,31
b9536b7f-eb24-428a-8a9f-9750a74faa1f,Hall_2001_The_response_of_Acropora_hyacinthus_and_Montipora_tuberc..._doi-10.1016-s0022-0981_01_00318-5.pdf,pdf,,hall2001theresponseofacroporahyacinthusandmontiporatubercdoi101016s0022098101003185pdf,1,1,1,1,1,1,1,1,38
eeb732a3-4e14-4290-a137-fde54f9ff10b,Hall_2001_TheresponseofAcroporahyacinthusand.pdf,pdf,,hall2001theresponseofacroporahyacinthusandpdf,0,0,0,0,0,0,0,0,0
33b7b9b2-9041-454b-bba3-abfadd68029f,Hall_2015_Lesion_recovery_of_two_scleractinian_corals_under_low_pH_c..._doi-10.1016-j.marpolbul.2015.08.030.pdf,pdf,,hall2015lesionrecoveryoftwoscleractiniancoralsunderlowphcdoi101016jmarpolbul201508030pdf,1,1,1,1,1,1,1,1,30
5f3c15a1-f224-465e-ac65-ffc6fbe762ec,Hall_2015_Lesionrecoveryoftwoscleractiniancor.pdf,pdf,,hall2015lesionrecoveryoftwoscleractiniancorpdf,0,0,0,0,0,0,0,0,0
2b8676ad-34ad-450c-8649-095d5be68458,Hall_Injury_and_regeneration_of_common_reef-crest_corals.pdf,pdf,,hallinjuryandregenerationofcommonreefcrestcoralspdf,1,1,1,1,1,1,1,1,37
58b15640-3061-4ea9-a606-877701eef38c,Hamman_2019_Spatial_distribution_of_damage_affects_the_healing_growth_..._doi-10.1007-s00442-019-04509-7.pdf,pdf,,hamman2019spatialdistributionofdamageaffectsthehealinggrowthdoi101007s00442019045097pdf,1,1,1,1,1,1,1,1,33
da92c7b5-90a6-48e9-a3d2-259a6f48a6ad,Han_2025_In-depth_single-cell_transcriptomic_exploration_of_the_regen..._doi-10.1038-s42003-025-08089-6.pdf,pdf,,han2025indepthsinglecelltranscriptomicexplorationoftheregendoi101038s42003025080896pdf,1,0,1,0,0,1,0,1,8
609bfeca-c4c0-41d1-ba99-17dbd2241eba,Harborne_2017_MultipleStressorsandtheFunctioningo.pdf,pdf,,harborne2017multiplestressorsandthefunctioningopdf,0,0,0,0,0,0,0,0,0
d3d682ab-d2c9-497f-ab7f-8830f33e51ae,Harmelin-Vivien_1994_Theeffectsofstormsandcyclonesonco.pdf,pdf,,harmelinvivien1994theeffectsofstormsandcyclonesoncopdf,0,0,0,0,0,0,0,0,0
c635ac71-8d3d-45d5-ba6d-6ada7f34d106,Hay_2024_Amathematicalmodelforwoundhealingi.pdf,pdf,,hay2024amathematicalmodelforwoundhealingipdf,0,0,0,0,0,0,0,0,0
cb1f9bbe-6aa5-4797-9d01-731edf7e49f6,Henry_2005_Regeneration_from_Injury_and_Resource_Allocation_in_S..._doi-10.1002-iroh.200410759.pdf,pdf,,henry2005regenerationfrominjuryandresourceallocationinsdoi101002iroh200410759pdf,1,0,1,0,0,0,0,1,6
97325f3b-d98a-4677-8c5a-0363fc398714,Highsmith_1982_ReproductionbyFragmentationinCorals.pdf,pdf,,highsmith1982reproductionbyfragmentationincoralspdf,0,0,0,0,0,0,0,0,0
0ded3086-b937-43f3-a472-38b40d62919b,Hobmayer_2012_StemnessiniHydraiacurrentper.pdf,pdf,,hobmayer2012stemnessinihydraiacurrentperpdf,0,0,0,0,0,0,0,0,0
317d88df-4ec1-4bbd-886a-81fcdd36ca7d,Holbrook_2008_Effectsofshelteringfishongrowthof.pdf,pdf,,holbrook2008effectsofshelteringfishongrowthofpdf,0,0,0,0,0,0,0,0,0
9f047cc7-9af2-4b9f-91e7-31e708802625,Holstein_2003_CnidariansAnevolutionarilyconserved.pdf,pdf,,holstein2003cnidariansanevolutionarilyconservedpdf,0,0,0,0,0,0,0,0,0
65ccf3b6-92c0-416b-93ba-1cfd827b1ba1,Horricks_2019_Differential_protein_abundance_during_the_first_month_of_reg..._doi-10.1007-s00338-018-01754-9.pdf,pdf,,horricks2019differentialproteinabundanceduringthefirstmonthofregdoi101007s00338018017549pdf,1,1,1,1,1,1,0,1,28
5f4a560f-1449-4b1d-96ad-236a0da5fcb7,Horwitz_2014_High_CO2_detrimentally_affects_tissue_regeneration_of_Red..._doi-10.1007-s00338-014-1150-5.pdf,pdf,,horwitz2014highco2detrimentallyaffectstissueregenerationofreddoi101007s0033801411505pdf,1,1,1,1,1,1,1,1,30
9f7e1eba-2434-42bd-8b88-a9ee83e236ad,Houlbrèque_2009_HeterotrophyintropicalScleractinianc.pdf,pdf,,houlbreque2009heterotrophyintropicalscleractiniancpdf,0,0,0,0,0,0,0,0,0
51eee94b-6807-41db-81ef-1f479f644c46,Hughes_2017_Globalwarmingandrecurrentmassbleach.pdf,pdf,,hughes2017globalwarmingandrecurrentmassbleachpdf,0,0,0,0,0,0,0,0,0
bb03dcb7-bca9-4abe-831c-e55a03419bea,Hughes_2018_Spatialandtemporalpatternsofmassbl.pdf,pdf,,hughes2018spatialandtemporalpatternsofmassblpdf,0,0,0,0,0,0,0,0,0
f5c553c4-6413-4758-a505-6a6ae5f4b5ba,Hughes_2023_Principlesforcoralreefrestorationin.pdf,pdf,,hughes2023principlesforcoralreefrestorationinpdf,0,0,0,0,0,0,0,0,0
586216bb-828d-498e-b006-03caade92e8c,Jayewardene_2006_Fish_predation_on_Hawaiian_corals_doi-10.1007-s00338-006-0111-z.pdf,pdf,,jayewardene2006fishpredationonhawaiiancoralsdoi101007s003380060111zpdf,1,0,1,0,0,0,0,1,8
45fcfd8e-a2d2-4345-aec0-baeb03f883a4,Jayewardene_2009_Effects_of_frequent_fish_predation_on_corals_in_Hawaii_doi-10.1007-s00338-009-0475-y.pdf,pdf,,jayewardene2009effectsoffrequentfishpredationoncoralsinhawaiidoi101007s003380090475ypdf,1,1,1,1,0,1,1,1,30
4cc9b30b-9ed8-4123-82aa-2f182db391b7,Jayewardene_2010_Experimental_determination_of_the_cost_of_lesion_healing_on..._doi-10.1007-s00338-009-0560-2.pdf,pdf,,jayewardene2010experimentaldeterminationofthecostoflesionhealingondoi101007s0033800905602pdf,1,1,1,1,1,1,1,1,32
25b69d4e-602d-40e8-93a0-17ae973a2af5,Jones_2025_Evidence_of_rare_occurrences_of_the_Phoenix_effect_in_the..._doi-10.7717-peerj.19225.pdf,pdf,,jones2025evidenceofrareoccurrencesofthephoenixeffectinthedoi107717peerj19225pdf,1,0,1,0,0,0,0,1,7
acf00158-0890-4388-9a0e-da9194664ef6,Kaufman_2021_Thermal_history_influences_lesion_recovery_of_the_threatened..._doi-10.1007-s00338-020-02025-2.pdf,pdf,,kaufman2021thermalhistoryinfluenceslesionrecoveryofthethreateneddoi101007s00338020020252pdf,1,1,1,1,1,1,1,1,30
bc157775-6a45-4c5c-a760-6d3550b31229,Kersting_2019_Living_evidence_of_a_fossil_survival_strategy_raises_hope_fo..._doi-10.1126-sciadv.aax2950.pdf,pdf,,kersting2019livingevidenceofafossilsurvivalstrategyraiseshopefodoi101126sciadvaax2950pdf,1,0,1,0,0,0,0,1,7
91725b9f-f3c3-47ec-b44c-b77031d4e3f4,Knapp_2022_Coralmicrofragmentationassaysforopt.pdf,pdf,,knapp2022coralmicrofragmentationassaysforoptpdf,0,0,0,0,0,0,0,0,0
bbe15de7-09ee-4ad0-9a2a-2df56656cb81,Koizumi_1990_Nervenetformationintheprimitivener.pdf,pdf,,koizumi1990nervenetformationintheprimitivenerpdf,0,0,0,0,0,0,0,0,0
716978e8-7256-4c47-9ccf-35ff6c3ed3cc,Kokita_2001_Rapid_response_of_an_obligately_corallivorous_filefish_Oxym..._doi-10.1007-s003380100153.pdf,pdf,,kokita2001rapidresponseofanobligatelycorallivorousfilefishoxymdoi101007s003380100153pdf,1,0,1,0,0,0,0,1,7
3890323e-1092-4037-8fe9-b8b5249e31c3,Koop_2001_ENCORETheeffectofnutrientenrichmen.pdf,pdf,,koop2001encoretheeffectofnutrientenrichmenpdf,0,0,0,0,0,0,0,0,0
04e10b24-592e-4cf3-8f94-226c7904262d,Kramarsky-Winter_2000_Tissue_regeneration_in_the_coral_Fungia_granulosa_the_ef..._doi-10.1007-s002270000416.pdf,pdf,,kramarskywinter2000tissueregenerationinthecoralfungiagranulosatheefdoi101007s002270000416pdf,1,1,1,1,1,1,1,1,32
2a2bc7da-361f-48b9-ab06-1533fd2ff1b7,Lamb_2015_Protectedareasmitigatediseasesofree.pdf,pdf,,lamb2015protectedareasmitigatediseasesofreepdf,0,0,0,0,0,0,0,0,0
c7e440a6-1730-4e79-b102-1500d400e564,Layden_2016_TheriseofthestarletseaanemoneNema.pdf,pdf,,layden2016theriseofthestarletseaanemonenemapdf,0,0,0,0,0,0,0,0,0
40359446-8345-4a72-8169-af86ad3de9d6,Lenihan_2010_Response_of_Pocillopora_verrucosa_to_corallivory_varies_wi..._doi-10.3354-meps08595.pdf,pdf,,lenihan2010responseofpocilloporaverrucosatocorallivoryvarieswidoi103354meps08595pdf,1,1,1,1,1,1,1,1,30
a67392b0-7a7e-43ad-917d-94febf750c1a,Lenihan_2015_Hydrodynamics_influence_coral_performance_through_simultaneo..._doi-10.1890-14-1115.1.pdf,pdf,,lenihan2015hydrodynamicsinfluencecoralperformancethroughsimultaneodoi1018901411151pdf,1,1,1,1,0,1,1,1,29
cf0dfa52-c9e6-4d7f-9ae1-5970162a807f,Lester_1985_Effects_of_environment_on_regeneration_rate_of_tissue_lesion..._doi-10.3354-meps024183.pdf,pdf,,lester1985effectsofenvironmentonregenerationrateoftissuelesiondoi103354meps024183pdf,1,1,1,1,1,1,0,1,27
f4fefc50-aaa5-4724-8463-16f6f62dcb9f,Leuzinger_2012_Energy_allocation_in_a_reef_coral_under_varying_resource_ava..._doi-10.1007-s00227-011-1797-1.pdf,pdf,,leuzinger2012energyallocationinareefcoralundervaryingresourceavadoi101007s0022701117971pdf,1,0,1,0,0,0,0,1,7
bbeda1b0-0f29-4d5b-aca5-7a930eb1be76,Levanoni - 2021 - Coral Tissue Growth and Regeneration Conjoin the Advent of Adult Stem Cell-Like Cells.pdf,pdf,,levanoni2021coraltissuegrowthandregenerationconjointheadventofadultstemcelllikecellspdf,1,0,1,0,0,1,0,1,8
bf7c803e-e2d9-4ba0-9d47-d645896f4be4,Levanoni_2024_Coral_Tissue_Regeneration_and_Growth_Is_Associated_..._doi-10.3390-jmse12020343.pdf,pdf,,levanoni2024coraltissueregenerationandgrowthisassociateddoi103390jmse12020343pdf,1,0,1,0,0,1,0,1,7
3e7855b5-19c5-4a76-ad4a-706dd3eaa96e,Levy_2021_Astonycoralcellatlasilluminatesthe.pdf,pdf,,levy2021astonycoralcellatlasilluminatesthepdf,0,0,0,0,0,0,0,0,0
3fc19c55-7082-4042-a28b-2da6055bb0e6,Li_2022_PMC9426491.pdf,pdf,,li2022pmc9426491pdf,0,0,0,0,0,0,0,0,0
e1fe67b6-7beb-43ff-bb09-b0b2262e6d05,Lirman_2000_Fragmentation_in_the_branching_coral_Acropora_palmata_La..._doi-10.1016-s0022-0981_00_00205-7.pdf,pdf,,lirman2000fragmentationinthebranchingcoralacroporapalmataladoi101016s0022098100002057pdf,1,1,1,1,0,1,0,1,26
3764e810-0eb0-4d34-baca-2c5136c95bc8,Lirman_2000_Lesion_regeneration_in_the_branching_coral_Acropora_palmat..._doi-10.3354-meps197209.pdf,pdf,,lirman2000lesionregenerationinthebranchingcoralacroporapalmatdoi103354meps197209pdf,1,1,1,1,1,1,0,1,28
e4e7eb7d-e670-4f25-b0ae-939b9653b686,Lirman_2000a_FragmentationinthebranchingcoralAcropora.pdf,pdf,,lirman2000afragmentationinthebranchingcoralacroporapdf,0,0,0,0,0,0,0,0,0
d110a8f5-278e-4ba7-a502-32eb61aed5cb,Lirman_2010_Propagation_of_the_threatened_staghorn_coral_Acropora_cerv..._doi-10.1007-s00338-010-0621-6.pdf,pdf,,lirman2010propagationofthethreatenedstaghorncoralacroporacervdoi101007s0033801006216pdf,1,1,1,1,0,1,1,1,35
3077a17c-6c27-4f2e-9b9c-6efea0b17328,Lock_2022_Calcium_homeostasis_disruption_initiates_rapid_growth_after..._doi-10.1002-ece3.9345_2.pdf,pdf,,lock2022calciumhomeostasisdisruptioninitiatesrapidgrowthafterdoi101002ece393452pdf,1,0,1,0,0,1,0,1,9
d3d8c44a-eb30-458a-9f59-d93894d9305b,Lock_Quantifying_physiological_responses_to_physical_injury_in_P....pdf,pdf,,lockquantifyingphysiologicalresponsestophysicalinjuryinppdf,1,0,1,0,0,0,0,1,8
070cf5f2-ae03-4d99-8e1b-7e07f8428803,Loya_1976_Skeletal_regeneration_in_a_Red_Sea_scleractinian_coral_p..._doi-10.1038-261490a0.pdf,pdf,,loya1976skeletalregenerationinaredseascleractiniancoralpdoi101038261490a0pdf,1,1,1,1,1,1,1,1,32
5c6c00e3-37f3-4c72-83c3-e2694b39f338,Lozada-Misa_2015_ContrastingLesionDynamicsofWhiteSyn.pdf,pdf,,lozadamisa2015contrastinglesiondynamicsofwhitesynpdf,0,0,0,0,0,0,0,0,0
9189fc2a-add9-4066-aebe-ad7bfaa7973b,Luz_2018_A_polyp_from_nothing_The_extreme_regeneration_capacity_of..._doi-10.1016-j.jembe.2018.02.002.pdf,pdf,,luz2018apolypfromnothingtheextremeregenerationcapacityofdoi101016jjembe201802002pdf,1,0,1,0,0,0,0,1,8
6627c0f6-ee21-4eef-9651-e3312a7695dc,Luz_2021_High_regenerative_capacity_is_a_general_feature_within_colon..._doi-10.1002-jez.b.23021.pdf,pdf,,luz2021highregenerativecapacityisageneralfeaturewithincolondoi101002jezb23021pdf,1,0,1,0,0,0,0,1,7
66c25dd3-3ef3-4d36-9930-e9b3e852913d,Madeira_2022_Does_Predation_Exacerbate_the_Risk_of_Endosymbiont_..._doi-10.3389-fphys.2022.801672.pdf,pdf,,madeira2022doespredationexacerbatetheriskofendosymbiontdoi103389fphys2022801672pdf,1,0,1,0,0,1,0,1,8
9a245adb-106c-490c-947c-09299931b851,Maher_2019_Multiple_stressors_interact_primarily_through_antagonism_to..._doi-10.1038-s41598-019-43274-8.pdf,pdf,,maher2019multiplestressorsinteractprimarilythroughantagonismtodoi101038s41598019432748pdf,1,0,1,0,0,1,0,1,7
bff9a8c6-c6fb-47d7-a11c-21e8f98cf251,May_2023_AcuteturbidityexposureswithPortofM.pdf,pdf,,may2023acuteturbidityexposureswithportofmpdf,0,0,0,0,0,0,0,0,0
f79ab548-a51c-4f06-8fba-85e151ee2fe4,May_2023_AcuteturbidityexposureswithPortofM.pdf,pdf,,may2023acuteturbidityexposureswithportofmpdf,0,0,0,0,0,0,0,0,0
4c45e5d0-dd09-445b-b69a-426358f7d438,McClanahan_2005_Detrimentstopostbleachingrecoveryof.pdf,pdf,,mcclanahan2005detrimentstopostbleachingrecoveryofpdf,0,0,0,0,0,0,0,0,0
8e27a25d-578b-4ed1-9b10-03dfb3e3f115,McCook_2001_Competitionbetweencoralsandalgaeon.pdf,pdf,,mccook2001competitionbetweencoralsandalgaeonpdf,0,0,0,0,0,0,0,0,0
38c7b0f9-bb3c-44cb-807c-6a0fbfaccaa3,McKeon_2012_Multipledefendereffectssynergisticc.pdf,pdf,,mckeon2012multipledefendereffectssynergisticcpdf,0,0,0,0,0,0,0,0,0
7e6b8ae7-c64b-4655-a2c2-ee34c7d665b7,McKeon_2014_Speciesandsizediversityinprotective.pdf,pdf,,mckeon2014speciesandsizediversityinprotectivepdf,0,0,0,0,0,0,0,0,0
6b96575e-9bf7-46f2-a12e-73b565f46629,Meesters_1993_Effects_of_coral_bleaching_on_tissue_regeneration_potential..._doi-10.3354-meps096189.pdf,pdf,,meesters1993effectsofcoralbleachingontissueregenerationpotentialdoi103354meps096189pdf,1,1,1,1,1,1,0,1,27
c84ce087-58f5-4e19-a373-34f57299f6d0,Meesters_1994_Damage_and_regeneration_links_to_growth_in_the_reef-buildin..._doi-10.3354-meps112119.pdf,pdf,,meesters1994damageandregenerationlinkstogrowthinthereefbuildindoi103354meps112119pdf,1,1,1,1,1,1,1,1,38
398d01aa-1e0e-4c46-9989-8490ca8748d5,Meesters_1996_Partial_Mortality_in_Three_Species_of_Reef_-_Building....pdf,pdf,,meesters1996partialmortalityinthreespeciesofreefbuildingpdf,1,1,1,1,0,1,1,1,30
e957b976-8e47-418c-be44-723926e87225,Meszaros_1999_Qualitative_and_Quantitative_Study_of_Wound_Healing_..._doi-10.1006-jipa.1999.4851.pdf,pdf,,meszaros1999qualitativeandquantitativestudyofwoundhealingdoi101006jipa19994851pdf,1,0,1,0,0,0,0,1,7
e65daaf2-01ad-4563-a28b-a66f5fdcb84c,Middelburg_2015_Discoveryofsymbioticnitrogenfixation.pdf,pdf,,middelburg2015discoveryofsymbioticnitrogenfixationpdf,0,0,0,0,0,0,0,0,0
f46ad039-b2d6-4a0a-860d-98cf61f2a7de,Miller_1998_Effects_of_fish_predation_and_seaweed_competition_on_the_sur..._doi-10.1007-s004420050373.pdf,pdf,,miller1998effectsoffishpredationandseaweedcompetitiononthesurdoi101007s004420050373pdf,1,1,1,1,0,1,1,1,29
b6319072-0fff-44d7-a73f-c56198dbaf0a,Minobe_1995_Nervecelldifferentiationinnervefree.pdf,pdf,,minobe1995nervecelldifferentiationinnervefreepdf,0,0,0,0,0,0,0,0,0
37c2de26-42d4-43c6-b54d-1b04e2412b74,Moriarty_2020_Coraldiseasecausesconsequencesand.pdf,pdf,,moriarty2020coraldiseasecausesconsequencesandpdf,0,0,0,0,0,0,0,0,0
9b64fdb5-d5c6-43d7-b48e-a5dc7bd89175,Moriarty_2020_Coraldiseasecausesconsequencesand.pdf,pdf,,moriarty2020coraldiseasecausesconsequencesandpdf,0,0,0,0,0,0,0,0,0
f7e0ecdc-9024-4b28-b70f-df766e905ccf,Morris_2019_Nutrientavailabilityandmetabolismaff.pdf,pdf,,morris2019nutrientavailabilityandmetabolismaffpdf,0,0,0,0,0,0,0,0,0
d09112aa-142c-46bf-bddf-1e2fd6d45003,Moses_2015_Coral_Regeneration_Assay_doi-10.1002-9781118828502.ch35.pdf,pdf,,moses2015coralregenerationassaydoi1010029781118828502ch35pdf,1,0,1,0,0,0,0,1,6
627e22a4-1167-42f8-b8eb-3ac84f37355a,Motta_1988_Functionalmorphologyofthefeedingapp.pdf,pdf,,motta1988functionalmorphologyofthefeedingapppdf,0,0,0,0,0,0,0,0,0
c9a7e412-6f2f-4baf-9cde-29e23e6aeeb0,Munk_Host_and_Symbiont_Physiology_During_Wound_Regenerat....pdf,pdf,,munkhostandsymbiontphysiologyduringwoundregeneratpdf,1,1,1,1,1,1,0,1,27
a2fbef01-3a0c-4f43-b22a-d4446d9c5159,Muscatine_1981_Estimatingthedailycontributionofcar.pdf,pdf,,muscatine1981estimatingthedailycontributionofcarpdf,0,0,0,0,0,0,0,0,0
0eaed7c4-422b-492b-8e91-e254ddb36bc7,Mydlarz_2006_Innateimmunityenvironmentaldrivers.pdf,pdf,,mydlarz2006innateimmunityenvironmentaldriverspdf,0,0,0,0,0,0,0,0,0
8c205a55-4093-46c5-a7c2-e356c8bf6a7c,Nagelkerken_1998_Differential_regeneration_of_artificial_lesions_among_sympat..._doi-10.3354-meps163279.pdf,pdf,,nagelkerken1998differentialregenerationofartificiallesionsamongsympatdoi103354meps163279pdf,1,1,1,1,1,1,1,1,32
b2eaa7a6-c475-4f8e-bec2-2a52585da7c3,Nagelkerken_1999_Depth-related_variation_in_regeneration_of_artificial_lesion..._doi-10.1016-s0022-0981_98_00147-6.pdf,pdf,,nagelkerken1999depthrelatedvariationinregenerationofartificiallesiondoi101016s0022098198001476pdf,1,1,1,1,1,1,1,1,32
bdb553fe-83dc-4741-927d-6eeef06009e3,Nalley_2023_Asystematicreviewandmetaanalysisof.pdf,pdf,,nalley2023asystematicreviewandmetaanalysisofpdf,0,0,0,0,0,0,0,0,0
9f560a14-a39a-4d71-8d68-9c14a4001c75,Nicolet_2018_Predation_scars_may_influence_host_susceptibility_to_pathoge..._doi-10.1038-s41598-018-23361-y.pdf,pdf,,nicolet2018predationscarsmayinfluencehostsusceptibilitytopathogedoi101038s4159801823361ypdf,1,1,1,1,0,1,1,1,29
d17e3c0b-32a1-4c10-94fa-7558d22f726e,Okubo_2008_Size-independent_investment_allocation_to_regeneration_and_g..._doi-10.3755-galaxea.10.83.pdf,pdf,,okubo2008sizeindependentinvestmentallocationtoregenerationandgdoi103755galaxea1083pdf,1,1,1,1,1,1,1,1,32
84a7b2a4-6982-4dce-a39a-2d4f07d0176b,Oren_1997_Effect_of_lesion_size_and_shape_on_regeneration_of_the_Red_..._doi-10.3354-meps146101.pdf,pdf,,oren1997effectoflesionsizeandshapeonregenerationofthereddoi103354meps146101pdf,1,1,1,1,1,1,1,1,39
86b70912-c65a-4dfd-8cdc-211d14ecd270,Oren_1997_Oriented_intra-colonial_transport_of_14C_labeled_materials..._doi-10.3354-meps161117.pdf,pdf,,oren1997orientedintracolonialtransportof14clabeledmaterialsdoi103354meps161117pdf,1,0,1,0,0,1,0,1,8
dde2eb4e-630f-4dd2-a809-c749772d9523,Oren_1998_Prudent_sessile_feeding_by_the_corallivore_snail_Coralliop..._doi-10.1098-rspb.1998.0538.pdf,pdf,,oren1998prudentsessilefeedingbythecorallivoresnailcoralliopdoi101098rspb19980538pdf,1,0,1,0,0,1,0,1,9
a3b88246-eb7f-49ed-a997-67c6d36e9413,Oren_2001_Colony_Integration_during_Regeneration_in_the_Stony_C..._doi-10.2307-2680199.pdf,pdf,,oren2001colonyintegrationduringregenerationinthestonycdoi1023072680199pdf,1,1,1,1,1,1,1,1,38
1302629f-4be9-435d-92b2-b35f33f03b76,Ostendarp_2022_Completeandrapidregenerationoffragm.pdf,pdf,,ostendarp2022completeandrapidregenerationoffragmpdf,0,0,0,0,0,0,0,0,0
d7f996dc-c00b-423c-b424-965cd78f9d1b,Page_2008_Epidemiology_of_skeletal_eroding_band_on_the_Great_Barrie..._doi-10.1007-s00338-007-0317-8.pdf,pdf,,page2008epidemiologyofskeletalerodingbandonthegreatbarriedoi101007s0033800703178pdf,1,1,1,1,0,1,1,1,29
15949017-2650-4539-9e54-58f9fc4d35c1,Page_2018_Microfragmentingforthesuccessfulrest.pdf,pdf,,page2018microfragmentingforthesuccessfulrestpdf,0,0,0,0,0,0,0,0,0
3f852e08-6b2f-488b-9351-0f78b2ba41a5,Palacios_2014_Fish_corallivory_on_a_pocilloporid_reef_and_experimental_cor..._doi-10.1007-s00338-014-1173-y.pdf,pdf,,palacios2014fishcorallivoryonapocilloporidreefandexperimentalcordoi101007s003380141173ypdf,1,1,1,1,0,1,1,1,28
5d4d96e1-dde4-43e1-a2e4-26bd60a92ee1,Palmer_2008_Evidenceofaninflammatorylikerespons.pdf,pdf,,palmer2008evidenceofaninflammatorylikeresponspdf,0,0,0,0,0,0,0,0,0
2e735d26-55d4-4833-a8a9-56496e2d0d3c,Palmer_2011_Corals_Use_Similar_Immune_Cells_and_Wound_-_Healing..._doi-10.1371-journal.pone.0023992.pdf,pdf,,palmer2011coralsusesimilarimmunecellsandwoundhealingdoi101371journalpone0023992pdf,1,0,1,0,0,1,0,1,9
6c911a43-b636-4c06-8d61-365280606238,Papenfuss_1934_Reunitionofpiecesinhydrawithspeci.pdf,pdf,,papenfuss1934reunitionofpiecesinhydrawithspecipdf,0,0,0,0,0,0,0,0,0
b2fc2ce3-e11e-4453-a3be-0df3d15d5454,Paradis_2019_Compound_effects_of_thermal_stress_and_tissue_abrasion_on_ph..._doi-10.1016-j.jembe.2019.151222.pdf,pdf,,paradis2019compoundeffectsofthermalstressandtissueabrasiononphdoi101016jjembe2019151222pdf,1,0,1,0,0,1,0,1,8
b5e44ed3-b03e-46a9-be85-7cfc787b10a7,Pardy_1976_Growthofalgalsymbiontsinregeneratin.pdf,pdf,,pardy1976growthofalgalsymbiontsinregeneratinpdf,0,0,0,0,0,0,0,0,0
20eca010-2d04-481a-b2c1-67e7122f947d,Pastar_2021_Epigeneticregulationofcellularfuncti.pdf,pdf,,pastar2021epigeneticregulationofcellularfunctipdf,0,0,0,0,0,0,0,0,0
2e0d513b-2627-433e-a904-9467c1c841a7,Patterson_2002_EtiologyofwhitepoxAcroporapalmata.pdf,pdf,,patterson2002etiologyofwhitepoxacroporapalmatapdf,0,0,0,0,0,0,0,0,0
2eab453f-4b4d-4f55-9502-32cb410dbaad,Pavia_Jr_2019_Survival_and_Growth_of_Isolated_Polyps_of_Galaxea_fa..._doi-10.1111-jwas.12538.pdf,pdf,,paviajr2019survivalandgrowthofisolatedpolypsofgalaxeafadoi101111jwas12538pdf,1,0,1,0,0,0,0,1,8
6f750c49-3261-482c-ade2-373835f7cf40,Paz-Garcia_2006_Temporal_variation_in_the_regeneration_rate_of_artificial_le..._doi-10.7773-cm.v32i12.1027.pdf,pdf,,pazgarcia2006temporalvariationintheregenerationrateofartificialledoi107773cmv32i121027pdf,1,1,1,1,1,1,1,1,30
3271c040-83e7-441d-a849-32d03b19e593,Peixoto_2017_BeneficialmicroorganismsforcoralsBM.pdf,pdf,,peixoto2017beneficialmicroorganismsforcoralsbmpdf,0,0,0,0,0,0,0,0,0
df211e9f-33ed-4631-b952-6d5cf48724c8,Pisapia_2016_Temporal_consistency_in_background_mortality_of_four_dominan..._doi-10.1007-s00338-016-1421-4.pdf,pdf,,pisapia2016temporalconsistencyinbackgroundmortalityoffourdominandoi101007s0033801614214pdf,1,0,1,0,0,0,0,1,7
e944b3e4-72eb-4ea2-a958-8893f5852052,Pisapia_2020_Epifaunalinvertebrateassemblagesassoc.pdf,pdf,,pisapia2020epifaunalinvertebrateassemblagesassocpdf,0,0,0,0,0,0,0,0,0
b2f3bba2-1186-4245-b323-8c1f8a124f3a,Pitts_2025_SCTLD_field_probiotic.pdf,pdf,,pitts2025sctldfieldprobioticpdf,0,0,0,0,0,0,0,0,0
204d53a4-ec6a-4489-9623-a6d1529afaf4,Pratchett_2005_DynamicsofanoutbreakpopulationofAc.pdf,pdf,,pratchett2005dynamicsofanoutbreakpopulationofacpdf,0,0,0,0,0,0,0,0,0
28b2977d-c0d3-4ceb-9182-9df5c750cbba,Pratchett_2017_ThirtyYearsofResearchonCrownofTho.pdf,pdf,,pratchett2017thirtyyearsofresearchoncrownofthopdf,0,0,0,0,0,0,0,0,0
7ec080cc-81da-477d-b48b-dc7fffbc95bb,Qin_2020_Latitudinalvariationinreefcoraltiss.pdf,pdf,,qin2020latitudinalvariationinreefcoraltisspdf,0,0,0,0,0,0,0,0,0
af32557c-c3b5-4aaa-b34e-3fdcfd144961,Qin_2020_Latitudinalvariationinreefcoraltiss.pdf,pdf,,qin2020latitudinalvariationinreefcoraltisspdf,0,0,0,0,0,0,0,0,0
18d8c5c5-7e67-453b-8c9d-a757866d8251,Rahat_1983_Acomparativestudyoftentacleregenera.pdf,pdf,,rahat1983acomparativestudyoftentacleregenerapdf,0,0,0,0,0,0,0,0,0
f03ad219-9305-4be5-87b2-05d117103745,Rapuano_2023_Coming_of_age_Annual_onset_of_coral_reproduction_is_deter..._doi-10.1016-j.isci.2023.106533.pdf,pdf,,rapuano2023comingofageannualonsetofcoralreproductionisdeterdoi101016jisci2023106533pdf,1,0,1,0,0,0,0,1,7
1166c22a-88f0-4390-bfce-17c49b6be790,Rawlinson_2012_Discoveryofthecorallivorouspolyclad.pdf,pdf,,rawlinson2012discoveryofthecorallivorouspolycladpdf,0,0,0,0,0,0,0,0,0
06ab1757-8fe9-4325-96ed-6f3106b325e4,Raymundo_2016_Effects_of_Coralliophila_violacea_on_tissue_loss_in_the_sc..._doi-10.3354-dao02982.pdf,pdf,,raymundo2016effectsofcoralliophilaviolaceaontissuelossinthescdoi103354dao02982pdf,1,1,1,1,0,1,1,1,30
3c3ec990-34c7-4bdb-bb49-e8d31bf6c201,Renegar_2008_Coral_Ultrastructural_Response_to_Elevated_pCO2_and....pdf,pdf,,renegar2008coralultrastructuralresponsetoelevatedpco2andpdf,1,0,1,0,0,1,0,1,8
6587b0e6-d462-492e-b2aa-177f3d11247d,Renegar_2015_Histology_and_ultrastructure_of_Montastraea_cavernosa_and....pdf,pdf,,renegar2015histologyandultrastructureofmontastraeacavernosaandpdf,1,0,1,0,0,1,0,1,8
aa91e8d4-017a-4b0d-a88d-e6f803066fb5,Renfro_2017_Benthiccommunitystructureoncoralree.pdf,pdf,,renfro2017benthiccommunitystructureoncoralreepdf,0,0,0,0,0,0,0,0,0
d91567ed-53f7-4e71-a31b-a02efa158f90,Renzi_2022_Theroleofpredatorsincoraldiseased.pdf,pdf,,renzi2022theroleofpredatorsincoraldiseasedpdf,0,0,0,0,0,0,0,0,0
0ccdd954-1740-44d7-a2c6-6280125057b5,Rice_2019_Different_nitrogen_sources_speed_recovery_from_corallivory_a..._doi-10.7717-peerj.8056.pdf,pdf,,rice2019differentnitrogensourcesspeedrecoveryfromcorallivoryadoi107717peerj8056pdf,1,1,1,1,1,1,1,1,30
002a60bc-55c8-4fdb-860a-1169fc99b2a8,Rice_2021_Complex_interactions_with_nutrients_and_sediment_alter_the_e..._doi-10.1111-maec.12670.pdf,pdf,,rice2021complexinteractionswithnutrientsandsedimentaltertheedoi101111maec12670pdf,1,1,1,1,1,1,1,1,36
c7986629-6d1d-454e-891d-dbd1b6664310,Rinkevich_1996_Do_reproduction_and_regeneration_in_damaged_corals_compete_f..._doi-10.3354-meps143297.pdf,pdf,,rinkevich1996doreproductionandregenerationindamagedcoralscompetefdoi103354meps143297pdf,1,0,1,0,0,1,0,1,8
ca8af8f7-54cb-4053-a8b4-33ecf8860c3e,Robertson_1970_Reviewofthepredatorsandparasitesof.pdf,pdf,,robertson1970reviewofthepredatorsandparasitesofpdf,0,0,0,0,0,0,0,0,0
e2690aff-5a20-4205-9f93-4c0f46c8d749,Rodriguez-Villalobos_2016_Wound_repair_in_Pocillopora_doi-10.1016-j.jip.2016.07.002.pdf,pdf,,rodriguezvillalobos2016woundrepairinpocilloporadoi101016jjip201607002pdf,1,0,1,0,0,1,0,1,9
822e5ac7-cdbb-40f9-94ea-6f0962ebd09a,Rodríguez-Villalobos_2016_WoundrepairiniPocilloporai.pdf,pdf,,rodriguezvillalobos2016woundrepairinipocilloporaipdf,0,0,0,0,0,0,0,0,0
0fef76ae-f8a7-4598-a71e-60277ed13b79,Roff_2014_Porites_and_the_Phoenix_effect_unprecedented_recovery_aft..._doi-10.1007-s00227-014-2426-6.pdf,pdf,,roff2014poritesandthephoenixeffectunprecedentedrecoveryaftdoi101007s0022701424266pdf,1,0,1,0,0,0,0,1,8
33d2bc0d-ec51-4225-a216-bf74b34fa89d,Rotjan_2006_Chronic_parrotfish_grazing_impedes_coral_recovery_after_blea..._doi-10.1007-s00338-006-0120-y.pdf,pdf,,rotjan2006chronicparrotfishgrazingimpedescoralrecoveryafterbleadoi101007s003380060120ypdf,1,1,1,1,0,1,1,1,28
fe532d7a-f878-4a85-962a-7de43d06a80c,Rotjan_2009_Predators_selectively_graze_reproductive_structures_in_a_clo..._doi-10.1007-s00227-008-1108-7.pdf,pdf,,rotjan2009predatorsselectivelygrazereproductivestructuresinaclodoi101007s0022700811087pdf,1,1,1,1,1,1,0,1,29
0a53c059-7113-4949-bacc-ace35e9619ed,Ruiz-Diaz_2016_Theroleofcoralcolonyhealthstatein.pdf,pdf,,ruizdiaz2016theroleofcoralcolonyhealthstateinpdf,0,0,0,0,0,0,0,0,0
7acc335a-60ad-43ed-b8f8-b3a6325546cd,Rädecker_2021_Heatstressdestabilizessymbioticnutri.pdf,pdf,,radecker2021heatstressdestabilizessymbioticnutripdf,0,0,0,0,0,0,0,0,0
0caae3ce-2444-4f10-b7fe-a5685ceb0da1,Röttinger_2021_NematostellavectensisanEmergingMode.pdf,pdf,,rottinger2021nematostellavectensisanemergingmodepdf,0,0,0,0,0,0,0,0,0
3525a9e1-a6a5-4dde-bd4f-ee11aca68ad1,STIER_ETAL_MS_2026-05-21 (THIS PAPER for grounding),pdf,,stieretalms20260521thispaperforgrounding,0,0,0,0,0,0,0,0,0
6da70b1c-7428-4a76-904c-b69d981f2824,Sabine_2015_Environmental_conditions_influence_tissue_regeneration_rates..._doi-10.1016-j.marpolbul.2015.04.006.pdf,pdf,,sabine2015environmentalconditionsinfluencetissueregenerationratesdoi101016jmarpolbul201504006pdf,1,1,1,1,1,1,1,1,30
6dff4582-b0c5-4bf5-b89c-b858a4664a31,Salamanca-Díaz_2025_TheiHydractiniaicellatlasreveal.pdf,pdf,,salamancadiaz2025theihydractiniaicellatlasrevealpdf,0,0,0,0,0,0,0,0,0
2059b598-335f-4890-8512-6e1f86fed557,Sani_2024_Ocean_warming_and_acidification_detrimentally_affect_coral_t..._doi-10.1016-j.scitotenv.2023.167789.pdf,pdf,,sani2024oceanwarmingandacidificationdetrimentallyaffectcoraltdoi101016jscitotenv2023167789pdf,1,1,1,1,1,1,1,1,31
8a06a65f-c6b4-427b-8157-52dd6f988da2,Sani_2024_Ocean_warming_and_acidification_detrimentally_affect_coral_t..._doi-10.1016-j.scitotenv.2023.167789_2.pdf,pdf,,sani2024oceanwarmingandacidificationdetrimentallyaffectcoraltdoi101016jscitotenv20231677892pdf,1,0,1,0,0,0,0,1,7
7f93bb20-5bd3-4a87-b42f-3441738003e2,Sato_2009_SuccessionalchangesinbacterialBBD.pdf,pdf,,sato2009successionalchangesinbacterialbbdpdf,0,0,0,0,0,0,0,0,0
11d0c6f7-a70e-4f77-be2a-c7b9b570a93f,Schopmeyer_2017_RegionalrestorationbenchmarksforAcro.pdf,pdf,,schopmeyer2017regionalrestorationbenchmarksforacropdf,0,0,0,0,0,0,0,0,0
293ba707-b315-4bab-b349-b9f5ca410f40,Seifert_2023_Enduringquestionsinregenerativebiolo.pdf,pdf,,seifert2023enduringquestionsinregenerativebiolopdf,0,0,0,0,0,0,0,0,0
9d6998fc-caf1-4dbd-883f-ad9b9184d062,Shaver_2017_Effects_of_predation_and_nutrient_enrichment_on_the_success..._doi-10.1002-ecy.1709.pdf,pdf,,shaver2017effectsofpredationandnutrientenrichmentonthesuccessdoi101002ecy1709pdf,1,1,1,1,0,1,1,1,28
9b677d96-662e-4114-83b2-34d492e969af,Shaver_2018_Localmanagementactionscanincreaseco.pdf,pdf,,shaver2018localmanagementactionscanincreasecopdf,0,0,0,0,0,0,0,0,0
3b500dbd-57b5-46ab-83a1-bacffec122a8,Shirur_2016_Lesion_recovery_and_the_bacterial_microbiome_in_two_Caribbe..._doi-10.1007-s00227-016-3008-6.pdf,pdf,,shirur2016lesionrecoveryandthebacterialmicrobiomeintwocaribbedoi101007s0022701630086pdf,1,0,1,0,0,0,0,1,6
524c0c67-2b6b-46b8-917d-75920e535445,Siebert_2019_Stemcelldifferentiationtrajectoriesi.pdf,pdf,,siebert2019stemcelldifferentiationtrajectoriesipdf,0,0,0,0,0,0,0,0,0
c98476f8-e261-40fd-bc28-64124a66eea1,Smith_2006_Indirecteffectsofalgaeoncoralalga.pdf,pdf,,smith2006indirecteffectsofalgaeoncoralalgapdf,0,0,0,0,0,0,0,0,0
951cc953-45a6-4421-b64f-67bb5174c5aa,Sodhi_2010_ConservationBiologyforAll.pdf,pdf,,sodhi2010conservationbiologyforallpdf,0,0,0,0,0,0,0,0,0
635d9cb2-270b-4bcc-b676-c84b81b0620b,Soong and Lang - 1992 - Reproductive Integration in Reef Corals.pdf,pdf,,soongandlang1992reproductiveintegrationinreefcoralspdf,1,1,1,1,0,1,1,1,37
f5a0d753-eb6b-424a-99c1-5595724208cd,Stier_2010_Guardcrabsalleviatedeleteriouseffect.pdf,pdf,,stier2010guardcrabsalleviatedeleteriouseffectpdf,0,0,0,0,0,0,0,0,0
205340ac-8104-4957-acbf-d26fc2048102,Stier_2012_Housekeepingmutualismsdomoresymbion.pdf,pdf,,stier2012housekeepingmutualismsdomoresymbionpdf,0,0,0,0,0,0,0,0,0
e03fea04-3942-471c-95b5-0ebd7477ccee,Stier_2024_Coralguardcrabs.pdf,pdf,,stier2024coralguardcrabspdf,0,0,0,0,0,0,0,0,0
029224ff-2057-44f6-9826-82375542c0f5,Stier_2024_Howfishesandinvertebratesimpactcora.pdf,pdf,,stier2024howfishesandinvertebratesimpactcorapdf,0,0,0,0,0,0,0,0,0
1a3946d2-f518-457f-8fde-ec69b55e2aea,Stimson_1990_Stimulationoffatbodyproductioninth.pdf,pdf,,stimson1990stimulationoffatbodyproductioninthpdf,0,0,0,0,0,0,0,0,0
e546b467-a9ea-4d0c-bbea-7ec9a36fe6c5,Sutherland_2011_PathogenisolationApalmataWhitepox.pdf,pdf,,sutherland2011pathogenisolationapalmatawhitepoxpdf,0,0,0,0,0,0,0,0,0
26ac1314-0cd0-4e1b-b703-ea888e6f6167,Sweet_2012_Ciliateandbacterialcommunitiesassoci.pdf,pdf,,sweet2012ciliateandbacterialcommunitiesassocipdf,0,0,0,0,0,0,0,0,0
5eed9120-d2e3-4a2c-a533-cc77a188b7de,Sweet_2013_Algaeasreservoirsforcoralpathogens.pdf,pdf,,sweet2013algaeasreservoirsforcoralpathogenspdf,0,0,0,0,0,0,0,0,0
b269f689-c2c5-48a1-8ecb-f284c3ed7edc,Titlyanov_2005_Regeneration_of_artificial_injuries_on_scleractinian_corals..._doi-10.1016-j.jembe.2005.02.015.pdf,pdf,,titlyanov2005regenerationofartificialinjuriesonscleractiniancoralsdoi101016jjembe200502015pdf,1,1,1,1,1,1,1,1,38
e59f2744-86d9-46a0-81cb-d09e567e40e1,Titlyanov_2005_Regenerationofartificialinjuriesons.pdf,pdf,,titlyanov2005regenerationofartificialinjuriesonspdf,0,0,0,0,0,0,0,0,0
9c887b4c-dae5-4725-96db-948c2491e53d,Titlyanov_2006_Three_stages_of_injuries_regeneration_on_scleractinian_coral..._doi-10.3755-jcrs.8.39.pdf,pdf,,titlyanov2006threestagesofinjuriesregenerationonscleractiniancoraldoi103755jcrs839pdf,1,1,1,1,1,1,1,1,31
2cd850ba-5662-43f4-afba-0ed8cf21b77f,Titlyanov_2008_Coral-algal_competition_on_damaged_reefs_doi-10.1134-s1063074008040019.pdf,pdf,,titlyanov2008coralalgalcompetitionondamagedreefsdoi101134s1063074008040019pdf,1,0,1,0,0,0,0,1,7
292bbd72-e4b1-422c-8fbb-5b3201d2cd0c,Titlyanov_2009_The_dynamics_of_the_restoration_of_mechanical_damage_to_colo..._doi-10.1134-s1063074009030067.pdf,pdf,,titlyanov2009thedynamicsoftherestorationofmechanicaldamagetocolodoi101134s1063074009030067pdf,1,1,1,1,1,1,1,1,30
bba22d10-0116-451a-9012-408c5c826b07,Tomczyk_2020_Deficientautophagyinepithelialstemc.pdf,pdf,,tomczyk2020deficientautophagyinepithelialstemcpdf,0,0,0,0,0,0,0,0,0
347f789a-ef73-4089-aa77-0e46f2b2d196,Townsend_2023_Differing_lesion_recovery_rates_of_two_Caribbean_stony_cor..._doi-10.1007-s00338-023-02414-3.pdf,pdf,,townsend2023differinglesionrecoveryratesoftwocaribbeanstonycordoi101007s00338023024143pdf,1,1,1,1,1,1,1,1,32
4bbb3e36-0aa5-4900-b239-5002ab60869e,Traylor-Knowles_2016_Distinctive_wound-healing_characteristics_in_the_corals_Poc..._doi-10.1007-s00227-016-3011-y.pdf,pdf,,traylorknowles2016distinctivewoundhealingcharacteristicsinthecoralspocdoi101007s002270163011ypdf,1,0,1,0,0,1,0,1,8
cee71898-f762-4d7e-a332-eab4e50fe118,Ushijima_2023_SCTLD_probiotic.pdf,pdf,,ushijima2023sctldprobioticpdf,0,0,0,0,0,0,0,0,0
52ab8446-3076-4c6b-84e1-6fcad1419ebf,Van_De_Water_2015_Elevated_seawater_temperatures_have_a_limited_impact_on_the..._doi-10.1007-s10750-015-2243-z.pdf,pdf,,vandewater2015elevatedseawatertemperatureshavealimitedimpactonthedoi101007s107500152243zpdf,1,0,1,0,0,1,0,1,8
f14968a0-2ca3-4c70-8902-48fef9e009ea,Van_De_Water_2015_The_coral_immune_response_facilitates_protection_against_mic..._doi-10.1111-mec.13257.pdf,pdf,,vandewater2015thecoralimmuneresponsefacilitatesprotectionagainstmicdoi101111mec13257pdf,1,0,1,0,0,1,0,1,8
2e76dce4-6cb4-46c0-b8c4-a1cc91b1578c,Van_Veghel_1994_Reproductive_characteristics_of_the_polymorphic_Caribbean_....pdf,pdf,,vanveghel1994reproductivecharacteristicsofthepolymorphiccaribbeanpdf,1,1,1,1,0,1,1,1,36
26d408bb-bf97-4b1a-8b59-a62f74d3d475,Van_Woesik_1998_Lesion_healing_on_massive_Porites_spp._corals_doi-10.3354-meps164213.pdf,pdf,,vanwoesik1998lesionhealingonmassiveporitessppcoralsdoi103354meps164213pdf,1,1,1,1,1,1,1,1,31
b230e7b4-8262-4ba7-9ca0-d056f4812d88,Vardi_2021_Sixprioritiestoadvancethesciencean.pdf,pdf,,vardi2021sixprioritiestoadvancethescienceanpdf,0,0,0,0,0,0,0,0,0
65528ea1-65b1-4cb1-8026-996f1767d837,Versey_2021_Biofilm_innate_immune_chronic_wound.pdf,pdf,,versey2021biofilminnateimmunechronicwoundpdf,0,0,0,0,0,0,0,0,0
94dbe98e-b44b-449f-b8ad-93d93973ed50,Vogg_2019_ModelsystemsforregenerationiHydra.pdf,pdf,,vogg2019modelsystemsforregenerationihydrapdf,0,0,0,0,0,0,0,0,0
eac2e342-c72f-435a-8ad4-235907c93d2f,Vollmer_2023_staghorn_disease_resistance.pdf,pdf,,vollmer2023staghorndiseaseresistancepdf,0,0,0,0,0,0,0,0,0
4fc235cc-a40d-405f-b8f5-2e7a160ba81d,Wahle_1983_Regeneration_of_injuries_among_jamaican_gorgonians_the_role..._doi-10.2307-1541478.pdf,pdf,,wahle1983regenerationofinjuriesamongjamaicangorgonianstheroledoi1023071541478pdf,1,0,1,0,0,0,0,1,7
6dffe94d-a664-4a6c-8daf-f25ecfa5b50d,Ward_1995_The_effect_of_damage_on_the_growth_reproduction_and_storage..._doi-10.1016-0022-0981_94_00180-l.pdf,pdf,,ward1995theeffectofdamageonthegrowthreproductionandstoragedoi101016002209819400180lpdf,1,1,1,1,0,1,1,1,37
0e93c3bd-e634-4b2f-aea2-2418f27a5657,Ward_1995b_Twopatternsofenergyallocationforgr.pdf,pdf,,ward1995btwopatternsofenergyallocationforgrpdf,0,0,0,0,0,0,0,0,0
32a1561c-9cd6-4e97-9287-c9e5eafafc22,Welsh_2015_Clustered_parrotfish_feeding_scars_trigger_partial_coral_mor..._doi-10.1007-s00338-014-1224-4.pdf,pdf,,welsh2015clusteredparrotfishfeedingscarstriggerpartialcoralmordoi101007s0033801412244pdf,1,1,1,1,0,1,1,1,29
d48f4420-bee1-4bd3-95e6-7f646095131b,Wesseling_2001_Partial_Mortality_in_Porites_Corals_Variation_among..._doi-10.1002-1522-2632_200101_86_1_77_aid-iroh77_3.0.co_2-7.pdf,pdf,,wesseling2001partialmortalityinporitescoralsvariationamongdoi1010021522263220010186177aidiroh7730co27pdf,1,1,1,1,0,1,0,1,19
827341d1-64ea-4383-84cc-5fd7a8edcbf1,Wiedenmann_2023_Reefbuildingcoralsfarmandfeedonth.pdf,pdf,,wiedenmann2023reefbuildingcoralsfarmandfeedonthpdf,0,0,0,0,0,0,0,0,0
1d237b2c-1d5d-479a-985a-bde3d28a4fce,Wolf_2013_Synergistic_effects_of_algal_overgrowth_and_corallivory_on_..._doi-10.1890-12-0680.1.pdf,pdf,,wolf2013synergisticeffectsofalgalovergrowthandcorallivoryondoi1018901206801pdf,1,1,1,1,0,1,1,1,28
42731980-786d-4239-95f2-e8e1da060911,Wong_2021_Towardsatraitbasedunderstandingof.pdf,pdf,,wong2021towardsatraitbasedunderstandingofpdf,0,0,0,0,0,0,0,0,0
e7ee472d-e9fc-4023-a4ff-b860c0de5b21,Work_2010_Wound_repair_in_Montipora_capitata_doi-10.1016-j.jip.2010.05.009.pdf,pdf,,work2010woundrepairinmontiporacapitatadoi101016jjip201005009pdf,1,0,1,0,0,1,0,1,8
433e1015-ffac-46ef-ba6e-e4c132eac52b,Xu_2023_Wound_healing_and_regeneration_in_the_reef_building_coral_A..._doi-10.3389-fevo.2022.979278.pdf,pdf,,xu2023woundhealingandregenerationinthereefbuildingcoraladoi103389fevo2022979278pdf,1,0,1,0,0,1,0,1,9
e24d2fbc-3890-4228-bb23-ca048250c82d,Yang_2024_PMC10914219.pdf,pdf,,yang2024pmc10914219pdf,0,0,0,0,0,0,0,0,0
9cbae935-6259-4ba6-a2ec-44d3f3bc0902,Yap_1984_Growth_of_Acropora_pulchra_II_._Responses_of_natural_a..._doi-10.1007-bf00393119.pdf,pdf,,yap1984growthofacroporapulchraiiresponsesofnaturaladoi101007bf00393119pdf,1,1,1,1,0,1,1,1,30
57f828dd-c6c9-46eb-b2d6-1fab2c71dd7c,Zvuloni_2015_ModelingtheImpactofWhitePlagueCora.pdf,pdf,,zvuloni2015modelingtheimpactofwhiteplaguecorapdf,0,0,0,0,0,0,0,0,0
