source_id,paper_title,local_relpath,pdf_read_status,pdf_page_count,pdf_bytes,pdf_sha256,text_path,text_chars,text_sha256,title_token_overlap_page_start,read_error
002a60bc-55c8-4fdb-860a-1169fc99b2a8,Rice et al. - 2021 - Complex interactions with nutrients and sediment a.pdf,literature/META_ANALYSIS_POOL/Rice et al. - 2021 - Complex interactions with nutrients and sediment a.pdf,read_cached,14,1484991,b9bc4349682092468d266644397306579c799d059f57e67173eb45bddc75c9eb,data/extraction/all_responses/pdf_text/002a60bc-55c8-4fdb-860a-1169fc99b2a8.txt,96350,985079be5784f59425e88d9a55fd59a7a8397c899b38f3fb37596f6aeacb5157,7/7,
034d4e10-aee2-4964-9c77-cb6f4174bd3e,Cróquer et al. - 2002 - Environmental factors affecting tissue regeneration of the reef - building coral Montastraea annular.pdf,literature/META_ANALYSIS_POOL/Cróquer et al. - 2002 - Environmental factors affecting tissue regeneration of the reef - building coral Montastraea annular.pdf,read_cached,11,1236321,eaf8c45c156a136839921cf54226ac1e6f0605504fa35397c3acd7fa716dd84c,data/extraction/all_responses/pdf_text/034d4e10-aee2-4964-9c77-cb6f4174bd3e.txt,34648,961ab686833b1ac298860283fb339e9080b2498006caf132addbd447746df730,11/12,
04e10b24-592e-4cf3-8f94-226c7904262d,Kramarsky-Winter and Loya - 2000 - Tissue regeneration in the coral Fungia granulosa  the effect of extrinsic and intrinsic factors.pdf,literature/META_ANALYSIS_POOL/Kramarsky-Winter and Loya - 2000 - Tissue regeneration in the coral Fungia granulosa  the effect of extrinsic and intrinsic factors.pdf,read_cached,7,149232,2b49ceb873374517f2e071a2bcc383bd47ce961acf9f8b5216450c075c7a109c,data/extraction/all_responses/pdf_text/04e10b24-592e-4cf3-8f94-226c7904262d.txt,42289,9868f09918c363438c2aede18484964b21880ce2965bdfd678b84a39fb9b5f9b,13/13,
06ab1757-8fe9-4325-96ed-6f3106b325e4,Raymundo et al. - 2016 - Effects of Coralliophila violacea on tissue loss in the scleractinian corals Porites spp. depend on.pdf,literature/META_ANALYSIS_POOL/Raymundo et al. - 2016 - Effects of Coralliophila violacea on tissue loss in the scleractinian corals Porites spp. depend on.pdf,read_cached,9,2252227,fd2c60d4d2c233d409b26838398377a00910bbf84f7d093fa287ebff04b4ac1b,data/extraction/all_responses/pdf_text/06ab1757-8fe9-4325-96ed-6f3106b325e4.txt,42410,f35293fa33df7c43e8479e882564810626f9390e216dbc111cd222de99c3ab2b,11/11,
070cf5f2-ae03-4d99-8e1b-7e07f8428803,Loya - 1976 - Skeletal regeneration in a Red Sea scleractinian coral population.pdf,literature/META_ANALYSIS_POOL/Loya - 1976 - Skeletal regeneration in a Red Sea scleractinian coral population.pdf,read_cached,2,729540,4359ada3aff52dd19055fb4c1c8fc55b74c1de0461f5021b86d030cdc6e611dd,data/extraction/all_responses/pdf_text/070cf5f2-ae03-4d99-8e1b-7e07f8428803.txt,22792,cd510a3e280d3c4d842357d18596a5d575c00414cef499819b90ee8c17ba2d13,6/7,
09f69156-3ca0-4bf2-98e2-fe2b25612587,Denis et al. - 2011 - Lesion regeneration capacities in populations of the massive coral Porites lutea at Réunion Island.pdf,literature/META_ANALYSIS_POOL/Denis et al. - 2011 - Lesion regeneration capacities in populations of the massive coral Porites lutea at Réunion Island.pdf,read_cached,13,1296765,bee397b4ad131f60e58309ac7b1648a3fa95b2d73296add0dd24d2ebec48eae8,data/extraction/all_responses/pdf_text/09f69156-3ca0-4bf2-98e2-fe2b25612587.txt,67871,edd2dd37647b500cb2de2e9e7c7e49acdf0d8d20fc5e0233e029589739f9ba4f,12/12,
0ccdd954-1740-44d7-a2c6-6280125057b5,Rice et al. - 2019 - Different nitrogen sources speed recovery from corallivory and uniquely alter the microbiome of a re.pdf,literature/META_ANALYSIS_POOL/Rice et al. - 2019 - Different nitrogen sources speed recovery from corallivory and uniquely alter the microbiome of a re.pdf,read_cached,25,1772564,f901edbbc240bb19a4fcd132d6e2cb310cc57790720ebcb4cc5db001010c1044,data/extraction/all_responses/pdf_text/0ccdd954-1740-44d7-a2c6-6280125057b5.txt,126454,01eaa144ff494979a3c037c5bb27314794f8f5588392dbe4938568fdf6da60f8,12/12,
12939915-cb9c-4190-9682-7477eb8d2698,Bonesso et al. - 2017 - Exposure to elevated sea-surface temperatures below the bleaching threshold impairs coral recovery a.pdf,literature/META_ANALYSIS_POOL/Bonesso et al. - 2017 - Exposure to elevated sea-surface temperatures below the bleaching threshold impairs coral recovery a.pdf,read_cached,21,17820801,de90e41fb25bc0e2ac7e835f50727be41ed41e907df24586108187f65678f782,data/extraction/all_responses/pdf_text/12939915-cb9c-4190-9682-7477eb8d2698.txt,86256,a7dd713768be6a4eea73d71db42d7658d9840e40e525e7a8ad9f1ef1e54c6046,12/12,
12e9e864-5ff1-42c4-a63d-19b5d62a7464,Bak and Es - REGENERATION OF SUPERFICIAL DAMAGE IN THE SCLERACTINIAN CORALS AGARCA AGARCTES F. PURPUREA AND P.pdf,literature/META_ANALYSIS_POOL/Bak and Es - REGENERATION OF SUPERFICIAL DAMAGE IN THE SCLERACTINIAN CORALS AGARCA AGARCTES F. PURPUREA AND P.pdf,read_cached,5,280713,85a283634b3f69ddf03f9e9395e654856d7f09a83d96e7187fb7c62d952856c3,data/extraction/all_responses/pdf_text/12e9e864-5ff1-42c4-a63d-19b5d62a7464.txt,20454,9682611ae71814beccc74a3f005c165d8db61385829c1f40687acf8ea48106b9,6/8,
1d237b2c-1d5d-479a-985a-bde3d28a4fce,Wolf and Nugues - 2013 - Synergistic effects of algal overgrowth and corallivory on Caribbean reef‐building corals.pdf,literature/META_ANALYSIS_POOL/Wolf and Nugues - 2013 - Synergistic effects of algal overgrowth and corallivory on Caribbean reef‐building corals.pdf,read_cached,8,447888,20550c2c5656b5ee5dbf7ffdcc41e1ad9c1044a7799b9fd3438dbc9981dff29e,data/extraction/all_responses/pdf_text/1d237b2c-1d5d-479a-985a-bde3d28a4fce.txt,48661,314d1f6e08b957b678109177a3ecfc8ee34b1774cbeb0d185103f3b919381ed7,12/12,
1d9e4e6d-fe25-4609-b0ac-78fdb306c80b,Eh et al. - 1997 - Predicting regeneration of physical damage on a reef-building coral by regeneration capacity and les.pdf,literature/META_ANALYSIS_POOL/Eh et al. - 1997 - Predicting regeneration of physical damage on a reef-building coral by regeneration capacity and les.pdf,read_cached,9,869038,17a366539176f1535aaa85551c2333737f856476ef16ba8c0aa645fb5c120abb,data/extraction/all_responses/pdf_text/1d9e4e6d-fe25-4609-b0ac-78fdb306c80b.txt,52713,42e573a2e5744cd7f39269872c5575eedb4f6fb929a3b6774a8319eb58bdd1ab,9/9,
2059b598-335f-4890-8512-6e1f86fed557,Sani et al. - 2024 - Ocean warming and acidification detrimentally affect coral tissue regeneration at a Mediterranean CO.pdf,literature/META_ANALYSIS_POOL/Sani et al. - 2024 - Ocean warming and acidification detrimentally affect coral tissue regeneration at a Mediterranean CO.pdf,read_cached,8,4624927,a41d5bdf41141e742ce3b4a32b963e6148e421a62a7597280ef9568edcfbca75,data/extraction/all_responses/pdf_text/2059b598-335f-4890-8512-6e1f86fed557.txt,68432,c4fb2f8d5626f2a4c78e699e8bfa6d64fa0b3e37e9b0552354c3af97b8b4fae0,11/11,
26babed0-9e6c-4621-9dca-9253eb39b9fb,Cameron and Edmunds - 2014 - Effects of simulated fish predation on small colonies of massive Porites spp. and Pocillopora meandr.pdf,literature/META_ANALYSIS_POOL/Cameron and Edmunds - 2014 - Effects of simulated fish predation on small colonies of massive Porites spp. and Pocillopora meandr.pdf,read_cached,10,467007,c5a362c8f2fcf88c30e2fdeed0780355986ce6bbbf95062fd80e2d209cb29c4b,data/extraction/all_responses/pdf_text/26babed0-9e6c-4621-9dca-9253eb39b9fb.txt,54988,74acc22913893c01cc7c136bd0d5ebbc27cced977dfcd123a09bf33f0574127d,11/13,
26d408bb-bf97-4b1a-8b59-a62f74d3d475,Van Woesik - 1998 - Lesion healing on massive Porites spp. corals.pdf,literature/META_ANALYSIS_POOL/Van Woesik - 1998 - Lesion healing on massive Porites spp. corals.pdf,read_cached,8,1126136,65f2de1b205a15af02c40ed8660a23e2e66e433f4ba4808fb6ea81077fdef143,data/extraction/all_responses/pdf_text/26d408bb-bf97-4b1a-8b59-a62f74d3d475.txt,37657,28875897220487c2d3239c7c424d998c304e188e3f8c04b355df43351b0a51ef,7/7,
28b1e816-45f3-42fc-a2b0-0cfea52a0adc,"DeFilippo et al. - 2016 - Patterns of surface lesion recovery in the Northern Star Coral, Astrangia poculata.pdf","literature/META_ANALYSIS_POOL/DeFilippo et al. - 2016 - Patterns of surface lesion recovery in the Northern Star Coral, Astrangia poculata.pdf",read_cached,10,1470869,5fb549b25f37c40bca06719444aed4bddb2964544249e792145fb2d74e606e4d,data/extraction/all_responses/pdf_text/28b1e816-45f3-42fc-a2b0-0cfea52a0adc.txt,85639,2e8549d2a97ed88267c562b1fd1d2aa23fb5f0dcca659591405d6018c1926e2f,11/11,
292bbd72-e4b1-422c-8fbb-5b3201d2cd0c,Titlyanov and Titlyanova - 2009 - The dynamics of the restoration of mechanical damage to colonies of the scleractinian coral Porites.pdf,literature/META_ANALYSIS_POOL/Titlyanov and Titlyanova - 2009 - The dynamics of the restoration of mechanical damage to colonies of the scleractinian coral Porites.pdf,read_cached,6,324579,7a83a1ba16b91fedcbab4b423745291cc89b51621e76ff83c757579e3358f8e1,data/extraction/all_responses/pdf_text/292bbd72-e4b1-422c-8fbb-5b3201d2cd0c.txt,34813,190b214fd3729b6b4d1367217d0c934ef86eaa738ab68341208a08e72de801b7,11/11,
2b8676ad-34ad-450c-8649-095d5be68458,Hall_Injury_and_regeneration_of_common_reef-crest_corals.pdf,literature/META_ANALYSIS_POOL/INJURY AND REGENERATION OF COMMON REEF-CREST CORALS.pdf,read_cached,136,2028936,1cc24104a68e64c296bee5ac19098ce87b4ec3220194033a085af6665b24e654,data/extraction/all_responses/pdf_text/2b8676ad-34ad-450c-8649-095d5be68458.txt,284330,e6f4ee22b3be609d6d2b438d4466f1a65016b6674d20cf6b2adbc0115ff84b9f,7/7,
2e3b055f-28df-4def-97aa-660ac537a95f,Edmunds and Yarid - 2017 - The effects of ocean acidification on wound repair in the coral Porites spp..pdf,literature/META_ANALYSIS_POOL/Edmunds and Yarid - 2017 - The effects of ocean acidification on wound repair in the coral Porites spp..pdf,read_cached,7,415095,65203e06a0e5aeb63d41c58b21ccfbdf07f8e7ce4d4617c196f0affeed4b62ef,data/extraction/all_responses/pdf_text/2e3b055f-28df-4def-97aa-660ac537a95f.txt,67724,06372914131896c48db5a4411ecad7526f95b38c622f038001a6e74c6941356d,9/10,
2e76dce4-6cb4-46c0-b8c4-a1cc91b1578c,Van Veghel and Bak - 1994 - Reproductive characteristics of the polymorphic Caribbean reef building coral Montastrea annularis..pdf,literature/META_ANALYSIS_POOL/Van Veghel and Bak - 1994 - Reproductive characteristics of the polymorphic Caribbean reef building coral Montastrea annularis..pdf,read_cached,6,1904754,d82fd98f1fbe1f38bb88c7c61e2e56414ef2e6688b39c850443acc90f379dce2,data/extraction/all_responses/pdf_text/2e76dce4-6cb4-46c0-b8c4-a1cc91b1578c.txt,28177,ef9edd485a2d3130da0bdaea58414f3a8c9fe4d45fc40da7960abd2264e2ec09,11/11,
32a1561c-9cd6-4e97-9287-c9e5eafafc22,Welsh et al. - 2015 - Clustered parrotfish feeding scars trigger partial coral mortality of massive Porites colonies on th.pdf,literature/META_ANALYSIS_POOL/Welsh et al. - 2015 - Clustered parrotfish feeding scars trigger partial coral mortality of massive Porites colonies on th.pdf,read_cached,6,685196,f0c1015ef80bf06ff03179e6e211d05400982834ad0690db3aed25b8da1d8c4c,data/extraction/all_responses/pdf_text/32a1561c-9cd6-4e97-9287-c9e5eafafc22.txt,41416,e7034de47ca5932a135e61bdeaad90a32efb2b0bbd35d5ca418ebdca15e2687e,13/13,
33b7b9b2-9041-454b-bba3-abfadd68029f,Hall et al. - 2015 - Lesion recovery of two scleractinian corals under low pH conditions Implications for restoration ef.pdf,literature/META_ANALYSIS_POOL/Hall et al. - 2015 - Lesion recovery of two scleractinian corals under low pH conditions Implications for restoration ef.pdf,read_cached,7,1019099,d7fbcfa97e20aa6b12eb3662d11895aa206407666f8c00e658d78dfb3a8504fb,data/extraction/all_responses/pdf_text/33b7b9b2-9041-454b-bba3-abfadd68029f.txt,58924,06915e9c23f23da9f7954054c253f1ccafa2228a742f57a00d9a4c3afd67e9d9,10/10,
33d2bc0d-ec51-4225-a216-bf74b34fa89d,Rotjan et al. - 2006 - Chronic parrotfish grazing impedes coral recovery after bleaching.pdf,literature/META_ANALYSIS_POOL/Rotjan et al. - 2006 - Chronic parrotfish grazing impedes coral recovery after bleaching.pdf,read_cached,9,766555,932e0a6690f365518366b305e38bfe609e7428b124c0fd25adad85402fa4ade5,data/extraction/all_responses/pdf_text/33d2bc0d-ec51-4225-a216-bf74b34fa89d.txt,48337,347cc9d3bd360b599dbedf6d2c91c4fbe8c96e74447bc41e5430015564050be7,10/10,
347f789a-ef73-4089-aa77-0e46f2b2d196,Townsend et al. - 2023 - Differing lesion recovery rates of two Caribbean stony coral species across a shallow water to mesop.pdf,literature/META_ANALYSIS_POOL/Townsend et al. - 2023 - Differing lesion recovery rates of two Caribbean stony coral species across a shallow water to mesop.pdf,read_cached,11,1199884,a6a9757e96b9cea6c5d5eb57f2cca16e2a4fdf4bf18204e109cdd88da27017ad,data/extraction/all_responses/pdf_text/347f789a-ef73-4089-aa77-0e46f2b2d196.txt,66107,8a7c3c6f895e91094e0aecff2df6270978df6d844afacb89765672e7c53e2de6,13/14,
348d7203-b68d-472c-89da-e3e6704b2f50,Eh and Rpm - 1995 - Age-related deterioration of a physiological function in the branching coral Acropora palmata.pdf,literature/META_ANALYSIS_POOL/Eh and Rpm - 1995 - Age-related deterioration of a physiological function in the branching coral Acropora palmata.pdf,read_cached,7,918470,26c91bb66d015b5770d3ab3022d73cda7d3db8ab5c3430b4b3a25b3a9477b8c5,data/extraction/all_responses/pdf_text/348d7203-b68d-472c-89da-e3e6704b2f50.txt,34306,55c141a004792016fc84a8f8c3e6991395906b20a8c52f99bae934737bee47e0,9/9,
3764e810-0eb0-4d34-baca-2c5136c95bc8,"Lirman - 2000 - Lesion regeneration in the branching coral Acropora palmata effects of colonization, colony size, l.pdf","literature/META_ANALYSIS_POOL/Lirman - 2000 - Lesion regeneration in the branching coral Acropora palmata effects of colonization, colony size, l.pdf",read_cached,7,696399,669e15488dc40dda5e3204cdb584263b5867ee29451a7948873cfd63a360b461,data/extraction/all_responses/pdf_text/3764e810-0eb0-4d34-baca-2c5136c95bc8.txt,41726,5b4f0fdbfcd72d4bd6a1600d86c895bd3fd5835946e01bf07391aed417555c58,12/12,
398d01aa-1e0e-4c46-9989-8490ca8748d5,Meesters et al. - 1996 - Partial Mortality in Three Species of Reef-Building Corals and the Relation with Colony Morphology.pdf,literature/META_ANALYSIS_POOL/Meesters et al. - 1996 - Partial Mortality in Three Species of Reef-Building Corals and the Relation with Colony Morphology.pdf,read_cached,15,914889,25e641b59a412c6d61d393ba39e1909815c61430f71bf350921a14dfc9c3cf27,data/extraction/all_responses/pdf_text/398d01aa-1e0e-4c46-9989-8490ca8748d5.txt,65048,5b526ef1aa24d29ea3a91772ed4d604b9d56f9ed3f1d1c622f0676574c70406d,13/13,
3a3fb59c-a303-49f1-aa80-21ffe7d182cf,Fong and Lirman - 1995 - Hurricanes Cause Population Expansion of the Branching Coral Acropora palmata (Scleractinia).pdf,literature/META_ANALYSIS_POOL/Fong and Lirman - 1995 - Hurricanes Cause Population Expansion of the Branching Coral Acropora palmata (Scleractinia).pdf,read_cached,19,2717191,6aa9d76b2f121e346001e0e721fd06d2df3e59ef2aabb6b05be43c30f59547d5,data/extraction/all_responses/pdf_text/3a3fb59c-a303-49f1-aa80-21ffe7d182cf.txt,71684,4bc321567ad452b1d590ccf24e6f401518858318c5ff04bf9887afc681ee0275,12/12,
3d374a40-79d3-413b-99c2-670f9da97bef,"Dias et al. - 2018 - Mortality, growth and regeneration following fragmentation of reef-forming corals under thermal stre.pdf","literature/META_ANALYSIS_POOL/Dias et al. - 2018 - Mortality, growth and regeneration following fragmentation of reef-forming corals under thermal stre.pdf",read_cached,12,1666808,474a6c3544fd12e5255e73669a447dbedbb18336fefe123b3c28cc4bd7cd4f28,data/extraction/all_responses/pdf_text/3d374a40-79d3-413b-99c2-670f9da97bef.txt,95228,7e65b16b532784cbb3dccf90c3b25dda0e9a125cd73015a9a3956528b2e0fa44,12/13,
3f852e08-6b2f-488b-9351-0f78b2ba41a5,Palacios et al. - 2014 - Fish corallivory on a pocilloporid reef and experimental coral responses to predation.pdf,literature/META_ANALYSIS_POOL/Palacios et al. - 2014 - Fish corallivory on a pocilloporid reef and experimental coral responses to predation.pdf,read_cached,12,1219446,7beb1f8574bc1534dd79557e0d7dda3ac16b5663274ec2569e90eac48f4701de,data/extraction/all_responses/pdf_text/3f852e08-6b2f-488b-9351-0f78b2ba41a5.txt,72446,ae0d82568356dbfa9b9dd95dc70705e2a6712e0d0dbe33387ed67d8eb0bd7a38,10/10,
40359446-8345-4a72-8169-af86ad3de9d6,Lenihan and Edmunds - 2010 - Response of Pocillopora verrucosa to corallivory varies with environmental conditions.pdf,literature/META_ANALYSIS_POOL/Lenihan and Edmunds - 2010 - Response of Pocillopora verrucosa to corallivory varies with environmental conditions.pdf,read_cached,13,431263,985f5dbcb9c2d7c8a0c760926e96771a6ad6379a7410567ad53570ed10ff78b9,data/extraction/all_responses/pdf_text/40359446-8345-4a72-8169-af86ad3de9d6.txt,81084,b39825c2fb221422d12a66fdbd7d251351f75c2cc934e4da55a2bbea91c2e6c6,11/11,
45fcfd8e-a2d2-4345-aec0-baeb03f883a4,Jayewardene et al. - 2009 - Effects of frequent fish predation on corals in Hawaii.pdf,literature/META_ANALYSIS_POOL/Jayewardene et al. - 2009 - Effects of frequent fish predation on corals in Hawaii.pdf,read_cached,8,583563,bb579bc1efa13420851b1d71e23c52bb9c96f8f583b191c0ec8c86edd71c7e7b,data/extraction/all_responses/pdf_text/45fcfd8e-a2d2-4345-aec0-baeb03f883a4.txt,41412,1be8ca5c811404bea28b23b80a9301447fd7fc0af3c2851f1c7159dbc7641718,8/8,
4cc9b30b-9ed8-4123-82aa-2f182db391b7,Jayewardene - 2010 - Experimental determination of the cost of lesion healing on Porites compressa growth.pdf,literature/META_ANALYSIS_POOL/Jayewardene - 2010 - Experimental determination of the cost of lesion healing on Porites compressa growth.pdf,read_cached,5,274728,1cb4dd2ba6245d09e80eba1e3db671a6436d9a0ee35b3a1ec0eb821e94e88b99,data/extraction/all_responses/pdf_text/4cc9b30b-9ed8-4123-82aa-2f182db391b7.txt,27572,e08b447d7956b27ca9ba18c38f6d9a6c43de511ab4c70d6f093b38d19fb4076b,10/10,
4d1dfa9c-9c0b-438d-bf33-ec928b7d6696,Denis_2013_Fast_Growth_May_Impair_Regeneration_Capacity_in_th..._doi-10.1371-journal.pone.0072618.pdf,literature/META_ANALYSIS_POOL/Denis et al. - 2013 - Fast Growth May Impair Regeneration Capacity in the Branching Coral Acropora muricata.pdf,read_cached,7,655210,2c1233ab901648e1bee784cad2c3e1fe4208b57d7606a05adb1433135ce27757,data/extraction/all_responses/pdf_text/4d1dfa9c-9c0b-438d-bf33-ec928b7d6696.txt,51011,9a36d0b637e24c18be7e4cb9f9545f5c07f4c63fb8d9cbcfa88275be02b549c7,11/11,
58b15640-3061-4ea9-a606-877701eef38c,"Hamman - 2019 - Spatial distribution of damage affects the healing, growth, and morphology of coral.pdf","literature/META_ANALYSIS_POOL/Hamman - 2019 - Spatial distribution of damage affects the healing, growth, and morphology of coral.pdf",read_cached,12,824546,58520979c9369d64664a3122e4e3fca08234c28c2f83c18d1112b293d5074ebe,data/extraction/all_responses/pdf_text/58b15640-3061-4ea9-a606-877701eef38c.txt,84549,19474eb33005171d39d032c8379a90e7b8025a6fa55b5d8aaa7990707793b5e1,10/10,
5f4a560f-1449-4b1d-96ad-236a0da5fcb7,Horwitz and Fine - 2014 - High CO2 detrimentally affects tissue regeneration of Red Sea corals.pdf,literature/META_ANALYSIS_POOL/Horwitz and Fine - 2014 - High CO2 detrimentally affects tissue regeneration of Red Sea corals.pdf,read_cached,11,5473199,3c90102cf389a5cb5790c3d6a3c0cbd48a13f459035ae4ae136a54963a80ab82,data/extraction/all_responses/pdf_text/5f4a560f-1449-4b1d-96ad-236a0da5fcb7.txt,63114,db9b204420f950d7ce8a3052fb6e12950b6a23a45dcae9c3efe80db78bd4893b,9/9,
635d9cb2-270b-4bcc-b676-c84b81b0620b,Soong and Lang - 1992 - Reproductive Integration in Reef Corals.pdf,literature/META_ANALYSIS_POOL/Soong and Lang - 1992 - Reproductive Integration in Reef Corals.pdf,read_cached,14,1494355,675d73643373ad95e31df5ffad012447b9394b18a543a2ead7cdcbaf142ed60e,data/extraction/all_responses/pdf_text/635d9cb2-270b-4bcc-b676-c84b81b0620b.txt,100664,fa6d956d18a7e5fe1197b6ae0e0f321190effa397468056eaf070b4a2b0b83fd,7/7,
65ccf3b6-92c0-416b-93ba-1cfd827b1ba1,Horricks et al. - 2019 - Differential protein abundance during the first month of regeneration of the Caribbean star coral Mo.pdf,literature/META_ANALYSIS_POOL/Horricks et al. - 2019 - Differential protein abundance during the first month of regeneration of the Caribbean star coral Mo.pdf,read_cached,17,1472109,2b6c91f0ad2cbd84f6bfca8d8361d9b528a9d865b6f70ff9a73b8d2660075bf9,data/extraction/all_responses/pdf_text/65ccf3b6-92c0-416b-93ba-1cfd827b1ba1.txt,115600,0f57a3cd1aef4b6bdac7eebdb72aa84158a186486c60afa4207c7734b894eb83,12/12,
6a14a9e9-da4e-425f-bf9d-59fa573487e1,"Guzmán et al. - 1994 - Injury, regeneration and growth of Caribbean reef corals after a major oil spill in Panama.pdf","literature/META_ANALYSIS_POOL/Guzmán et al. - 1994 - Injury, regeneration and growth of Caribbean reef corals after a major oil spill in Panama.pdf",read_cached,11,945142,0307dcfc7c7a9b7e931c768110e0ebe34c923a3c3e977aeb878a965cf308b6dd,data/extraction/all_responses/pdf_text/6a14a9e9-da4e-425f-bf9d-59fa573487e1.txt,69709,17786f79466f3733cfca89de5253cc5ed6b282572e06abba10df03d78beb36c7,11/12,
6b96575e-9bf7-46f2-a12e-73b565f46629,Meesters and Bak - 1993 - Effects of coral bleaching on tissue regeneration potential and colony survival.pdf,literature/META_ANALYSIS_POOL/Meesters and Bak - 1993 - Effects of coral bleaching on tissue regeneration potential and colony survival.pdf,read_cached,10,883561,6fe08390be92dcb00dc93e99bd5a3a6284b305fe0820fa9c7131d9f4483c8011,data/extraction/all_responses/pdf_text/6b96575e-9bf7-46f2-a12e-73b565f46629.txt,66015,b1cd23c61000d9ba9b49553e4b013f8f243a146b381a21fb0b24e493a2c65c97,10/10,
6da70b1c-7428-4a76-904c-b69d981f2824,Sabine et al. - 2015 - Environmental conditions influence tissue regeneration rates in scleractinian corals.pdf,literature/META_ANALYSIS_POOL/Sabine et al. - 2015 - Environmental conditions influence tissue regeneration rates in scleractinian corals.pdf,read_cached,12,1169567,a2115111341db035e5c98edbc6cf168b26ef96c1ad9109276b77e6f04d797ca8,data/extraction/all_responses/pdf_text/6da70b1c-7428-4a76-904c-b69d981f2824.txt,101956,aacd7bbd2b944288f612b1f2d0fbfc7925e801e72314cdd1d834fc526988a7e2,10/10,
6dffe94d-a664-4a6c-8daf-f25ecfa5b50d,"Ward - 1995 - The effect of damage on the growth, reproduction and storage of lipids in the scleractinian coral Po.pdf","literature/META_ANALYSIS_POOL/Ward - 1995 - The effect of damage on the growth, reproduction and storage of lipids in the scleractinian coral Po.pdf",read_cached,14,1501413,11bd5bb55b227526bcbba7ab77d3016a564ca8c47e16df793f492941b9b24cc1,data/extraction/all_responses/pdf_text/6dffe94d-a664-4a6c-8daf-f25ecfa5b50d.txt,41056,060753e0d43431a0de4270dc8c6f175b6a58af4060f747197797a55562470604,10/10,
6f750c49-3261-482c-ade2-373835f7cf40,Paz-García - 2006 - Temporal variation in the regeneration rate of artificial lesions in two morphotypes of Porites pana.pdf,literature/META_ANALYSIS_POOL/Paz-García - 2006 - Temporal variation in the regeneration rate of artificial lesions in two morphotypes of Porites pana.pdf,read_cached,8,754043,785b560f9eb95b017399ae13305c6c5d94bfeee504f7a9fc7d45cc007394d288,data/extraction/all_responses/pdf_text/6f750c49-3261-482c-ade2-373835f7cf40.txt,55161,85920fa2b5878fe15c3e8aba70617238c5b897d49b390cdfcda0c5854dafcc76,10/11,
84a7b2a4-6982-4dce-a39a-2d4f07d0176b,Oren et al. - 1997 - Effect of lesion size and shape on regeneration of the Red Sea coral Favia favus.pdf,literature/META_ANALYSIS_POOL/Oren et al. - 1997 - Effect of lesion size and shape on regeneration of the Red Sea coral Favia favus.pdf,read_cached,8,2153698,e1c5f050c0b5b71a4aa23afe7d1db5c164601ddcc9054bd3276c1d2819f56008,data/extraction/all_responses/pdf_text/84a7b2a4-6982-4dce-a39a-2d4f07d0176b.txt,41051,3d0adf6d0b1d452569bbf53286c7e55609f8d4ddb69d427d9145df906e1c1ad9,10/10,
8c205a55-4093-46c5-a7c2-e356c8bf6a7c,Nagelkerken and Bak - 1998 - Differential regeneration of artificial lesions among sympatric morphs of the Caribbean corals Porit.pdf,literature/META_ANALYSIS_POOL/Nagelkerken and Bak - 1998 - Differential regeneration of artificial lesions among sympatric morphs of the Caribbean corals Porit.pdf,read_cached,5,496981,97220cb0270f8f8ed3fbdb1bd2aec0bd12a986f64883fed4dfd948843b835c5c,data/extraction/all_responses/pdf_text/8c205a55-4093-46c5-a7c2-e356c8bf6a7c.txt,31291,1c39dd86f40f57c460cbb061fd52540ade1601b9d01894549f8dec3876fddf27,10/12,
9616c9c9-f92f-4a43-8be4-4bd0b5875f3c,"Burmester et al. - 2017 - Temperature and symbiosis affect lesion recovery in experimentally wounded, facultatively symbiotic.pdf","literature/META_ANALYSIS_POOL/Burmester et al. - 2017 - Temperature and symbiosis affect lesion recovery in experimentally wounded, facultatively symbiotic.pdf",read_cached,13,829038,bbaab58d6fd54d1a5f2da70881fe19566dbfdfc47972b3d491b0bd5ca75b9307,data/extraction/all_responses/pdf_text/9616c9c9-f92f-4a43-8be4-4bd0b5875f3c.txt,76481,268d83944c91135ddec552c7c20c318b243d9ca5ae9e4f7d287ba364f53d84e1,10/11,
9c887b4c-dae5-4725-96db-948c2491e53d,Titlyanov et al. - 2006 - Three stages of injuries regeneration on scleractinian corals.pdf,literature/META_ANALYSIS_POOL/Titlyanov et al. - 2006 - Three stages of injuries regeneration on scleractinian corals.pdf,read_cached,12,4773472,694167db754d5a3e12f5f5c3866996bb988a6faa1eb2e51931b09b640b2dc116,data/extraction/all_responses/pdf_text/9c887b4c-dae5-4725-96db-948c2491e53d.txt,46798,0ab0f30a406a854459cd45f5baa88c748847a1e1bb24f051efcf40505b550b44,8/8,
9cbae935-6259-4ba6-a2ec-44d3f3bc0902,Yap and Gomez - 1984 - Growth of Acropora pulchra II. Responses of natural and transplanted colonies to temperature and da.pdf,literature/META_ANALYSIS_POOL/Yap and Gomez - 1984 - Growth of Acropora pulchra II. Responses of natural and transplanted colonies to temperature and da.pdf,read_cached,7,586293,961f81b2edde90f5419a4b75932ec4fb7ccdb829d397a563a5f442b23265b01f,data/extraction/all_responses/pdf_text/9cbae935-6259-4ba6-a2ec-44d3f3bc0902.txt,42320,dfcc25e993ed98d56b8e7cff2231a5cb699fdd80d5a294d3616597431c0e82b4,10/10,
9d6998fc-caf1-4dbd-883f-ad9b9184d062,Shaver et al. - 2017 - Effects of predation and nutrient enrichment on the success and microbiome of a foundational coral.pdf,literature/META_ANALYSIS_POOL/Shaver et al. - 2017 - Effects of predation and nutrient enrichment on the success and microbiome of a foundational coral.pdf,read_cached,11,538911,696e4e4b0e8d6db840d22290ecf5896ac2f618a18ae2bf13daa9ed83ba3d10df,data/extraction/all_responses/pdf_text/9d6998fc-caf1-4dbd-883f-ad9b9184d062.txt,68804,649a7f737a53b25b3e84a2384a77d705809b1a8a1de4446034fe770414d87d5f,10/10,
9f560a14-a39a-4d71-8d68-9c14a4001c75,Nicolet et al. - 2018 - Predation scars may influence host susceptibility to pathogens evaluating the role of corallivores.pdf,literature/META_ANALYSIS_POOL/Nicolet et al. - 2018 - Predation scars may influence host susceptibility to pathogens evaluating the role of corallivores.pdf,read_cached,10,1343933,ed44518ac253683e2d15fd0f26ad7d2b646038768aa2f9a1242397ad68a42ad6,data/extraction/all_responses/pdf_text/9f560a14-a39a-4d71-8d68-9c14a4001c75.txt,84385,29f7238133b93020157525d9f2729a10cc462e1a74eb2dbd1e7c52350a6d9c8e,11/11,
9f7a74ab-485d-44be-88c3-28c6b4a7c491,Chadwick and Loya - 1990 - Regeneration after experimental breakage in the solitary reef coral Fungia granulosa Klunzing.pdf,literature/META_ANALYSIS_POOL/Chadwick and Loya - 1990 - Regeneration after experimental breakage in the solitary reef coral Fungia granulosa Klunzing.pdf,read_cached,14,1024361,54a51444f0a27a7a51d8712331ea87bf34fabd703021eadc27bd9a0c489d7a92,data/extraction/all_responses/pdf_text/9f7a74ab-485d-44be-88c3-28c6b4a7c491.txt,34543,e1610a8f992e7c7599418936e7b6e0985f3edd01602f37cfd5ca73f3265ffed1,12/13,
a1e7fabd-36e1-4556-804c-e6f1a9c17581,Fisher et al. - 2007 - Lesion regeneration rates in reef-building corals Montastraea spp. as indicators of colony condition.pdf,literature/META_ANALYSIS_POOL/Fisher et al. - 2007 - Lesion regeneration rates in reef-building corals Montastraea spp. as indicators of colony condition.pdf,read_cached,11,481467,89e9e7d176e4a24cb0689c335375d54b22de09bd67cb338b720c5df1532d9678,data/extraction/all_responses/pdf_text/a1e7fabd-36e1-4556-804c-e6f1a9c17581.txt,72028,20f2642071b406018a4e91fedd30b33954653ebaddf97fb7114b853dfed99750,11/12,
a3b88246-eb7f-49ed-a997-67c6d36e9413,Oren et al. - 2001 - Colony Integration during Regeneration in the Stony Coral Favia favus.pdf,literature/META_ANALYSIS_POOL/Oren et al. - 2001 - Colony Integration during Regeneration in the Stony Coral Favia favus.pdf,read_cached,13,3878122,7ec41c46c5640cf2400b4d31f64cf29e9cae08433f05c799a200f258aeb768c5,data/extraction/all_responses/pdf_text/a3b88246-eb7f-49ed-a997-67c6d36e9413.txt,82010,e67718125721d6992803ffa4a19f90e0e00ebe35b45d66a01fce4c7944997b5d,10/10,
a67392b0-7a7e-43ad-917d-94febf750c1a,Lenihan et al. - 2015 - Hydrodynamics influence coral performance through simultaneous direct and indirect effects.pdf,literature/META_ANALYSIS_POOL/Lenihan et al. - 2015 - Hydrodynamics influence coral performance through simultaneous direct and indirect effects.pdf,read_cached,10,655463,96b42aae1ea3b8ea6de9ff2d1ed4edca2218f634fa07ea258a96fb37baad753c,data/extraction/all_responses/pdf_text/a67392b0-7a7e-43ad-917d-94febf750c1a.txt,63539,3da485f4318ed9c938b16f1e863503f572d00643f36422c693fb4be715206474,11/11,
acf00158-0890-4388-9a0e-da9194664ef6,Kaufman et al. - 2021 - Thermal history influences lesion recovery of the threatened Caribbean staghorn coral Acropora cervi.pdf,literature/META_ANALYSIS_POOL/Kaufman et al. - 2021 - Thermal history influences lesion recovery of the threatened Caribbean staghorn coral Acropora cervi.pdf,read_cached,5,539614,c45b7f8538fd218e44a576136f4807e92c2dbb58a074babecfdf4d34001c47ea,data/extraction/all_responses/pdf_text/acf00158-0890-4388-9a0e-da9194664ef6.txt,27708,470e395fb192a5aa7ccdc64b6e3120166bd9c26baab601e2ab67ac3afe77d560,12/13,
ad751939-b061-4323-9097-c1e7d2e9576f,Fine et al. - 2002 - Bleaching effect on regeneration and resource translocation in the coral Oculina patagonica.pdf,literature/META_ANALYSIS_POOL/Fine et al. - 2002 - Bleaching effect on regeneration and resource translocation in the coral Oculina patagonica.pdf,read_cached,7,247558,2ba8c3786732a57e3b876e07485ced0c1c41f118b9b454832b8e37b44e4b1d01,data/extraction/all_responses/pdf_text/ad751939-b061-4323-9097-c1e7d2e9576f.txt,41276,7b14c755c284e8ff481a718385616ea62a26d761d1a7f16173e5e00eb62df9ae,10/10,
b0949a7c-520e-4a37-af04-25979598ec2d,Edmunds and Lenihan - 2010 - Effect of sub-lethal damage to juvenile colonies of massive Porites spp. under contrasting regimes o.pdf,literature/META_ANALYSIS_POOL/Edmunds and Lenihan - 2010 - Effect of sub-lethal damage to juvenile colonies of massive Porites spp. under contrasting regimes o.pdf,read_cached,11,457447,671ecaca908906fb02f892aac39596ba212524c1947d16cfad2b75e1abca335f,data/extraction/all_responses/pdf_text/b0949a7c-520e-4a37-af04-25979598ec2d.txt,71383,cf80ccf871ca3ce83956bb206a0f99934bf9ad83eb3e176a7114cdd41f6c7c13,12/13,
b269f689-c2c5-48a1-8ecb-f284c3ed7edc,Titlyanov et al. - 2005 - Regeneration of artificial injuries on scleractinian corals and coralalgal competition for newly fo.pdf,literature/META_ANALYSIS_POOL/Titlyanov et al. - 2005 - Regeneration of artificial injuries on scleractinian corals and coralalgal competition for newly fo.pdf,read_cached,16,453757,8aef847ed9ed2d10f5cb9cba9affb6da70aa93540c796ac3b9752dcb202056d1,data/extraction/all_responses/pdf_text/b269f689-c2c5-48a1-8ecb-f284c3ed7edc.txt,78441,3f2179d77a34cc9dcc781e803bb546b1d558b6e54a5b191a3b753d7a4ac134d7,9/10,
b2eaa7a6-c475-4f8e-bec2-2a52585da7c3,Nagelkerken et al. - 1999 - Depth-related variation in regeneration of artificial lesions in the Caribbean corals Porites ast.pdf,literature/META_ANALYSIS_POOL/Nagelkerken et al. - 1999 - Depth-related variation in regeneration of artificial lesions in the Caribbean corals Porites ast.pdf,read_cached,11,207891,8fdbcf52f5fdddd2282b3c4190444061250ed746d371d91cdfc2bc71f8ac3591,data/extraction/all_responses/pdf_text/b2eaa7a6-c475-4f8e-bec2-2a52585da7c3.txt,27157,93ae86eca7b639fca9080256c483b83dae5e7e88f85f6471ef0197dd11ca9ec9,11/11,
b9536b7f-eb24-428a-8a9f-9750a74faa1f,Hall - 2001 - The response of Acropora hyacinthus and Montipora tuberculosa to three different types of colony dam.pdf,literature/META_ANALYSIS_POOL/Hall - 2001 - The response of Acropora hyacinthus and Montipora tuberculosa to three different types of colony dam.pdf,read_cached,15,215632,7699130874ecf1ca00ceadb5707ad11ed1ba29dd51c24929e93dde27ebebee49,data/extraction/all_responses/pdf_text/b9536b7f-eb24-428a-8a9f-9750a74faa1f.txt,44386,aaa05b6475229dad30de37d1bc6ca9f03ab5c5e0567c7e1d185f5899bcd79a0a,11/11,
c849a042-644e-4b4f-a530-33cfb800d9a9,E and Y - 1996 - Regeneration versus budding in fungiid corals a trade-off.pdf,literature/META_ANALYSIS_POOL/E and Y - 1996 - Regeneration versus budding in fungiid corals a trade-off.pdf,read_cached,7,785735,100ab88307ff7bf8f3e978f96cc1fb1f78ff364f13b42c064664cf8dd564af0f,data/extraction/all_responses/pdf_text/c849a042-644e-4b4f-a530-33cfb800d9a9.txt,32714,e40a05497dc0e328d6cb9199d0322088d74fc7393a8e6c1595e359e38e2e3a5c,7/7,
c84ce087-58f5-4e19-a373-34f57299f6d0,Meesters et al. - 1994 - Damage and regeneration links to growth in the reef-building coral Montastrea annularis.pdf,literature/META_ANALYSIS_POOL/Meesters et al. - 1994 - Damage and regeneration links to growth in the reef-building coral Montastrea annularis.pdf,read_cached,11,951771,65ab2fc2bfd1493d19d9ace3a2426c4e55aee6f85fec96a57d13c6d59dfa0279,data/extraction/all_responses/pdf_text/c84ce087-58f5-4e19-a373-34f57299f6d0.txt,64130,edd316b2f631ad134716f58a0f1bc8ff63301c8d0d30d5d732ec5c0e60727f0d,11/11,
c9a7e412-6f2f-4baf-9cde-29e23e6aeeb0,Barbara - Host and Symbiont Physiology During Wound Regeneration in Acropora pulchra Under.pdf,literature/META_ANALYSIS_POOL/Barbara - Host and Symbiont Physiology During Wound Regeneration in Acropora pulchra Under.pdf,read_cached,47,1581069,734c99496f45ec92c1ff29d61cc4a419a157dae20e05da426d4aa48fe61feae0,data/extraction/all_responses/pdf_text/c9a7e412-6f2f-4baf-9cde-29e23e6aeeb0.txt,72141,92f4e8c5003438c23a2d60fb4b733f9cabc9c8fde733839331804c538e6801d0,10/10,
cf0dfa52-c9e6-4d7f-9ae1-5970162a807f,Lester and Bak - 1985 - Effects of environment on regeneration rate of tissue lesions in the reef coral Montastrea annularis.pdf,literature/META_ANALYSIS_POOL/Lester and Bak - 1985 - Effects of environment on regeneration rate of tissue lesions in the reef coral Montastrea annularis.pdf,read_cached,4,454306,19a343546b5c28def9ea55c50b901ea121f0df65e4441f909d0c88192ca74d91,data/extraction/all_responses/pdf_text/cf0dfa52-c9e6-4d7f-9ae1-5970162a807f.txt,20433,f14d029caf77ebf9462966f49b172c239ad7627d67716df54caf41cbfadd067c,12/12,
d110a8f5-278e-4ba7-a502-32eb61aed5cb,Lirman et al. - 2010 - Propagation of the threatened staghorn coral Acropora cervicornis methods to minimize the impacts o.pdf,literature/META_ANALYSIS_POOL/Lirman et al. - 2010 - Propagation of the threatened staghorn coral Acropora cervicornis methods to minimize the impacts o.pdf,read_cached,7,504650,5326e5995d35911ccc9e67da7394adc21b3d7c30a2bd35b332227afd125d1091,data/extraction/all_responses/pdf_text/d110a8f5-278e-4ba7-a502-32eb61aed5cb.txt,39435,336d25e92144ee164581a85b8d9099f888fde0e550353f9ea5667e792368cd82,11/11,
d17e3c0b-32a1-4c10-94fa-7558d22f726e,Okubo - 2008 - Size-independent investment allocation to regeneration and growth of the branching coral Acropora mu.pdf,literature/META_ANALYSIS_POOL/Okubo - 2008 - Size-independent investment allocation to regeneration and growth of the branching coral Acropora mu.pdf,read_cached,5,58993,a7323fed10ef4d7aef86cb1ef8ad7824716f4436fc8a9e2211b03136f0b28753,data/extraction/all_responses/pdf_text/d17e3c0b-32a1-4c10-94fa-7558d22f726e.txt,21038,8039585f6a98edc39307ad76489a90752742992d1e51f02f422b472c7a4ab294,11/11,
d48f4420-bee1-4bd3-95e6-7f646095131b,Wesseling et al. - 2001 - Partial Mortality in Porites Corals Variation among Philippine Reefs.pdf,literature/META_ANALYSIS_POOL/Wesseling et al. - 2001 - Partial Mortality in Porites Corals Variation among Philippine Reefs.pdf,read_cached,9,112612,15e19c9d4b8a173c04e3ba4928480312cee4b60181aad097634bad0f78eff3d0,data/extraction/all_responses/pdf_text/d48f4420-bee1-4bd3-95e6-7f646095131b.txt,34992,b7d6e83f68472fd00d6ffeec499f09bb50373a6c3bacc8c971f030a2e8c4fc58,10/10,
d4f87f68-6209-4973-bf99-fac310af5656,Coral-Damsel-Wounding-Manuscript.pdf,literature/META_ANALYSIS_POOL/Coral-Damsel-Wounding-Manuscript.pdf,read_cached,12,728162,637ab63c756374bf3285d7cd29442dee4bd30c3a14323ec638d94eae97bf8db4,data/extraction/all_responses/pdf_text/d4f87f68-6209-4973-bf99-fac310af5656.txt,30368,9b51415aade054400ef419041146f9216efefb146c5192d035e8b91498006a74,1/4,
d7f996dc-c00b-423c-b424-965cd78f9d1b,Page and Willis - 2008 - Epidemiology of skeletal eroding band on the Great Barrier Reef and the role of injury in the initia.pdf,literature/META_ANALYSIS_POOL/Page and Willis - 2008 - Epidemiology of skeletal eroding band on the Great Barrier Reef and the role of injury in the initia.pdf,read_cached,17,1321207,8b05b1d98f036ecf637f601608ef961436c1ad4e54222c396fcb949f7043ab8d,data/extraction/all_responses/pdf_text/d7f996dc-c00b-423c-b424-965cd78f9d1b.txt,97348,d5c4dfbd413884ddf2f34c6882d6e45ef9af3a450b542d08aec88fa53e07fffd,12/13,
daec544d-cfab-46db-be2a-1d3596bc0395,Burmester et al. - 2018 - The impact of autotrophic versus heterotrophic nutritional pathways on colony health and wound recov.pdf,literature/META_ANALYSIS_POOL/Burmester et al. - 2018 - The impact of autotrophic versus heterotrophic nutritional pathways on colony health and wound recov.pdf,read_cached,12,1057463,d2b87b8472eebd9350424e6f04162d6de31f0bc335aedbbde9b1be0f97b0e564,data/extraction/all_responses/pdf_text/daec544d-cfab-46db-be2a-1d3596bc0395.txt,82018,76a1c9cd67f9fccabc753c38ce09ac90bc57cc4df9a9b2c2318ffd7fc2a35d9f,11/12,
dde85c3e-6c0d-4057-9a5a-116138865992,"Bak - 1983 - Neoplasia, regeneration and growth in the reef-building coral Acropora palmata.pdf","literature/META_ANALYSIS_POOL/Bak - 1983 - Neoplasia, regeneration and growth in the reef-building coral Acropora palmata.pdf",read_cached,7,785077,77e9f3f18ad7e535ce5606fdbfd3e838c9cd78f55901d64d1bcbb582af2ba371,data/extraction/all_responses/pdf_text/dde85c3e-6c0d-4057-9a5a-116138865992.txt,40229,e73dc6290564a8865802f17a6f398948f384019c2acf750ba123a3392bf1ef87,9/9,
e1fe67b6-7beb-43ff-bb09-b0b2262e6d05,"Lirman - 2000 - Fragmentation in the branching coral Acropora palmata (Lamarck) growth, survivorship, and reproduct.pdf","literature/META_ANALYSIS_POOL/Lirman - 2000 - Fragmentation in the branching coral Acropora palmata (Lamarck) growth, survivorship, and reproduct.pdf",read_cached,17,708606,ec4395af1d7c353e489982cbf6cbcac0f50578514d783a08fb630079b7ff9fff,data/extraction/all_responses/pdf_text/e1fe67b6-7beb-43ff-bb09-b0b2262e6d05.txt,50299,dd443c5e3847e2ab8df6417788522c94129c639250b24466820bb7e5a456dbac,10/11,
e2191f69-a271-4c74-be4c-ebe977248362,Hall - 1997 - Interspecific differences in the regeneration of artificial injuries on scleractinian corals.pdf,literature/META_ANALYSIS_POOL/Hall - 1997 - Interspecific differences in the regeneration of artificial injuries on scleractinian corals.pdf,read_cached,15,391685,60df3fac2c8469ff407083916fdda38d184afacc13b2d48131161b22a60b3716,data/extraction/all_responses/pdf_text/e2191f69-a271-4c74-be4c-ebe977248362.txt,45984,c43a87e02eaecb2878a33de6afb783bdace5b1c33996dc9e21d7a4656a3f92f3,9/9,
ec19aed9-6875-473a-accb-914b065e6e10,Counsell et al. - 2019 - Colony size and depth affect wound repair in a branching coral.pdf,literature/META_ANALYSIS_POOL/Counsell et al. - 2019 - Colony size and depth affect wound repair in a branching coral.pdf,read_cached,12,1508923,c9e682487c05272612f9e033f203c0872ca98c95cf487d7002c950ffbae07f0e,data/extraction/all_responses/pdf_text/ec19aed9-6875-473a-accb-914b065e6e10.txt,105113,c9c71ed9deeae076efb938a61080e8191836d587ff0c731b17ac3499ce1f2978,10/10,
f46ad039-b2d6-4a0a-860d-98cf61f2a7de,Miller and Hay - 1998 - Effects of fish predation and seaweed competition on the survival and growth of corals.pdf,literature/META_ANALYSIS_POOL/Miller and Hay - 1998 - Effects of fish predation and seaweed competition on the survival and growth of corals.pdf,read_cached,8,752197,4844837471ad5ff6d9f3678d7a734f2ee8ac3a87d4d171cfc6b9e7dc98ebb3c6,data/extraction/all_responses/pdf_text/f46ad039-b2d6-4a0a-860d-98cf61f2a7de.txt,45858,5ea1141b86aa88fd859a9182123ad70cecfba423c112c694ec4420d41524f785,9/10,
f7335f31-f560-4d42-9f0d-52fdbec8ece6,Meesters et al 1992 sedimentation and lesion position.pdf,literature/META_ANALYSIS_POOL/Meesters et al 1992 sedimentation and lesion position.pdf,read_cached,8,1102373,20b67cab453ce43ff30bbb5a94d877ec185316e509a2348bf45b2a833570faaf,data/extraction/all_responses/pdf_text/f7335f31-f560-4d42-9f0d-52fdbec8ece6.txt,42282,11fe52066656129b03f5f69903cdc94103f778a0e67b0cbf17103ad5ee26a37f,5/5,
fe532d7a-f878-4a85-962a-7de43d06a80c,Rotjan and Lewis - 2009 - Predators selectively graze reproductive structures in a clonal marine organism.pdf,literature/META_ANALYSIS_POOL/Rotjan and Lewis - 2009 - Predators selectively graze reproductive structures in a clonal marine organism.pdf,read_cached,9,354218,ebfd0299459e9fb63edcefe7b997b7db18dc5bbd4043ff4712e877a0604339e3,data/extraction/all_responses/pdf_text/fe532d7a-f878-4a85-962a-7de43d06a80c.txt,57483,39b1cd04e7c8962493caa42c572f3ba9096152fb03578b784e353709c0ae0bce,11/11,
