source_id,paper_title,local_relpath,response_types,response_count,workplan_response_rows,source_file_status,pdf_read_status,pdf_page_count,pdf_text_chars,pdf_text_sha256,notebook_present,local_present,extraction_readiness
002a60bc-55c8-4fdb-860a-1169fc99b2a8,Rice et al. - 2021 - Complex interactions with nutrients and sediment a.pdf,literature/META_ANALYSIS_POOL/Rice et al. - 2021 - Complex interactions with nutrients and sediment a.pdf,rate|survival,2,2,available,read_cached,14,96350,985079be5784f59425e88d9a55fd59a7a8397c899b38f3fb37596f6aeacb5157,1,1,needs_digitization
034d4e10-aee2-4964-9c77-cb6f4174bd3e,Cróquer et al. - 2002 - Environmental factors affecting tissue regeneration of the reef - building coral Montastraea annular.pdf,literature/META_ANALYSIS_POOL/Cróquer et al. - 2002 - Environmental factors affecting tissue regeneration of the reef - building coral Montastraea annular.pdf,rate,1,1,available,read_cached,11,34648,961ab686833b1ac298860283fb339e9080b2498006caf132addbd447746df730,1,1,needs_digitization
04e10b24-592e-4cf3-8f94-226c7904262d,Kramarsky-Winter and Loya - 2000 - Tissue regeneration in the coral Fungia granulosa  the effect of extrinsic and intrinsic factors.pdf,literature/META_ANALYSIS_POOL/Kramarsky-Winter and Loya - 2000 - Tissue regeneration in the coral Fungia granulosa  the effect of extrinsic and intrinsic factors.pdf,rate,1,1,available,read_cached,7,42289,9868f09918c363438c2aede18484964b21880ce2965bdfd678b84a39fb9b5f9b,1,1,needs_digitization
06ab1757-8fe9-4325-96ed-6f3106b325e4,Raymundo et al. - 2016 - Effects of Coralliophila violacea on tissue loss in the scleractinian corals Porites spp. depend on.pdf,literature/META_ANALYSIS_POOL/Raymundo et al. - 2016 - Effects of Coralliophila violacea on tissue loss in the scleractinian corals Porites spp. depend on.pdf,growth|survival,2,2,available,read_cached,9,42410,f35293fa33df7c43e8479e882564810626f9390e216dbc111cd222de99c3ab2b,1,1,needs_digitization
070cf5f2-ae03-4d99-8e1b-7e07f8428803,Loya - 1976 - Skeletal regeneration in a Red Sea scleractinian coral population.pdf,literature/META_ANALYSIS_POOL/Loya - 1976 - Skeletal regeneration in a Red Sea scleractinian coral population.pdf,rate,1,1,available,read_cached,2,22792,cd510a3e280d3c4d842357d18596a5d575c00414cef499819b90ee8c17ba2d13,1,1,needs_digitization
09f69156-3ca0-4bf2-98e2-fe2b25612587,Denis et al. - 2011 - Lesion regeneration capacities in populations of the massive coral Porites lutea at Réunion Island.pdf,literature/META_ANALYSIS_POOL/Denis et al. - 2011 - Lesion regeneration capacities in populations of the massive coral Porites lutea at Réunion Island.pdf,rate,1,1,available,read_cached,13,67871,edd2dd37647b500cb2de2e9e7c7e49acdf0d8d20fc5e0233e029589739f9ba4f,1,1,ready_extract
0ccdd954-1740-44d7-a2c6-6280125057b5,Rice et al. - 2019 - Different nitrogen sources speed recovery from corallivory and uniquely alter the microbiome of a re.pdf,literature/META_ANALYSIS_POOL/Rice et al. - 2019 - Different nitrogen sources speed recovery from corallivory and uniquely alter the microbiome of a re.pdf,rate,1,1,available,read_cached,25,126454,01eaa144ff494979a3c037c5bb27314794f8f5588392dbe4938568fdf6da60f8,1,1,needs_digitization
12939915-cb9c-4190-9682-7477eb8d2698,Bonesso et al. - 2017 - Exposure to elevated sea-surface temperatures below the bleaching threshold impairs coral recovery a.pdf,literature/META_ANALYSIS_POOL/Bonesso et al. - 2017 - Exposure to elevated sea-surface temperatures below the bleaching threshold impairs coral recovery a.pdf,rate|survival,2,2,available,read_cached,21,86256,a7dd713768be6a4eea73d71db42d7658d9840e40e525e7a8ad9f1ef1e54c6046,1,1,ready_extract
12e9e864-5ff1-42c4-a63d-19b5d62a7464,Bak and Es - REGENERATION OF SUPERFICIAL DAMAGE IN THE SCLERACTINIAN CORALS AGARCA AGARCTES F. PURPUREA AND P.pdf,literature/META_ANALYSIS_POOL/Bak and Es - REGENERATION OF SUPERFICIAL DAMAGE IN THE SCLERACTINIAN CORALS AGARCA AGARCTES F. PURPUREA AND P.pdf,rate|survival,2,2,available,read_cached,5,20454,9682611ae71814beccc74a3f005c165d8db61385829c1f40687acf8ea48106b9,1,1,needs_digitization
1d237b2c-1d5d-479a-985a-bde3d28a4fce,Wolf and Nugues - 2013 - Synergistic effects of algal overgrowth and corallivory on Caribbean reef‐building corals.pdf,literature/META_ANALYSIS_POOL/Wolf and Nugues - 2013 - Synergistic effects of algal overgrowth and corallivory on Caribbean reef‐building corals.pdf,growth|survival,2,2,available,read_cached,8,48661,314d1f6e08b957b678109177a3ecfc8ee34b1774cbeb0d185103f3b919381ed7,1,1,needs_digitization
1d9e4e6d-fe25-4609-b0ac-78fdb306c80b,Eh et al. - 1997 - Predicting regeneration of physical damage on a reef-building coral by regeneration capacity and les.pdf,literature/META_ANALYSIS_POOL/Eh et al. - 1997 - Predicting regeneration of physical damage on a reef-building coral by regeneration capacity and les.pdf,rate,1,1,available,read_cached,9,52713,42e573a2e5744cd7f39269872c5575eedb4f6fb929a3b6774a8319eb58bdd1ab,1,1,ready_extract
2059b598-335f-4890-8512-6e1f86fed557,Sani et al. - 2024 - Ocean warming and acidification detrimentally affect coral tissue regeneration at a Mediterranean CO.pdf,literature/META_ANALYSIS_POOL/Sani et al. - 2024 - Ocean warming and acidification detrimentally affect coral tissue regeneration at a Mediterranean CO.pdf,rate,1,1,available,read_cached,8,68432,c4fb2f8d5626f2a4c78e699e8bfa6d64fa0b3e37e9b0552354c3af97b8b4fae0,1,1,needs_digitization
26babed0-9e6c-4621-9dca-9253eb39b9fb,Cameron and Edmunds - 2014 - Effects of simulated fish predation on small colonies of massive Porites spp. and Pocillopora meandr.pdf,literature/META_ANALYSIS_POOL/Cameron and Edmunds - 2014 - Effects of simulated fish predation on small colonies of massive Porites spp. and Pocillopora meandr.pdf,growth|rate,2,2,available,read_cached,10,54988,74acc22913893c01cc7c136bd0d5ebbc27cced977dfcd123a09bf33f0574127d,1,1,ready_extract
26d408bb-bf97-4b1a-8b59-a62f74d3d475,Van Woesik - 1998 - Lesion healing on massive Porites spp. corals.pdf,literature/META_ANALYSIS_POOL/Van Woesik - 1998 - Lesion healing on massive Porites spp. corals.pdf,rate,1,1,available,read_cached,8,37657,28875897220487c2d3239c7c424d998c304e188e3f8c04b355df43351b0a51ef,1,1,needs_digitization
28b1e816-45f3-42fc-a2b0-0cfea52a0adc,"DeFilippo et al. - 2016 - Patterns of surface lesion recovery in the Northern Star Coral, Astrangia poculata.pdf","literature/META_ANALYSIS_POOL/DeFilippo et al. - 2016 - Patterns of surface lesion recovery in the Northern Star Coral, Astrangia poculata.pdf",rate,1,1,available,read_cached,10,85639,2e8549d2a97ed88267c562b1fd1d2aa23fb5f0dcca659591405d6018c1926e2f,1,1,needs_digitization
292bbd72-e4b1-422c-8fbb-5b3201d2cd0c,Titlyanov and Titlyanova - 2009 - The dynamics of the restoration of mechanical damage to colonies of the scleractinian coral Porites.pdf,literature/META_ANALYSIS_POOL/Titlyanov and Titlyanova - 2009 - The dynamics of the restoration of mechanical damage to colonies of the scleractinian coral Porites.pdf,rate,1,1,available,read_cached,6,34813,190b214fd3729b6b4d1367217d0c934ef86eaa738ab68341208a08e72de801b7,1,1,needs_digitization
2b8676ad-34ad-450c-8649-095d5be68458,Hall_Injury_and_regeneration_of_common_reef-crest_corals.pdf,literature/META_ANALYSIS_POOL/INJURY AND REGENERATION OF COMMON REEF-CREST CORALS.pdf,growth|rate|reproduction,3,3,available,read_cached,136,284330,e6f4ee22b3be609d6d2b438d4466f1a65016b6674d20cf6b2adbc0115ff84b9f,1,1,needs_digitization
2e3b055f-28df-4def-97aa-660ac537a95f,Edmunds and Yarid - 2017 - The effects of ocean acidification on wound repair in the coral Porites spp..pdf,literature/META_ANALYSIS_POOL/Edmunds and Yarid - 2017 - The effects of ocean acidification on wound repair in the coral Porites spp..pdf,growth|rate,2,2,available,read_cached,7,67724,06372914131896c48db5a4411ecad7526f95b38c622f038001a6e74c6941356d,1,1,ready_extract
2e76dce4-6cb4-46c0-b8c4-a1cc91b1578c,Van Veghel and Bak - 1994 - Reproductive characteristics of the polymorphic Caribbean reef building coral Montastrea annularis..pdf,literature/META_ANALYSIS_POOL/Van Veghel and Bak - 1994 - Reproductive characteristics of the polymorphic Caribbean reef building coral Montastrea annularis..pdf,reproduction,1,1,available,read_cached,6,28177,ef9edd485a2d3130da0bdaea58414f3a8c9fe4d45fc40da7960abd2264e2ec09,1,1,needs_digitization
32a1561c-9cd6-4e97-9287-c9e5eafafc22,Welsh et al. - 2015 - Clustered parrotfish feeding scars trigger partial coral mortality of massive Porites colonies on th.pdf,literature/META_ANALYSIS_POOL/Welsh et al. - 2015 - Clustered parrotfish feeding scars trigger partial coral mortality of massive Porites colonies on th.pdf,survival,1,1,available,read_cached,6,41416,e7034de47ca5932a135e61bdeaad90a32efb2b0bbd35d5ca418ebdca15e2687e,1,1,needs_digitization
33b7b9b2-9041-454b-bba3-abfadd68029f,Hall et al. - 2015 - Lesion recovery of two scleractinian corals under low pH conditions Implications for restoration ef.pdf,literature/META_ANALYSIS_POOL/Hall et al. - 2015 - Lesion recovery of two scleractinian corals under low pH conditions Implications for restoration ef.pdf,rate,1,1,available,read_cached,7,58924,06915e9c23f23da9f7954054c253f1ccafa2228a742f57a00d9a4c3afd67e9d9,1,1,needs_digitization
33d2bc0d-ec51-4225-a216-bf74b34fa89d,Rotjan et al. - 2006 - Chronic parrotfish grazing impedes coral recovery after bleaching.pdf,literature/META_ANALYSIS_POOL/Rotjan et al. - 2006 - Chronic parrotfish grazing impedes coral recovery after bleaching.pdf,survival,1,1,available,read_cached,9,48337,347cc9d3bd360b599dbedf6d2c91c4fbe8c96e74447bc41e5430015564050be7,1,1,needs_digitization
347f789a-ef73-4089-aa77-0e46f2b2d196,Townsend et al. - 2023 - Differing lesion recovery rates of two Caribbean stony coral species across a shallow water to mesop.pdf,literature/META_ANALYSIS_POOL/Townsend et al. - 2023 - Differing lesion recovery rates of two Caribbean stony coral species across a shallow water to mesop.pdf,rate,1,1,available,read_cached,11,66107,8a7c3c6f895e91094e0aecff2df6270978df6d844afacb89765672e7c53e2de6,1,1,needs_digitization
348d7203-b68d-472c-89da-e3e6704b2f50,Eh and Rpm - 1995 - Age-related deterioration of a physiological function in the branching coral Acropora palmata.pdf,literature/META_ANALYSIS_POOL/Eh and Rpm - 1995 - Age-related deterioration of a physiological function in the branching coral Acropora palmata.pdf,rate,1,1,available,read_cached,7,34306,55c141a004792016fc84a8f8c3e6991395906b20a8c52f99bae934737bee47e0,1,1,ready_extract
3764e810-0eb0-4d34-baca-2c5136c95bc8,"Lirman - 2000 - Lesion regeneration in the branching coral Acropora palmata effects of colonization, colony size, l.pdf","literature/META_ANALYSIS_POOL/Lirman - 2000 - Lesion regeneration in the branching coral Acropora palmata effects of colonization, colony size, l.pdf",rate,1,1,available,read_cached,7,41726,5b4f0fdbfcd72d4bd6a1600d86c895bd3fd5835946e01bf07391aed417555c58,1,1,ready_extract
398d01aa-1e0e-4c46-9989-8490ca8748d5,Meesters et al. - 1996 - Partial Mortality in Three Species of Reef-Building Corals and the Relation with Colony Morphology.pdf,literature/META_ANALYSIS_POOL/Meesters et al. - 1996 - Partial Mortality in Three Species of Reef-Building Corals and the Relation with Colony Morphology.pdf,survival,1,1,available,read_cached,15,65048,5b526ef1aa24d29ea3a91772ed4d604b9d56f9ed3f1d1c622f0676574c70406d,1,1,needs_digitization
3a3fb59c-a303-49f1-aa80-21ffe7d182cf,Fong and Lirman - 1995 - Hurricanes Cause Population Expansion of the Branching Coral Acropora palmata (Scleractinia).pdf,literature/META_ANALYSIS_POOL/Fong and Lirman - 1995 - Hurricanes Cause Population Expansion of the Branching Coral Acropora palmata (Scleractinia).pdf,growth|rate|survival,3,3,available,read_cached,19,71684,4bc321567ad452b1d590ccf24e6f401518858318c5ff04bf9887afc681ee0275,1,1,ready_extract
3d374a40-79d3-413b-99c2-670f9da97bef,"Dias et al. - 2018 - Mortality, growth and regeneration following fragmentation of reef-forming corals under thermal stre.pdf","literature/META_ANALYSIS_POOL/Dias et al. - 2018 - Mortality, growth and regeneration following fragmentation of reef-forming corals under thermal stre.pdf",growth|rate|survival,3,3,available,read_cached,12,95228,7e65b16b532784cbb3dccf90c3b25dda0e9a125cd73015a9a3956528b2e0fa44,1,1,needs_digitization
3f852e08-6b2f-488b-9351-0f78b2ba41a5,Palacios et al. - 2014 - Fish corallivory on a pocilloporid reef and experimental coral responses to predation.pdf,literature/META_ANALYSIS_POOL/Palacios et al. - 2014 - Fish corallivory on a pocilloporid reef and experimental coral responses to predation.pdf,growth|survival,2,2,available,read_cached,12,72446,ae0d82568356dbfa9b9dd95dc70705e2a6712e0d0dbe33387ed67d8eb0bd7a38,1,1,needs_digitization
40359446-8345-4a72-8169-af86ad3de9d6,Lenihan and Edmunds - 2010 - Response of Pocillopora verrucosa to corallivory varies with environmental conditions.pdf,literature/META_ANALYSIS_POOL/Lenihan and Edmunds - 2010 - Response of Pocillopora verrucosa to corallivory varies with environmental conditions.pdf,growth|rate,2,2,available,read_cached,13,81084,b39825c2fb221422d12a66fdbd7d251351f75c2cc934e4da55a2bbea91c2e6c6,1,1,needs_digitization
45fcfd8e-a2d2-4345-aec0-baeb03f883a4,Jayewardene et al. - 2009 - Effects of frequent fish predation on corals in Hawaii.pdf,literature/META_ANALYSIS_POOL/Jayewardene et al. - 2009 - Effects of frequent fish predation on corals in Hawaii.pdf,growth|survival,2,2,available,read_cached,8,41412,1be8ca5c811404bea28b23b80a9301447fd7fc0af3c2851f1c7159dbc7641718,1,1,needs_digitization
4cc9b30b-9ed8-4123-82aa-2f182db391b7,Jayewardene - 2010 - Experimental determination of the cost of lesion healing on Porites compressa growth.pdf,literature/META_ANALYSIS_POOL/Jayewardene - 2010 - Experimental determination of the cost of lesion healing on Porites compressa growth.pdf,growth|rate,2,2,available,read_cached,5,27572,e08b447d7956b27ca9ba18c38f6d9a6c43de511ab4c70d6f093b38d19fb4076b,1,1,needs_digitization
4d1dfa9c-9c0b-438d-bf33-ec928b7d6696,Denis_2013_Fast_Growth_May_Impair_Regeneration_Capacity_in_th..._doi-10.1371-journal.pone.0072618.pdf,literature/META_ANALYSIS_POOL/Denis et al. - 2013 - Fast Growth May Impair Regeneration Capacity in the Branching Coral Acropora muricata.pdf,growth|rate,2,2,available,read_cached,7,51011,9a36d0b637e24c18be7e4cb9f9545f5c07f4c63fb8d9cbcfa88275be02b549c7,1,1,ready_extract
58b15640-3061-4ea9-a606-877701eef38c,"Hamman - 2019 - Spatial distribution of damage affects the healing, growth, and morphology of coral.pdf","literature/META_ANALYSIS_POOL/Hamman - 2019 - Spatial distribution of damage affects the healing, growth, and morphology of coral.pdf",growth|rate,2,2,available,read_cached,12,84549,19474eb33005171d39d032c8379a90e7b8025a6fa55b5d8aaa7990707793b5e1,1,1,needs_digitization
5f4a560f-1449-4b1d-96ad-236a0da5fcb7,Horwitz and Fine - 2014 - High CO2 detrimentally affects tissue regeneration of Red Sea corals.pdf,literature/META_ANALYSIS_POOL/Horwitz and Fine - 2014 - High CO2 detrimentally affects tissue regeneration of Red Sea corals.pdf,rate,1,1,available,read_cached,11,63114,db9b204420f950d7ce8a3052fb6e12950b6a23a45dcae9c3efe80db78bd4893b,1,1,needs_digitization
635d9cb2-270b-4bcc-b676-c84b81b0620b,Soong and Lang - 1992 - Reproductive Integration in Reef Corals.pdf,literature/META_ANALYSIS_POOL/Soong and Lang - 1992 - Reproductive Integration in Reef Corals.pdf,reproduction,1,1,available,read_cached,14,100664,fa6d956d18a7e5fe1197b6ae0e0f321190effa397468056eaf070b4a2b0b83fd,1,1,needs_digitization
65ccf3b6-92c0-416b-93ba-1cfd827b1ba1,Horricks et al. - 2019 - Differential protein abundance during the first month of regeneration of the Caribbean star coral Mo.pdf,literature/META_ANALYSIS_POOL/Horricks et al. - 2019 - Differential protein abundance during the first month of regeneration of the Caribbean star coral Mo.pdf,rate,1,1,available,read_cached,17,115600,0f57a3cd1aef4b6bdac7eebdb72aa84158a186486c60afa4207c7734b894eb83,1,1,ready_extract
6a14a9e9-da4e-425f-bf9d-59fa573487e1,"Guzmán et al. - 1994 - Injury, regeneration and growth of Caribbean reef corals after a major oil spill in Panama.pdf","literature/META_ANALYSIS_POOL/Guzmán et al. - 1994 - Injury, regeneration and growth of Caribbean reef corals after a major oil spill in Panama.pdf",growth|rate|survival,3,3,available,read_cached,11,69709,17786f79466f3733cfca89de5253cc5ed6b282572e06abba10df03d78beb36c7,1,1,ready_extract
6b96575e-9bf7-46f2-a12e-73b565f46629,Meesters and Bak - 1993 - Effects of coral bleaching on tissue regeneration potential and colony survival.pdf,literature/META_ANALYSIS_POOL/Meesters and Bak - 1993 - Effects of coral bleaching on tissue regeneration potential and colony survival.pdf,rate|survival,2,2,available,read_cached,10,66015,b1cd23c61000d9ba9b49553e4b013f8f243a146b381a21fb0b24e493a2c65c97,1,1,ready_extract
6da70b1c-7428-4a76-904c-b69d981f2824,Sabine et al. - 2015 - Environmental conditions influence tissue regeneration rates in scleractinian corals.pdf,literature/META_ANALYSIS_POOL/Sabine et al. - 2015 - Environmental conditions influence tissue regeneration rates in scleractinian corals.pdf,rate,1,1,available,read_cached,12,101956,aacd7bbd2b944288f612b1f2d0fbfc7925e801e72314cdd1d834fc526988a7e2,1,1,needs_digitization
6dffe94d-a664-4a6c-8daf-f25ecfa5b50d,"Ward - 1995 - The effect of damage on the growth, reproduction and storage of lipids in the scleractinian coral Po.pdf","literature/META_ANALYSIS_POOL/Ward - 1995 - The effect of damage on the growth, reproduction and storage of lipids in the scleractinian coral Po.pdf",growth|reproduction|survival,3,3,available,read_cached,14,41056,060753e0d43431a0de4270dc8c6f175b6a58af4060f747197797a55562470604,1,1,needs_digitization
6f750c49-3261-482c-ade2-373835f7cf40,Paz-García - 2006 - Temporal variation in the regeneration rate of artificial lesions in two morphotypes of Porites pana.pdf,literature/META_ANALYSIS_POOL/Paz-García - 2006 - Temporal variation in the regeneration rate of artificial lesions in two morphotypes of Porites pana.pdf,rate,1,1,available,read_cached,8,55161,85920fa2b5878fe15c3e8aba70617238c5b897d49b390cdfcda0c5854dafcc76,1,1,needs_digitization
84a7b2a4-6982-4dce-a39a-2d4f07d0176b,Oren et al. - 1997 - Effect of lesion size and shape on regeneration of the Red Sea coral Favia favus.pdf,literature/META_ANALYSIS_POOL/Oren et al. - 1997 - Effect of lesion size and shape on regeneration of the Red Sea coral Favia favus.pdf,rate,1,1,available,read_cached,8,41051,3d0adf6d0b1d452569bbf53286c7e55609f8d4ddb69d427d9145df906e1c1ad9,1,1,needs_digitization
8c205a55-4093-46c5-a7c2-e356c8bf6a7c,Nagelkerken and Bak - 1998 - Differential regeneration of artificial lesions among sympatric morphs of the Caribbean corals Porit.pdf,literature/META_ANALYSIS_POOL/Nagelkerken and Bak - 1998 - Differential regeneration of artificial lesions among sympatric morphs of the Caribbean corals Porit.pdf,rate,1,1,available,read_cached,5,31291,1c39dd86f40f57c460cbb061fd52540ade1601b9d01894549f8dec3876fddf27,1,1,needs_digitization
9616c9c9-f92f-4a43-8be4-4bd0b5875f3c,"Burmester et al. - 2017 - Temperature and symbiosis affect lesion recovery in experimentally wounded, facultatively symbiotic.pdf","literature/META_ANALYSIS_POOL/Burmester et al. - 2017 - Temperature and symbiosis affect lesion recovery in experimentally wounded, facultatively symbiotic.pdf",growth|rate,2,2,available,read_cached,13,76481,268d83944c91135ddec552c7c20c318b243d9ca5ae9e4f7d287ba364f53d84e1,1,1,ready_extract
9c887b4c-dae5-4725-96db-948c2491e53d,Titlyanov et al. - 2006 - Three stages of injuries regeneration on scleractinian corals.pdf,literature/META_ANALYSIS_POOL/Titlyanov et al. - 2006 - Three stages of injuries regeneration on scleractinian corals.pdf,rate,1,1,available,read_cached,12,46798,0ab0f30a406a854459cd45f5baa88c748847a1e1bb24f051efcf40505b550b44,1,1,needs_digitization
9cbae935-6259-4ba6-a2ec-44d3f3bc0902,Yap and Gomez - 1984 - Growth of Acropora pulchra II. Responses of natural and transplanted colonies to temperature and da.pdf,literature/META_ANALYSIS_POOL/Yap and Gomez - 1984 - Growth of Acropora pulchra II. Responses of natural and transplanted colonies to temperature and da.pdf,growth|survival,2,2,available,read_cached,7,42320,dfcc25e993ed98d56b8e7cff2231a5cb699fdd80d5a294d3616597431c0e82b4,1,1,needs_digitization
9d6998fc-caf1-4dbd-883f-ad9b9184d062,Shaver et al. - 2017 - Effects of predation and nutrient enrichment on the success and microbiome of a foundational coral.pdf,literature/META_ANALYSIS_POOL/Shaver et al. - 2017 - Effects of predation and nutrient enrichment on the success and microbiome of a foundational coral.pdf,growth|survival,2,2,available,read_cached,11,68804,649a7f737a53b25b3e84a2384a77d705809b1a8a1de4446034fe770414d87d5f,1,1,needs_digitization
9f560a14-a39a-4d71-8d68-9c14a4001c75,Nicolet et al. - 2018 - Predation scars may influence host susceptibility to pathogens evaluating the role of corallivores.pdf,literature/META_ANALYSIS_POOL/Nicolet et al. - 2018 - Predation scars may influence host susceptibility to pathogens evaluating the role of corallivores.pdf,survival,1,1,available,read_cached,10,84385,29f7238133b93020157525d9f2729a10cc462e1a74eb2dbd1e7c52350a6d9c8e,1,1,needs_digitization
9f7a74ab-485d-44be-88c3-28c6b4a7c491,Chadwick and Loya - 1990 - Regeneration after experimental breakage in the solitary reef coral Fungia granulosa Klunzing.pdf,literature/META_ANALYSIS_POOL/Chadwick and Loya - 1990 - Regeneration after experimental breakage in the solitary reef coral Fungia granulosa Klunzing.pdf,rate|survival,2,2,available,read_cached,14,34543,e1610a8f992e7c7599418936e7b6e0985f3edd01602f37cfd5ca73f3265ffed1,1,1,needs_digitization
a1e7fabd-36e1-4556-804c-e6f1a9c17581,Fisher et al. - 2007 - Lesion regeneration rates in reef-building corals Montastraea spp. as indicators of colony condition.pdf,literature/META_ANALYSIS_POOL/Fisher et al. - 2007 - Lesion regeneration rates in reef-building corals Montastraea spp. as indicators of colony condition.pdf,rate,1,1,available,read_cached,11,72028,20f2642071b406018a4e91fedd30b33954653ebaddf97fb7114b853dfed99750,1,1,ready_extract
a3b88246-eb7f-49ed-a997-67c6d36e9413,Oren et al. - 2001 - Colony Integration during Regeneration in the Stony Coral Favia favus.pdf,literature/META_ANALYSIS_POOL/Oren et al. - 2001 - Colony Integration during Regeneration in the Stony Coral Favia favus.pdf,rate|reproduction,2,2,available,read_cached,13,82010,e67718125721d6992803ffa4a19f90e0e00ebe35b45d66a01fce4c7944997b5d,1,1,needs_digitization
a67392b0-7a7e-43ad-917d-94febf750c1a,Lenihan et al. - 2015 - Hydrodynamics influence coral performance through simultaneous direct and indirect effects.pdf,literature/META_ANALYSIS_POOL/Lenihan et al. - 2015 - Hydrodynamics influence coral performance through simultaneous direct and indirect effects.pdf,growth|survival,2,2,available,read_cached,10,63539,3da485f4318ed9c938b16f1e863503f572d00643f36422c693fb4be715206474,1,1,needs_digitization
acf00158-0890-4388-9a0e-da9194664ef6,Kaufman et al. - 2021 - Thermal history influences lesion recovery of the threatened Caribbean staghorn coral Acropora cervi.pdf,literature/META_ANALYSIS_POOL/Kaufman et al. - 2021 - Thermal history influences lesion recovery of the threatened Caribbean staghorn coral Acropora cervi.pdf,rate,1,1,available,read_cached,5,27708,470e395fb192a5aa7ccdc64b6e3120166bd9c26baab601e2ab67ac3afe77d560,1,1,needs_digitization
ad751939-b061-4323-9097-c1e7d2e9576f,Fine et al. - 2002 - Bleaching effect on regeneration and resource translocation in the coral Oculina patagonica.pdf,literature/META_ANALYSIS_POOL/Fine et al. - 2002 - Bleaching effect on regeneration and resource translocation in the coral Oculina patagonica.pdf,rate|survival,2,2,available,read_cached,7,41276,7b14c755c284e8ff481a718385616ea62a26d761d1a7f16173e5e00eb62df9ae,1,1,needs_digitization
b0949a7c-520e-4a37-af04-25979598ec2d,Edmunds and Lenihan - 2010 - Effect of sub-lethal damage to juvenile colonies of massive Porites spp. under contrasting regimes o.pdf,literature/META_ANALYSIS_POOL/Edmunds and Lenihan - 2010 - Effect of sub-lethal damage to juvenile colonies of massive Porites spp. under contrasting regimes o.pdf,growth|rate,2,2,available,read_cached,11,71383,cf80ccf871ca3ce83956bb206a0f99934bf9ad83eb3e176a7114cdd41f6c7c13,1,1,ready_extract
b269f689-c2c5-48a1-8ecb-f284c3ed7edc,Titlyanov et al. - 2005 - Regeneration of artificial injuries on scleractinian corals and coralalgal competition for newly fo.pdf,literature/META_ANALYSIS_POOL/Titlyanov et al. - 2005 - Regeneration of artificial injuries on scleractinian corals and coralalgal competition for newly fo.pdf,rate,1,1,available,read_cached,16,78441,3f2179d77a34cc9dcc781e803bb546b1d558b6e54a5b191a3b753d7a4ac134d7,1,1,needs_digitization
b2eaa7a6-c475-4f8e-bec2-2a52585da7c3,Nagelkerken et al. - 1999 - Depth-related variation in regeneration of artificial lesions in the Caribbean corals Porites ast.pdf,literature/META_ANALYSIS_POOL/Nagelkerken et al. - 1999 - Depth-related variation in regeneration of artificial lesions in the Caribbean corals Porites ast.pdf,rate,1,1,available,read_cached,11,27157,93ae86eca7b639fca9080256c483b83dae5e7e88f85f6471ef0197dd11ca9ec9,1,1,needs_digitization
b9536b7f-eb24-428a-8a9f-9750a74faa1f,Hall - 2001 - The response of Acropora hyacinthus and Montipora tuberculosa to three different types of colony dam.pdf,literature/META_ANALYSIS_POOL/Hall - 2001 - The response of Acropora hyacinthus and Montipora tuberculosa to three different types of colony dam.pdf,rate,1,1,available,read_cached,15,44386,aaa05b6475229dad30de37d1bc6ca9f03ab5c5e0567c7e1d185f5899bcd79a0a,1,1,needs_digitization
c849a042-644e-4b4f-a530-33cfb800d9a9,E and Y - 1996 - Regeneration versus budding in fungiid corals a trade-off.pdf,literature/META_ANALYSIS_POOL/E and Y - 1996 - Regeneration versus budding in fungiid corals a trade-off.pdf,growth|rate,2,2,available,read_cached,7,32714,e40a05497dc0e328d6cb9199d0322088d74fc7393a8e6c1595e359e38e2e3a5c,1,1,needs_digitization
c84ce087-58f5-4e19-a373-34f57299f6d0,Meesters et al. - 1994 - Damage and regeneration links to growth in the reef-building coral Montastrea annularis.pdf,literature/META_ANALYSIS_POOL/Meesters et al. - 1994 - Damage and regeneration links to growth in the reef-building coral Montastrea annularis.pdf,growth|rate,2,2,available,read_cached,11,64130,edd316b2f631ad134716f58a0f1bc8ff63301c8d0d30d5d732ec5c0e60727f0d,1,1,needs_digitization
c9a7e412-6f2f-4baf-9cde-29e23e6aeeb0,Barbara - Host and Symbiont Physiology During Wound Regeneration in Acropora pulchra Under.pdf,literature/META_ANALYSIS_POOL/Barbara - Host and Symbiont Physiology During Wound Regeneration in Acropora pulchra Under.pdf,growth|rate,2,2,available,read_cached,47,72141,92f4e8c5003438c23a2d60fb4b733f9cabc9c8fde733839331804c538e6801d0,1,1,ready_extract
cf0dfa52-c9e6-4d7f-9ae1-5970162a807f,Lester and Bak - 1985 - Effects of environment on regeneration rate of tissue lesions in the reef coral Montastrea annularis.pdf,literature/META_ANALYSIS_POOL/Lester and Bak - 1985 - Effects of environment on regeneration rate of tissue lesions in the reef coral Montastrea annularis.pdf,rate,1,1,available,read_cached,4,20433,f14d029caf77ebf9462966f49b172c239ad7627d67716df54caf41cbfadd067c,1,1,ready_extract
d110a8f5-278e-4ba7-a502-32eb61aed5cb,Lirman et al. - 2010 - Propagation of the threatened staghorn coral Acropora cervicornis methods to minimize the impacts o.pdf,literature/META_ANALYSIS_POOL/Lirman et al. - 2010 - Propagation of the threatened staghorn coral Acropora cervicornis methods to minimize the impacts o.pdf,growth|survival,2,2,available,read_cached,7,39435,336d25e92144ee164581a85b8d9099f888fde0e550353f9ea5667e792368cd82,1,1,needs_digitization
d17e3c0b-32a1-4c10-94fa-7558d22f726e,Okubo - 2008 - Size-independent investment allocation to regeneration and growth of the branching coral Acropora mu.pdf,literature/META_ANALYSIS_POOL/Okubo - 2008 - Size-independent investment allocation to regeneration and growth of the branching coral Acropora mu.pdf,growth|rate,2,2,available,read_cached,5,21038,8039585f6a98edc39307ad76489a90752742992d1e51f02f422b472c7a4ab294,1,1,needs_digitization
d48f4420-bee1-4bd3-95e6-7f646095131b,Wesseling et al. - 2001 - Partial Mortality in Porites Corals Variation among Philippine Reefs.pdf,literature/META_ANALYSIS_POOL/Wesseling et al. - 2001 - Partial Mortality in Porites Corals Variation among Philippine Reefs.pdf,survival,1,1,available,read_cached,9,34992,b7d6e83f68472fd00d6ffeec499f09bb50373a6c3bacc8c971f030a2e8c4fc58,1,1,ready_extract
d4f87f68-6209-4973-bf99-fac310af5656,Coral-Damsel-Wounding-Manuscript.pdf,literature/META_ANALYSIS_POOL/Coral-Damsel-Wounding-Manuscript.pdf,growth|rate,2,2,available,read_cached,12,30368,9b51415aade054400ef419041146f9216efefb146c5192d035e8b91498006a74,1,1,needs_digitization
d7f996dc-c00b-423c-b424-965cd78f9d1b,Page and Willis - 2008 - Epidemiology of skeletal eroding band on the Great Barrier Reef and the role of injury in the initia.pdf,literature/META_ANALYSIS_POOL/Page and Willis - 2008 - Epidemiology of skeletal eroding band on the Great Barrier Reef and the role of injury in the initia.pdf,survival,1,1,available,read_cached,17,97348,d5c4dfbd413884ddf2f34c6882d6e45ef9af3a450b542d08aec88fa53e07fffd,1,1,needs_digitization
daec544d-cfab-46db-be2a-1d3596bc0395,Burmester et al. - 2018 - The impact of autotrophic versus heterotrophic nutritional pathways on colony health and wound recov.pdf,literature/META_ANALYSIS_POOL/Burmester et al. - 2018 - The impact of autotrophic versus heterotrophic nutritional pathways on colony health and wound recov.pdf,growth|rate,2,2,available,read_cached,12,82018,76a1c9cd67f9fccabc753c38ce09ac90bc57cc4df9a9b2c2318ffd7fc2a35d9f,1,1,needs_digitization
dde85c3e-6c0d-4057-9a5a-116138865992,"Bak - 1983 - Neoplasia, regeneration and growth in the reef-building coral Acropora palmata.pdf","literature/META_ANALYSIS_POOL/Bak - 1983 - Neoplasia, regeneration and growth in the reef-building coral Acropora palmata.pdf",growth|rate,2,2,available,read_cached,7,40229,e73dc6290564a8865802f17a6f398948f384019c2acf750ba123a3392bf1ef87,1,1,needs_digitization
e1fe67b6-7beb-43ff-bb09-b0b2262e6d05,"Lirman - 2000 - Fragmentation in the branching coral Acropora palmata (Lamarck) growth, survivorship, and reproduct.pdf","literature/META_ANALYSIS_POOL/Lirman - 2000 - Fragmentation in the branching coral Acropora palmata (Lamarck) growth, survivorship, and reproduct.pdf",growth|reproduction|survival,3,3,available,read_cached,17,50299,dd443c5e3847e2ab8df6417788522c94129c639250b24466820bb7e5a456dbac,1,1,ready_extract
e2191f69-a271-4c74-be4c-ebe977248362,Hall - 1997 - Interspecific differences in the regeneration of artificial injuries on scleractinian corals.pdf,literature/META_ANALYSIS_POOL/Hall - 1997 - Interspecific differences in the regeneration of artificial injuries on scleractinian corals.pdf,rate,1,1,available,read_cached,15,45984,c43a87e02eaecb2878a33de6afb783bdace5b1c33996dc9e21d7a4656a3f92f3,1,1,needs_digitization
ec19aed9-6875-473a-accb-914b065e6e10,Counsell et al. - 2019 - Colony size and depth affect wound repair in a branching coral.pdf,literature/META_ANALYSIS_POOL/Counsell et al. - 2019 - Colony size and depth affect wound repair in a branching coral.pdf,rate|survival,2,2,available,read_cached,12,105113,c9c71ed9deeae076efb938a61080e8191836d587ff0c731b17ac3499ce1f2978,1,1,needs_digitization
f46ad039-b2d6-4a0a-860d-98cf61f2a7de,Miller and Hay - 1998 - Effects of fish predation and seaweed competition on the survival and growth of corals.pdf,literature/META_ANALYSIS_POOL/Miller and Hay - 1998 - Effects of fish predation and seaweed competition on the survival and growth of corals.pdf,growth|survival,2,2,available,read_cached,8,45858,5ea1141b86aa88fd859a9182123ad70cecfba423c112c694ec4420d41524f785,1,1,needs_digitization
f7335f31-f560-4d42-9f0d-52fdbec8ece6,Meesters et al 1992 sedimentation and lesion position.pdf,literature/META_ANALYSIS_POOL/Meesters et al 1992 sedimentation and lesion position.pdf,rate,1,1,available,read_cached,8,42282,11fe52066656129b03f5f69903cdc94103f778a0e67b0cbf17103ad5ee26a37f,1,1,needs_digitization
fe532d7a-f878-4a85-962a-7de43d06a80c,Rotjan and Lewis - 2009 - Predators selectively graze reproductive structures in a clonal marine organism.pdf,literature/META_ANALYSIS_POOL/Rotjan and Lewis - 2009 - Predators selectively graze reproductive structures in a clonal marine organism.pdf,rate|reproduction,2,2,available,read_cached,9,57483,39b1cd04e7c8962493caa42c572f3ba9096152fb03578b784e353709c0ae0bce,1,1,ready_extract
