normalized_row_id,source_table,source_row,source_id,paper_title,local_relpath,response_type,taxon_raw,outcome_type,treatment_or_stressor,response_value,response_unit,control_value,wounded_value,variance_type,variance_value,sample_size,duration_days,figure_or_table_label,page,panel_label,qa_status,notes
EXTRACTION_RATES-2,data/extraction/EXTRACTION_RATES.csv,2,dde85c3e-6c0d-4057-9a5a-116138865992,"Bak - 1983 - Neoplasia, regeneration and growth in the reef-building coral Acropora palmata.pdf","literature/META_ANALYSIS_POOL/Bak - 1983 - Neoplasia, regeneration and growth in the reef-building coral Acropora palmata.pdf",rate,Acropora palmata,,None,-0.048,Exponential Slope (k),,,None,0,32,,,,,needs_source_provenance_review,Standard 1cm2 lesion
EXTRACTION_RATES-3,data/extraction/EXTRACTION_RATES.csv,3,09f69156-3ca0-4bf2-98e2-fe2b25612587,Denis et al. - 2011 - Lesion regeneration capacities in populations of the massive coral Porites lutea at Réunion Island.pdf,literature/META_ANALYSIS_POOL/Denis et al. - 2011 - Lesion regeneration capacities in populations of the massive coral Porites lutea at Réunion Island.pdf,rate,Porites lutea,,Seasonal Variation,13.0,mm2 d-1,,,SD,7.0,170,,,,,needs_source_provenance_review,Initial rate range 6-20
EXTRACTION_RATES-4,data/extraction/EXTRACTION_RATES.csv,4,84a7b2a4-6982-4dce-a39a-2d4f07d0176b,Oren et al. - 1997 - Effect of lesion size and shape on regeneration of the Red Sea coral Favia favus.pdf,literature/META_ANALYSIS_POOL/Oren et al. - 1997 - Effect of lesion size and shape on regeneration of the Red Sea coral Favia favus.pdf,rate,Favia favus,,Lesion Shape,4.7,mm2 d-1,,,SD,3.1,46,,,,,needs_source_provenance_review,Range 1.6 - 7.8
EXTRACTION_RATES-5,data/extraction/EXTRACTION_RATES.csv,5,1d9e4e6d-fe25-4609-b0ac-78fdb306c80b,Eh et al. - 1997 - Predicting regeneration of physical damage on a reef-building coral by regeneration capacity and les.pdf,literature/META_ANALYSIS_POOL/Eh et al. - 1997 - Predicting regeneration of physical damage on a reef-building coral by regeneration capacity and les.pdf,rate,Montastraea annularis,,Lesion Size,-0.076,Exponential Slope (k),,,95% CL,0.01,25,,,,,needs_source_provenance_review,Steepest slope in smallest lesions
EXTRACTION_RATES-6,data/extraction/EXTRACTION_RATES.csv,6,b269f689-c2c5-48a1-8ecb-f284c3ed7edc,Titlyanov et al. - 2005 - Regeneration of artificial injuries on scleractinian corals and coralalgal competition for newly fo.pdf,literature/META_ANALYSIS_POOL/Titlyanov et al. - 2005 - Regeneration of artificial injuries on scleractinian corals and coralalgal competition for newly fo.pdf,rate,Porites lutea,,Light Intensity,0.11,mm d-1,,,SD,0.05,5,,,,,needs_source_provenance_review,Tissue spreading rate
EXTRACTION_RATES-7,data/extraction/EXTRACTION_RATES.csv,7,65ccf3b6-92c0-416b-93ba-1cfd827b1ba1,Horricks et al. - 2019 - Differential protein abundance during the first month of regeneration of the Caribbean star coral Mo.pdf,literature/META_ANALYSIS_POOL/Horricks et al. - 2019 - Differential protein abundance during the first month of regeneration of the Caribbean star coral Mo.pdf,rate,Montastraea cavernosa,,None,2.8,mm2 d-1,,,SE,0.002,30,,,,,needs_source_provenance_review,Modeled closure rate
EXTRACTION_RATES-8,data/extraction/EXTRACTION_RATES.csv,8,b9536b7f-eb24-428a-8a9f-9750a74faa1f,Hall - 2001 - The response of Acropora hyacinthus and Montipora tuberculosa to three different types of colony dam.pdf,literature/META_ANALYSIS_POOL/Hall - 2001 - The response of Acropora hyacinthus and Montipora tuberculosa to three different types of colony dam.pdf,rate,Acropora hyacinthus,,Injury Type,3.1,% d-1,,,SE,0.13,60,,,,,needs_source_provenance_review,Scraping healed fastest
EXTRACTION_FITNESS-2,data/extraction/EXTRACTION_FITNESS.csv,2,2b8676ad-34ad-450c-8649-095d5be68458,Hall_Injury_and_regeneration_of_common_reef-crest_corals.pdf,literature/META_ANALYSIS_POOL/INJURY AND REGENERATION OF COMMON REEF-CREST CORALS.pdf,reproduction,Acropora hyacinthus,Egg Number/Polyp,Experimental Wounding,,,6.2,5.1,SE,,57,,,,,needs_source_provenance_review,Sampled near vs away from injury
EXTRACTION_FITNESS-3,data/extraction/EXTRACTION_FITNESS.csv,3,2b8676ad-34ad-450c-8649-095d5be68458,Hall_Injury_and_regeneration_of_common_reef-crest_corals.pdf,literature/META_ANALYSIS_POOL/INJURY AND REGENERATION OF COMMON REEF-CREST CORALS.pdf,reproduction,Acropora gemmifera,Egg Number/Polyp,Experimental Wounding,,,6.0,5.0,SE,,57,,,,,needs_source_provenance_review,Sampled near vs away from injury
EXTRACTION_FITNESS-4,data/extraction/EXTRACTION_FITNESS.csv,4,a3b88246-eb7f-49ed-a997-67c6d36e9413,Oren et al. - 2001 - Colony Integration during Regeneration in the Stony Coral Favia favus.pdf,literature/META_ANALYSIS_POOL/Oren et al. - 2001 - Colony Integration during Regeneration in the Stony Coral Favia favus.pdf,reproduction,Favia favus,Oocytes/Septum,Monthly Repeated Lesion,,,14.5,0.9,SD,,18,,,,,needs_source_provenance_review,Large E-10 lesions at 1cm distance
EXTRACTION_FITNESS-5,data/extraction/EXTRACTION_FITNESS.csv,5,2e76dce4-6cb4-46c0-b8c4-a1cc91b1578c,Van Veghel and Bak - 1994 - Reproductive characteristics of the polymorphic Caribbean reef building coral Montastrea annularis..pdf,literature/META_ANALYSIS_POOL/Van Veghel and Bak - 1994 - Reproductive characteristics of the polymorphic Caribbean reef building coral Montastrea annularis..pdf,reproduction,Montastraea annularis (Bumpy),Eggs/Polyp,Natural/Regenerating Lesion,,,69.9,35.0,SD,,225,,,,,needs_source_provenance_review,Control sampled >20cm away
EXTRACTION_FITNESS-6,data/extraction/EXTRACTION_FITNESS.csv,6,2e76dce4-6cb4-46c0-b8c4-a1cc91b1578c,Van Veghel and Bak - 1994 - Reproductive characteristics of the polymorphic Caribbean reef building coral Montastrea annularis..pdf,literature/META_ANALYSIS_POOL/Van Veghel and Bak - 1994 - Reproductive characteristics of the polymorphic Caribbean reef building coral Montastrea annularis..pdf,reproduction,Montastraea annularis (Massive),Eggs/Polyp,Natural/Regenerating Lesion,,,29.2,7.6,SD,,261,,,,,needs_source_provenance_review,Significant reduction in fecundity
EXTRACTION_FITNESS-7,data/extraction/EXTRACTION_FITNESS.csv,7,6dffe94d-a664-4a6c-8daf-f25ecfa5b50d,"Ward - 1995 - The effect of damage on the growth, reproduction and storage of lipids in the scleractinian coral Po.pdf","literature/META_ANALYSIS_POOL/Ward - 1995 - The effect of damage on the growth, reproduction and storage of lipids in the scleractinian coral Po.pdf",reproduction,Pocillopora damicornis,Reproductive Potential (IRP),Experimental Fragmentation,,,43.94,59.58,SE,,36,,,,,needs_source_provenance_review,Counter-intuitive increase in fecundity
EXTRACTION_FITNESS-8,data/extraction/EXTRACTION_FITNESS.csv,8,635d9cb2-270b-4bcc-b676-c84b81b0620b,Soong and Lang - 1992 - Reproductive Integration in Reef Corals.pdf,literature/META_ANALYSIS_POOL/Soong and Lang - 1992 - Reproductive Integration in Reef Corals.pdf,reproduction,Siderastrea radians,Eggs/20 mesenteries,Experimental Artificial Margin,,,13.0,6.0,None,,29,,,,,needs_source_provenance_review,Paired comparison within colony
EXTRACTION_FITNESS-9,data/extraction/EXTRACTION_FITNESS.csv,9,e1fe67b6-7beb-43ff-bb09-b0b2262e6d05,"Lirman - 2000 - Fragmentation in the branching coral Acropora palmata (Lamarck) growth, survivorship, and reproduct.pdf","literature/META_ANALYSIS_POOL/Lirman - 2000 - Fragmentation in the branching coral Acropora palmata (Lamarck) growth, survivorship, and reproduct.pdf",reproduction,Acropora palmata,% Colonies with Gametes,Natural Hurricane Damage,,,80,0,None,,10,,,,,needs_source_provenance_review,Comparison of undamaged vs damaged colonies
EXTRACTION_FITNESS-10,data/extraction/EXTRACTION_FITNESS.csv,10,fe532d7a-f878-4a85-962a-7de43d06a80c,Rotjan and Lewis - 2009 - Predators selectively graze reproductive structures in a clonal marine organism.pdf,literature/META_ANALYSIS_POOL/Rotjan and Lewis - 2009 - Predators selectively graze reproductive structures in a clonal marine organism.pdf,reproduction,Montastraea annularis,Egg Area (mm2),Parrotfish Grazing,,,0.055,0.049,SE,,24,,,,,needs_source_provenance_review,Sampled adjacent to scars
EXTRACTION_FITNESS-11,data/extraction/EXTRACTION_FITNESS.csv,11,26babed0-9e6c-4621-9dca-9253eb39b9fb,Cameron and Edmunds - 2014 - Effects of simulated fish predation on small colonies of massive Porites spp. and Pocillopora meandr.pdf,literature/META_ANALYSIS_POOL/Cameron and Edmunds - 2014 - Effects of simulated fish predation on small colonies of massive Porites spp. and Pocillopora meandr.pdf,growth,Porites spp. (massive),Growth (mg cm-2 d-1),Excavated Damage,,,2.83,1.72,SE,,8,,,,,needs_source_provenance_review,Significant growth reduction
EXTRACTION_FITNESS-12,data/extraction/EXTRACTION_FITNESS.csv,12,26babed0-9e6c-4621-9dca-9253eb39b9fb,Cameron and Edmunds - 2014 - Effects of simulated fish predation on small colonies of massive Porites spp. and Pocillopora meandr.pdf,literature/META_ANALYSIS_POOL/Cameron and Edmunds - 2014 - Effects of simulated fish predation on small colonies of massive Porites spp. and Pocillopora meandr.pdf,growth,Pocillopora meandrina,Growth (mg cm-2 d-1),Excavated Damage,,,2.15,0.99,SE,,8,,,,,needs_source_provenance_review,54% reduction in growth
EXTRACTION_FITNESS-13,data/extraction/EXTRACTION_FITNESS.csv,13,b0949a7c-520e-4a37-af04-25979598ec2d,Edmunds and Lenihan - 2010 - Effect of sub-lethal damage to juvenile colonies of massive Porites spp. under contrasting regimes o.pdf,literature/META_ANALYSIS_POOL/Edmunds and Lenihan - 2010 - Effect of sub-lethal damage to juvenile colonies of massive Porites spp. under contrasting regimes o.pdf,growth,Porites spp. (massive),Growth (mg cm-2 d-1),Wounding (26.7C),,,1.39,1.74,SE,,10,,,,,needs_source_provenance_review,Compensatory growth observed
EXTRACTION_FITNESS-14,data/extraction/EXTRACTION_FITNESS.csv,14,b0949a7c-520e-4a37-af04-25979598ec2d,Edmunds and Lenihan - 2010 - Effect of sub-lethal damage to juvenile colonies of massive Porites spp. under contrasting regimes o.pdf,literature/META_ANALYSIS_POOL/Edmunds and Lenihan - 2010 - Effect of sub-lethal damage to juvenile colonies of massive Porites spp. under contrasting regimes o.pdf,growth,Porites spp. (massive),Growth (mg cm-2 d-1),Wounding (29.6C),,,1.58,1.18,SE,,10,,,,,needs_source_provenance_review,Growth inhibition at high temp
EXTRACTION_FITNESS-15,data/extraction/EXTRACTION_FITNESS.csv,15,2e3b055f-28df-4def-97aa-660ac537a95f,Edmunds and Yarid - 2017 - The effects of ocean acidification on wound repair in the coral Porites spp..pdf,literature/META_ANALYSIS_POOL/Edmunds and Yarid - 2017 - The effects of ocean acidification on wound repair in the coral Porites spp..pdf,growth,Porites spp. (massive),Calcification (mg cm-2 d-1),Acidification (pH 7.6),,,0.79,0.6,SE,,20,,,,,needs_source_provenance_review,No significant wounding effect
EXTRACTION_FITNESS-16,data/extraction/EXTRACTION_FITNESS.csv,16,c84ce087-58f5-4e19-a373-34f57299f6d0,Meesters et al. - 1994 - Damage and regeneration links to growth in the reef-building coral Montastrea annularis.pdf,literature/META_ANALYSIS_POOL/Meesters et al. - 1994 - Damage and regeneration links to growth in the reef-building coral Montastrea annularis.pdf,growth,Montastraea annularis,Calcification (mg cm-2 d-1),Experimental Lesion,,,2.19,1.49,SE,,20,,,,,needs_source_provenance_review,Immediate calcification decrease
EXTRACTION_FITNESS-17,data/extraction/EXTRACTION_FITNESS.csv,17,d110a8f5-278e-4ba7-a502-32eb61aed5cb,Lirman et al. - 2010 - Propagation of the threatened staghorn coral Acropora cervicornis methods to minimize the impacts o.pdf,literature/META_ANALYSIS_POOL/Lirman et al. - 2010 - Propagation of the threatened staghorn coral Acropora cervicornis methods to minimize the impacts o.pdf,growth,Acropora cervicornis,Linear Growth (cm d-1),Fragmentation,,,0.04,0.015,SD,,30,,,,,needs_source_provenance_review,Short-term growth slowdown
EXTRACTION_SURVIVAL-2,data/extraction/EXTRACTION_SURVIVAL.csv,2,6dffe94d-a664-4a6c-8daf-f25ecfa5b50d,"Ward - 1995 - The effect of damage on the growth, reproduction and storage of lipids in the scleractinian coral Po.pdf","literature/META_ANALYSIS_POOL/Ward - 1995 - The effect of damage on the growth, reproduction and storage of lipids in the scleractinian coral Po.pdf",survival,Pocillopora damicornis,,Experimental Fragmentation,,,14,24,,,,395,,,,needs_source_provenance_review,58% mortality in fragments
EXTRACTION_SURVIVAL-3,data/extraction/EXTRACTION_SURVIVAL.csv,3,6dffe94d-a664-4a6c-8daf-f25ecfa5b50d,"Ward - 1995 - The effect of damage on the growth, reproduction and storage of lipids in the scleractinian coral Po.pdf","literature/META_ANALYSIS_POOL/Ward - 1995 - The effect of damage on the growth, reproduction and storage of lipids in the scleractinian coral Po.pdf",survival,Pocillopora damicornis,,Experimental Dislodgement,,,14,33,,,,395,,,,needs_source_provenance_review,60% mortality in dislodged corals
EXTRACTION_SURVIVAL-4,data/extraction/EXTRACTION_SURVIVAL.csv,4,002a60bc-55c8-4fdb-860a-1169fc99b2a8,Rice et al. - 2021 - Complex interactions with nutrients and sediment a.pdf,literature/META_ANALYSIS_POOL/Rice et al. - 2021 - Complex interactions with nutrients and sediment a.pdf,survival,Porites spp. (massive),,Snail Predation,,,11,11,,,,42,,,,needs_source_provenance_review,31% mortality with snails
EXTRACTION_SURVIVAL-5,data/extraction/EXTRACTION_SURVIVAL.csv,5,002a60bc-55c8-4fdb-860a-1169fc99b2a8,Rice et al. - 2021 - Complex interactions with nutrients and sediment a.pdf,literature/META_ANALYSIS_POOL/Rice et al. - 2021 - Complex interactions with nutrients and sediment a.pdf,survival,Porites spp. (massive),,Sediment + Snail,,,11,11,,,,42,,,,needs_source_provenance_review,Sediment did not further increase mortality
EXTRACTION_SURVIVAL-6,data/extraction/EXTRACTION_SURVIVAL.csv,6,e1fe67b6-7beb-43ff-bb09-b0b2262e6d05,"Lirman - 2000 - Fragmentation in the branching coral Acropora palmata (Lamarck) growth, survivorship, and reproduct.pdf","literature/META_ANALYSIS_POOL/Lirman - 2000 - Fragmentation in the branching coral Acropora palmata (Lamarck) growth, survivorship, and reproduct.pdf",survival,Acropora palmata,,Storm Fragmentation,,,25,25,,,,1460,,,,needs_source_provenance_review,40% tissue mortality in transplants
EXTRACTION_SURVIVAL-7,data/extraction/EXTRACTION_SURVIVAL.csv,7,12e9e864-5ff1-42c4-a63d-19b5d62a7464,Bak and Es - REGENERATION OF SUPERFICIAL DAMAGE IN THE SCLERACTINIAN CORALS AGARCA AGARCTES F. PURPUREA AND P.pdf,literature/META_ANALYSIS_POOL/Bak and Es - REGENERATION OF SUPERFICIAL DAMAGE IN THE SCLERACTINIAN CORALS AGARCA AGARCTES F. PURPUREA AND P.pdf,survival,Acropora cervicornis,,Disease following damage,,,0,0,,,,0,,,,needs_source_provenance_review,Survival negatively impacted by post-wound disease
RATE_EXTRACTED_OBSERVATIONS-2,data/extraction/rate/RATE_EXTRACTED_OBSERVATIONS.csv,2,c9a7e412-6f2f-4baf-9cde-29e23e6aeeb0,,,rate,Acropora pulchra,event_proportion,all treatments pooled,13/14,corals with at least two healing signs,,,,,14,,Figure 1; Table 1,17,,extracted_needs_independent_qc,Prose reports 92 percent or 13 of 14 fragments by day 19; event definition is at least two of polyp corallite or tissue regeneration.
RATE_EXTRACTED_OBSERVATIONS-3,data/extraction/rate/RATE_EXTRACTED_OBSERVATIONS.csv,3,12939915-cb9c-4190-9682-7477eb8d2698,,,rate,Acropora aspera,endpoint_complete_regrowth,ambient SST 26 C,complete,apical tip regrowth,,,,,5,,Figures 2A-2F,7,,extracted_needs_independent_qc,Ambient injured colonies had complete apical tip regrowth by experimental day 12.
RATE_EXTRACTED_OBSERVATIONS-4,data/extraction/rate/RATE_EXTRACTED_OBSERVATIONS.csv,4,12939915-cb9c-4190-9682-7477eb8d2698,,,rate,Acropora aspera,linear_extension_endpoint,ambient SST 26 C,1.44,mm apical extension,,,,,5,,Figure 5,9,,extracted_needs_independent_qc,SEM endpoint from fixed landmark to apical tip; ambient extension evident by day 6.
RATE_EXTRACTED_OBSERVATIONS-5,data/extraction/rate/RATE_EXTRACTED_OBSERVATIONS.csv,5,12939915-cb9c-4190-9682-7477eb8d2698,,,rate,Acropora aspera,linear_extension_endpoint,ambient SST 26 C,2.2,mm apical extension,,,,,5,,Figure 5,9,,extracted_needs_independent_qc,SEM endpoint from fixed landmark to apical tip; complete extension evident by day 12.
RATE_EXTRACTED_OBSERVATIONS-6,data/extraction/rate/RATE_EXTRACTED_OBSERVATIONS.csv,6,12939915-cb9c-4190-9682-7477eb8d2698,,,rate,Acropora aspera,linear_extension_endpoint,sub-bleaching SST 32 C,0.5,mm apical extension,,,,,5,,Figure 5,9,,extracted_needs_independent_qc,Elevated-temperature treatment had emergent apical tip in some samples by day 10 with only about 0.5 mm extension.
RATE_EXTRACTED_OBSERVATIONS-7,data/extraction/rate/RATE_EXTRACTED_OBSERVATIONS.csv,7,4d1dfa9c-9c0b-438d-bf33-ec928b7d6696,,,rate,Acropora muricata,model_slope_and_time_to_closure,site,24,percent initial lesion size remaining,,,SD,0.012,25,,Figure 3,3,,extracted_needs_independent_qc,Exponential decay slope reported for remaining lesion size; modeled complete healing averaged 192 d.
RATE_EXTRACTED_OBSERVATIONS-8,data/extraction/rate/RATE_EXTRACTED_OBSERVATIONS.csv,8,4d1dfa9c-9c0b-438d-bf33-ec928b7d6696,,,rate,Acropora muricata,model_time_to_closure,site,complete,modeled healing,,,,,25,,Figure 3,3,,extracted_needs_independent_qc,Same exponential model as slope row; complete healing averaged 192 d.
RATE_EXTRACTED_OBSERVATIONS-9,data/extraction/rate/RATE_EXTRACTED_OBSERVATIONS.csv,9,4d1dfa9c-9c0b-438d-bf33-ec928b7d6696,,,rate,Acropora muricata,model_slope_and_time_to_closure,site,3,percent initial lesion size remaining,,,SD,0.017,23,,Figure 3,3,,extracted_needs_independent_qc,Exponential decay slope reported for remaining lesion size; modeled complete healing averaged 81 d.
RATE_EXTRACTED_OBSERVATIONS-10,data/extraction/rate/RATE_EXTRACTED_OBSERVATIONS.csv,10,4d1dfa9c-9c0b-438d-bf33-ec928b7d6696,,,rate,Acropora muricata,model_time_to_closure,site,complete,modeled healing,,,,,23,,Figure 3,3,,extracted_needs_independent_qc,Same exponential model as slope row; complete healing averaged 81 d.
RATE_EXTRACTED_OBSERVATIONS-11,data/extraction/rate/RATE_EXTRACTED_OBSERVATIONS.csv,11,b0949a7c-520e-4a37-af04-25979598ec2d,,,rate,Porites spp.,range_across_treatments,all temperature-flow treatments,42-54,percent lesion area decline,,,range,across treatments,40,,Figure 2,6,,coarse_extraction_needs_qc,Text reports mean lesion-area decline range over four treatments and equivalent healing rates.
RATE_EXTRACTED_OBSERVATIONS-12,data/extraction/rate/RATE_EXTRACTED_OBSERVATIONS.csv,12,2e3b055f-28df-4def-97aa-660ac537a95f,,,rate,Porites spp.,initial_decline_rate,ambient PCO2,20.6,percent original lesion area remaining at 20 d,,,SE,0.8,20,,Figure 2,4,,extracted_needs_independent_qc,Initial decline rate from Experiment 2; final endpoint after 20 d retained in response fields.
RATE_EXTRACTED_OBSERVATIONS-13,data/extraction/rate/RATE_EXTRACTED_OBSERVATIONS.csv,13,2e3b055f-28df-4def-97aa-660ac537a95f,,,rate,Porites spp.,initial_decline_rate,elevated PCO2,22.7,percent original lesion area remaining at 20 d,,,SE,0.9,20,,Figure 2,4,,extracted_needs_independent_qc,Initial decline rate from Experiment 2; final endpoint after 20 d retained in response fields.
RATE_EXTRACTED_OBSERVATIONS-14,data/extraction/rate/RATE_EXTRACTED_OBSERVATIONS.csv,14,2e3b055f-28df-4def-97aa-660ac537a95f,,,rate,Porites spp.,overall_rate,ambient PCO2,,percent original lesion area,,,not_reported,,20,,Figure 2,5,,extracted_needs_independent_qc,Discussion reports overall healing rate in ambient PCO2 during Experiment 2.
RATE_EXTRACTED_OBSERVATIONS-15,data/extraction/rate/RATE_EXTRACTED_OBSERVATIONS.csv,15,2e3b055f-28df-4def-97aa-660ac537a95f,,,rate,Porites spp.,overall_rate,elevated PCO2,,percent original lesion area,,,not_reported,,20,,Figure 2,5,,extracted_needs_independent_qc,Discussion reports overall healing rate in elevated PCO2 during Experiment 2.
RATE_EXTRACTED_OBSERVATIONS-16,data/extraction/rate/RATE_EXTRACTED_OBSERVATIONS.csv,16,348d7203-b68d-472c-89da-e3e6704b2f50,,,rate,Acropora palmata,model_slope,3 cm from branch tip,,lesion surface area,,,95% CI,0.170-0.267,21,,Table 1,4,,extracted_needs_independent_qc,Model uses lesion size = S0 plus Smax times 10^(-slope*days); slope is reported as positive magnitude.
RATE_EXTRACTED_OBSERVATIONS-17,data/extraction/rate/RATE_EXTRACTED_OBSERVATIONS.csv,17,348d7203-b68d-472c-89da-e3e6704b2f50,,,rate,Acropora palmata,model_slope,12 cm from branch tip,,lesion surface area,,,95% CI,0.095-0.170,21,,Table 1,4,,extracted_needs_independent_qc,Model uses lesion size = S0 plus Smax times 10^(-slope*days); slope is reported as positive magnitude.
RATE_EXTRACTED_OBSERVATIONS-18,data/extraction/rate/RATE_EXTRACTED_OBSERVATIONS.csv,18,348d7203-b68d-472c-89da-e3e6704b2f50,,,rate,Acropora palmata,model_slope,66 cm from branch tip,,lesion surface area,,,95% CI,0.050-0.085,21,,Table 1,4,,extracted_needs_independent_qc,Model uses lesion size = S0 plus Smax times 10^(-slope*days); slope is reported as positive magnitude.
RATE_EXTRACTED_OBSERVATIONS-19,data/extraction/rate/RATE_EXTRACTED_OBSERVATIONS.csv,19,a1e7fabd-36e1-4556-804c-e6f1a9c17581,,,rate,Montastraea spp.,short_term_rate,6 m site,,standardized regeneration rate,,,SE,2,,,Figure 4,5,,extracted_needs_independent_qc,Short-term regeneration rate among 6 m sites.
RATE_EXTRACTED_OBSERVATIONS-20,data/extraction/rate/RATE_EXTRACTED_OBSERVATIONS.csv,20,a1e7fabd-36e1-4556-804c-e6f1a9c17581,,,rate,Montastraea spp.,short_term_rate,6 m site,,standardized regeneration rate,,,SE,2,,,Figure 4,5,,extracted_needs_independent_qc,Short-term regeneration rate among 6 m sites.
RATE_EXTRACTED_OBSERVATIONS-21,data/extraction/rate/RATE_EXTRACTED_OBSERVATIONS.csv,21,a1e7fabd-36e1-4556-804c-e6f1a9c17581,,,rate,Montastraea spp.,short_term_rate,6 m site,,standardized regeneration rate,,,SE,2,,,Figure 4,5,,extracted_needs_independent_qc,Short-term regeneration rate among 6 m sites.
RATE_EXTRACTED_OBSERVATIONS-22,data/extraction/rate/RATE_EXTRACTED_OBSERVATIONS.csv,22,a1e7fabd-36e1-4556-804c-e6f1a9c17581,,,rate,Montastraea spp.,short_term_rate,6 m site,,standardized regeneration rate,,,SE,2,,,Figure 4,5,,extracted_needs_independent_qc,Short-term regeneration rate among 6 m sites.
RATE_EXTRACTED_OBSERVATIONS-23,data/extraction/rate/RATE_EXTRACTED_OBSERVATIONS.csv,23,a1e7fabd-36e1-4556-804c-e6f1a9c17581,,,rate,Montastraea spp.,short_term_rate,depth gradient,,standardized regeneration rate,,,SE,3,,,Figure 4,6,,extracted_needs_independent_qc,Short-term regeneration rate along depth gradient.
RATE_EXTRACTED_OBSERVATIONS-24,data/extraction/rate/RATE_EXTRACTED_OBSERVATIONS.csv,24,a1e7fabd-36e1-4556-804c-e6f1a9c17581,,,rate,Montastraea spp.,short_term_rate,depth gradient,,standardized regeneration rate,,,SE,2,,,Figure 4,6,,extracted_needs_independent_qc,Short-term regeneration rate along depth gradient.
RATE_EXTRACTED_OBSERVATIONS-25,data/extraction/rate/RATE_EXTRACTED_OBSERVATIONS.csv,25,3a3fb59c-a303-49f1-aa80-21ffe7d182cf,,,rate,Acropora palmata,interval_linear_rate,Oct-Dec interval,,linear tissue-front advance,,,SE,0.31,6,,Table I,7,,extracted_needs_independent_qc,Overall mean for six natural hurricane-generated lesions.
RATE_EXTRACTED_OBSERVATIONS-26,data/extraction/rate/RATE_EXTRACTED_OBSERVATIONS.csv,26,3a3fb59c-a303-49f1-aa80-21ffe7d182cf,,,rate,Acropora palmata,interval_linear_rate,Dec-Mar interval,,linear tissue-front advance,,,SE,0.21,6,,Table I,7,,extracted_needs_independent_qc,Overall mean for six natural hurricane-generated lesions.
RATE_EXTRACTED_OBSERVATIONS-27,data/extraction/rate/RATE_EXTRACTED_OBSERVATIONS.csv,27,3a3fb59c-a303-49f1-aa80-21ffe7d182cf,,,rate,Acropora palmata,interval_linear_rate,Oct-Mar interval,,linear tissue-front advance,,,SE,0.16,6,,Table I,7,,extracted_needs_independent_qc,Overall mean for six natural hurricane-generated lesions.
RATE_EXTRACTED_OBSERVATIONS-28,data/extraction/rate/RATE_EXTRACTED_OBSERVATIONS.csv,28,3a3fb59c-a303-49f1-aa80-21ffe7d182cf,,,rate,Acropora palmata,interval_areal_rate,Oct-Mar interval,,area recovered,,,SE,0.7,6,,Table I,7,,extracted_needs_independent_qc,Overall mean area recovered for six natural hurricane-generated lesions.
RATE_EXTRACTED_OBSERVATIONS-29,data/extraction/rate/RATE_EXTRACTED_OBSERVATIONS.csv,29,3a3fb59c-a303-49f1-aa80-21ffe7d182cf,,,rate,Acropora palmata,endpoint_percent_recovered,Oct-Mar interval,31.1,percent area recovered,,,SE,6.7,6,,Table I,7,,extracted_needs_independent_qc,Overall mean percent area recovered across six natural hurricane-generated lesions.
RATE_EXTRACTED_OBSERVATIONS-30,data/extraction/rate/RATE_EXTRACTED_OBSERVATIONS.csv,30,6a14a9e9-da4e-425f-bf9d-59fa573487e1,,,rate,Siderastrea siderea,endpoint_percent_regenerated,oiled reefs,47.0,percent regenerated,,,SD,10.8,,,Table 6,8,,extracted_needs_independent_qc,Experiment 1 percent coral regeneration.
RATE_EXTRACTED_OBSERVATIONS-31,data/extraction/rate/RATE_EXTRACTED_OBSERVATIONS.csv,31,6a14a9e9-da4e-425f-bf9d-59fa573487e1,,,rate,Siderastrea siderea,endpoint_percent_regenerated,unoiled reefs,6.1,percent regenerated,,,SD,3.0,,,Table 6,8,,extracted_needs_independent_qc,Experiment 1 percent coral regeneration.
RATE_EXTRACTED_OBSERVATIONS-32,data/extraction/rate/RATE_EXTRACTED_OBSERVATIONS.csv,32,6a14a9e9-da4e-425f-bf9d-59fa573487e1,,,rate,Siderastrea siderea,endpoint_percent_regenerated,oiled reefs,76.5,percent regenerated,,,SD,3.5,,,Table 6,8,,extracted_needs_independent_qc,Experiment 2 percent coral regeneration.
RATE_EXTRACTED_OBSERVATIONS-33,data/extraction/rate/RATE_EXTRACTED_OBSERVATIONS.csv,33,6a14a9e9-da4e-425f-bf9d-59fa573487e1,,,rate,Siderastrea siderea,endpoint_percent_regenerated,unoiled reefs,35.2,percent regenerated,,,SD,10.1,,,Table 6,8,,extracted_needs_independent_qc,Experiment 2 percent coral regeneration.
RATE_EXTRACTED_OBSERVATIONS-34,data/extraction/rate/RATE_EXTRACTED_OBSERVATIONS.csv,34,6a14a9e9-da4e-425f-bf9d-59fa573487e1,,,rate,Siderastrea siderea,endpoint_percent_regenerated,oiled reefs reciprocal transplant,80.5,percent regenerated,,,SD,4.4,,,Table 6,8,,extracted_needs_independent_qc,Reciprocal transplant percent coral regeneration.
RATE_EXTRACTED_OBSERVATIONS-35,data/extraction/rate/RATE_EXTRACTED_OBSERVATIONS.csv,35,6a14a9e9-da4e-425f-bf9d-59fa573487e1,,,rate,Siderastrea siderea,endpoint_percent_regenerated,unoiled reefs reciprocal transplant,35.9,percent regenerated,,,SD,5.4,,,Table 6,8,,extracted_needs_independent_qc,Reciprocal transplant percent coral regeneration.
RATE_EXTRACTED_OBSERVATIONS-36,data/extraction/rate/RATE_EXTRACTED_OBSERVATIONS.csv,36,6a14a9e9-da4e-425f-bf9d-59fa573487e1,,,rate,Porites astreoides,endpoint_percent_regenerated,oiled reefs,49.1,percent regenerated,,,SD,13.0,,,Table 6,8,,extracted_needs_independent_qc,Experiment 1 percent coral regeneration.
RATE_EXTRACTED_OBSERVATIONS-37,data/extraction/rate/RATE_EXTRACTED_OBSERVATIONS.csv,37,6a14a9e9-da4e-425f-bf9d-59fa573487e1,,,rate,Porites astreoides,endpoint_percent_regenerated,unoiled reefs,41.8,percent regenerated,,,SD,13.7,,,Table 6,8,,extracted_needs_independent_qc,Experiment 1 percent coral regeneration.
RATE_EXTRACTED_OBSERVATIONS-38,data/extraction/rate/RATE_EXTRACTED_OBSERVATIONS.csv,38,6a14a9e9-da4e-425f-bf9d-59fa573487e1,,,rate,Porites astreoides,endpoint_percent_regenerated,oiled reefs,91.1,percent regenerated,,,SD,1.8,,,Table 6,8,,extracted_needs_independent_qc,Experiment 2 percent coral regeneration.
RATE_EXTRACTED_OBSERVATIONS-39,data/extraction/rate/RATE_EXTRACTED_OBSERVATIONS.csv,39,6a14a9e9-da4e-425f-bf9d-59fa573487e1,,,rate,Porites astreoides,endpoint_percent_regenerated,unoiled reefs,59.2,percent regenerated,,,SD,12.8,,,Table 6,8,,extracted_needs_independent_qc,Experiment 2 percent coral regeneration.
RATE_EXTRACTED_OBSERVATIONS-40,data/extraction/rate/RATE_EXTRACTED_OBSERVATIONS.csv,40,6a14a9e9-da4e-425f-bf9d-59fa573487e1,,,rate,Porites astreoides,endpoint_percent_regenerated,oiled reefs reciprocal transplant,83.9,percent regenerated,,,SD,5.0,,,Table 6,8,,extracted_needs_independent_qc,Reciprocal transplant percent coral regeneration.
RATE_EXTRACTED_OBSERVATIONS-41,data/extraction/rate/RATE_EXTRACTED_OBSERVATIONS.csv,41,6a14a9e9-da4e-425f-bf9d-59fa573487e1,,,rate,Porites astreoides,endpoint_percent_regenerated,unoiled reefs reciprocal transplant,50.2,percent regenerated,,,SD,7.5,,,Table 6,8,,extracted_needs_independent_qc,Reciprocal transplant percent coral regeneration.
RATE_EXTRACTED_OBSERVATIONS-42,data/extraction/rate/RATE_EXTRACTED_OBSERVATIONS.csv,42,6a14a9e9-da4e-425f-bf9d-59fa573487e1,,,rate,Diploria clivosa,endpoint_percent_regenerated,oiled reefs,89.7,percent regenerated,,,SD,1.6,,,Table 6,8,,extracted_needs_independent_qc,Experiment 2 percent coral regeneration.
RATE_EXTRACTED_OBSERVATIONS-43,data/extraction/rate/RATE_EXTRACTED_OBSERVATIONS.csv,43,6a14a9e9-da4e-425f-bf9d-59fa573487e1,,,rate,Diploria clivosa,endpoint_percent_regenerated,unoiled reefs,77.6,percent regenerated,,,SD,4.9,,,Table 6,8,,extracted_needs_independent_qc,Experiment 2 percent coral regeneration.
RATE_EXTRACTED_OBSERVATIONS-44,data/extraction/rate/RATE_EXTRACTED_OBSERVATIONS.csv,44,6a14a9e9-da4e-425f-bf9d-59fa573487e1,,,rate,Diploria clivosa,endpoint_percent_regenerated,oiled reefs reciprocal transplant,88.7,percent regenerated,,,SD,3.5,,,Table 6,8,,extracted_needs_independent_qc,Reciprocal transplant percent coral regeneration.
RATE_EXTRACTED_OBSERVATIONS-45,data/extraction/rate/RATE_EXTRACTED_OBSERVATIONS.csv,45,6a14a9e9-da4e-425f-bf9d-59fa573487e1,,,rate,Diploria clivosa,endpoint_percent_regenerated,unoiled reefs reciprocal transplant,79.7,percent regenerated,,,SD,6.4,,,Table 6,8,,extracted_needs_independent_qc,Reciprocal transplant percent coral regeneration.
RATE_EXTRACTED_OBSERVATIONS-46,data/extraction/rate/RATE_EXTRACTED_OBSERVATIONS.csv,46,6a14a9e9-da4e-425f-bf9d-59fa573487e1,,,rate,Diploria strigosa,endpoint_percent_regenerated,oiled reefs,79.2,percent regenerated,,,SD,4.8,,,Table 6,8,,extracted_needs_independent_qc,Experiment 2 percent coral regeneration.
RATE_EXTRACTED_OBSERVATIONS-47,data/extraction/rate/RATE_EXTRACTED_OBSERVATIONS.csv,47,6a14a9e9-da4e-425f-bf9d-59fa573487e1,,,rate,Diploria strigosa,endpoint_percent_regenerated,unoiled reefs,56.6,percent regenerated,,,SD,6.1,,,Table 6,8,,extracted_needs_independent_qc,Experiment 2 percent coral regeneration.
RATE_EXTRACTED_OBSERVATIONS-48,data/extraction/rate/RATE_EXTRACTED_OBSERVATIONS.csv,48,6a14a9e9-da4e-425f-bf9d-59fa573487e1,,,rate,Diploria strigosa,endpoint_percent_regenerated,oiled reefs reciprocal transplant,82.5,percent regenerated,,,SD,10.0,,,Table 6,8,,extracted_needs_independent_qc,Reciprocal transplant percent coral regeneration.
RATE_EXTRACTED_OBSERVATIONS-49,data/extraction/rate/RATE_EXTRACTED_OBSERVATIONS.csv,49,6a14a9e9-da4e-425f-bf9d-59fa573487e1,,,rate,Diploria strigosa,endpoint_percent_regenerated,unoiled reefs reciprocal transplant,81.5,percent regenerated,,,SD,9.9,,,Table 6,8,,extracted_needs_independent_qc,Reciprocal transplant percent coral regeneration.
RATE_EXTRACTED_OBSERVATIONS-50,data/extraction/rate/RATE_EXTRACTED_OBSERVATIONS.csv,50,3764e810-0eb0-4d34-baca-2c5136c95bc8,,,rate,Acropora palmata,closure_rate,small lesions <5 cm2,,linear closure rate,,,SE,1.31,20,,Figure 3,3,,extracted_needs_independent_qc,Mean closure rate first 30 d; extra-large lesions excluded.
RATE_EXTRACTED_OBSERVATIONS-51,data/extraction/rate/RATE_EXTRACTED_OBSERVATIONS.csv,51,3764e810-0eb0-4d34-baca-2c5136c95bc8,,,rate,Acropora palmata,closure_rate,medium lesions 5-10 cm2,,linear closure rate,,,SE,0.4,20,,Figure 3,3,,extracted_needs_independent_qc,Mean closure rate first 30 d.
RATE_EXTRACTED_OBSERVATIONS-52,data/extraction/rate/RATE_EXTRACTED_OBSERVATIONS.csv,52,3764e810-0eb0-4d34-baca-2c5136c95bc8,,,rate,Acropora palmata,closure_rate,large lesions 10-20 cm2,,linear closure rate,,,SE,0.3,12,,Figure 3,3,,extracted_needs_independent_qc,Mean closure rate first 30 d.
RATE_EXTRACTED_OBSERVATIONS-53,data/extraction/rate/RATE_EXTRACTED_OBSERVATIONS.csv,53,6b96575e-9bf7-46f2-a12e-73b565f46629,,,rate,Montastrea annularis,mean_regeneration_rate,bleached colonies,,mean tissue regeneration,,,not_reported,,41,,Figure 3,4,,extracted_needs_independent_qc,Mean regeneration rate of bleached colonies during first 8 d.
RATE_EXTRACTED_OBSERVATIONS-54,data/extraction/rate/RATE_EXTRACTED_OBSERVATIONS.csv,54,6b96575e-9bf7-46f2-a12e-73b565f46629,,,rate,Montastrea annularis,mean_regeneration_rate,normal colonies,,mean tissue regeneration,,,not_reported,,26,,Figure 3,4,,extracted_needs_independent_qc,Mean regeneration rate of normal colonies during first 8 d.
RATE_EXTRACTED_OBSERVATIONS-55,data/extraction/rate/RATE_EXTRACTED_OBSERVATIONS.csv,55,6b96575e-9bf7-46f2-a12e-73b565f46629,,,rate,Porites astreoides,mean_regeneration_rate,bleached Site 1,,mean tissue regeneration,,,SE,1.5,,,Table 1,5,,extracted_needs_independent_qc,Mean regeneration rate plus SE in Table 1.
RATE_EXTRACTED_OBSERVATIONS-56,data/extraction/rate/RATE_EXTRACTED_OBSERVATIONS.csv,56,6b96575e-9bf7-46f2-a12e-73b565f46629,,,rate,Porites astreoides,mean_regeneration_rate,normal Site 1,,mean tissue regeneration,,,SE,1.2,,,Table 1,5,,extracted_needs_independent_qc,Mean regeneration rate plus SE in Table 1.
RATE_EXTRACTED_OBSERVATIONS-57,data/extraction/rate/RATE_EXTRACTED_OBSERVATIONS.csv,57,6b96575e-9bf7-46f2-a12e-73b565f46629,,,rate,Porites astreoides,mean_regeneration_rate,bleached in effluent Site 2,,mean tissue regeneration,,,SE,1.1,,,Table 1,5,,extracted_needs_independent_qc,Mean regeneration rate plus SE in Table 1.
RATE_EXTRACTED_OBSERVATIONS-58,data/extraction/rate/RATE_EXTRACTED_OBSERVATIONS.csv,58,6b96575e-9bf7-46f2-a12e-73b565f46629,,,rate,Porites astreoides,mean_regeneration_rate,normal Site 3,,mean tissue regeneration,,,SE,0.5,31,,Table 1,5,,extracted_needs_independent_qc,Mean regeneration rate plus SE in Table 1.
RATE_EXTRACTED_OBSERVATIONS-59,data/extraction/rate/RATE_EXTRACTED_OBSERVATIONS.csv,59,6b96575e-9bf7-46f2-a12e-73b565f46629,,,rate,Porites astreoides,mean_regeneration_rate,bleached transplanted Site 3,,mean tissue regeneration,,,SE,0.7,23,,Table 1,5,,extracted_needs_independent_qc,Mean regeneration rate plus SE in Table 1.
RATE_EXTRACTED_OBSERVATIONS-60,data/extraction/rate/RATE_EXTRACTED_OBSERVATIONS.csv,60,6b96575e-9bf7-46f2-a12e-73b565f46629,,,rate,Meandrina meandrites,mean_regeneration_rate,normal colonies,,mean tissue regeneration,,,not_reported,,5,,Figure 3,4,,extracted_needs_independent_qc,Mean rate reported in prose for normal colonies.
RATE_EXTRACTED_OBSERVATIONS-61,data/extraction/rate/RATE_EXTRACTED_OBSERVATIONS.csv,61,6b96575e-9bf7-46f2-a12e-73b565f46629,,,rate,Meandrina meandrites,mean_regeneration_rate,bleached colonies,,mean tissue regeneration,,,not_reported,,9,,Figure 3,4,,extracted_needs_independent_qc,Mean rate reported in prose for bleached colonies.
RATE_EXTRACTED_OBSERVATIONS-62,data/extraction/rate/RATE_EXTRACTED_OBSERVATIONS.csv,62,cf0dfa52-c9e6-4d7f-9ae1-5970162a807f,,,rate,Montastrea annularis,endpoint_percent_completely_recovered,desalination-power-plant native series DPP,64,percent lesions completely recovered,,,not_reported,,24,,Figure 2,3,,extracted_needs_independent_qc,End-of-experiment percentage of lesions completely recovered; DPP measured 14 weeks.
RATE_EXTRACTED_OBSERVATIONS-63,data/extraction/rate/RATE_EXTRACTED_OBSERVATIONS.csv,63,cf0dfa52-c9e6-4d7f-9ae1-5970162a807f,,,rate,Montastrea annularis,endpoint_percent_completely_recovered,transplanted AB to DPP series T,63,percent lesions completely recovered,,,not_reported,,25,,Figure 2,3,,extracted_needs_independent_qc,End-of-experiment percentage of lesions completely recovered; transplant series measured 12 weeks.
RATE_EXTRACTED_OBSERVATIONS-64,data/extraction/rate/RATE_EXTRACTED_OBSERVATIONS.csv,64,cf0dfa52-c9e6-4d7f-9ae1-5970162a807f,,,rate,Montastrea annularis,endpoint_percent_completely_recovered,Awa Blancu control series AB,8,percent lesions completely recovered,,,not_reported,,25,,Figure 2,3,,extracted_needs_independent_qc,End-of-experiment percentage of lesions completely recovered; AB measured 14 weeks.
